Rxn	Genes
r_0001	['YEL071W', 'YEL039C', 'YJR048W', 'YDL174C']
r_0002	['YDL178W', 'YEL039C', 'YJR048W']
r_0003	['YAL060W']
r_0004	['YML054C', 'YEL039C', 'YJR048W']
r_0005	['YLR342W', 'YGR032W']
r_0006	['YGR143W', 'YPR159W']
r_0007	['YIL020C']
r_0012	['YHR037W']
r_0013	['YMR009W', 'YEL038W']
r_0014	['YOL066C']
r_0015	['YBR153W']
r_0016	['YCL009C', 'YMR108W']
r_0017	['YNL256W']
r_0018	['YJL060W', 'YGL202W', 'YER152C']
r_0019	['YHR063C']
r_0020	['YDR035W']
r_0021	['YGL119W', 'YLR201C', 'YDR204W', 'YGR255C', 'YOL096C', 'YML110C', 'YOR125C']
r_0022	['YGL119W', 'YLR201C', 'YDR204W', 'YGR255C', 'YOL096C', 'YML110C', 'YOR125C']
r_0023	['YGL009C']
r_0024	['YNL104C', 'YOR108W']
r_0025	['YNL104C']
r_0026	[]
r_0027	['YDR234W']
r_0028	['YPR001W']
r_0029	['YJR148W']
r_0030	['YHR208W']
r_0032	['YOL064C']
r_0033	['YGL248W', 'YOR360C']
r_0034	['YOR360C']
r_0035	['YOR360C']
r_0036	['YOR360C']
r_0037	['YOR360C']
r_0038	['YDR487C']
r_0039	['YDR127W']
r_0040	['YDR127W']
r_0041	['YBR265W']
r_0042	['YBR249C', 'YDR035W']
r_0043	[]
r_0044	[]
r_0045	['YLR231C']
r_0057	['YKR009C']
r_0058	['YJR025C']
r_0059	['YER175C']
r_0060	['YGL009C']
r_0061	['YCL018W']
r_0062	['YLR044C', 'YGR087C', 'YLR134W']
r_0063	['YBR176W']
r_0064	['YDL080C', 'YGR087C', 'YLR134W', 'YLR044C']
r_0065	['YDR127W']
r_0066	['YNR033W']
r_0067	['YMR289W']
r_0068	['YGR019W']
r_0069	['YCR053W']
r_0070	[]
r_0072	['YDL080C']
r_0073	['YLR410W', 'YOR163W']
r_0074	['YDR017C']
r_0075	['YLR017W']
r_0076	['YER037W', 'YGL224C']
r_0077	['YOR155C']
r_0078	['YER037W', 'YGL224C']
r_0079	['YGR061C']
r_0080	['YPL023C', 'YGL125W']
r_0081	['YDR232W']
r_0082	['YOR163W']
r_0083	['YDR017C']
r_0084	['YER183C']
r_0085	['YER091C']
r_0086	[]
r_0087	[]
r_0088	['YLR410W']
r_0089	['YLR410W']
r_0090	['YOL136C', 'YIL107C']
r_0091	['YHR163W', 'YGR248W']
r_0092	['YLR410W', 'YOR163W']
r_0093	['YDR017C']
r_0094	[]
r_0095	['YLR044C', 'YGR087C', 'YLR134W']
r_0096	['YLR355C']
r_0097	['YCL009C', 'YMR108W']
r_0099	['YKL192C']
r_0100	['YIL160C']
r_0101	['YIL160C']
r_0102	['YIL160C']
r_0103	['YPL028W']
r_0104	['YPL028W']
r_0105	['YIL160C']
r_0106	['YIL160C']
r_0107	['YIL160C']
r_0108	['YMR207C']
r_0109	['YDL141W', 'YNR016C']
r_0111	['YBL015W']
r_0112	['YLR153C', 'YAL054C']
r_0113	['YAL054C']
r_0114	['YLR153C']
r_0115	['YER069W']
r_0116	['YBR093C', 'YAR071W']
r_0117	['YPR002W']
r_0118	['YOL140W']
r_0119	['YPL148C']
r_0120	['YGL205W']
r_0121	['YGL205W']
r_0122	['YGL205W']
r_0123	['YGL205W']
r_0124	['YGL205W']
r_0125	['YGL205W']
r_0126	['YCR048W']
r_0127	['YCR048W', 'YNR019W']
r_0128	['YCR048W']
r_0129	['YCR048W']
r_0130	['YCR048W']
r_0131	['YCR048W']
r_0132	['YCR048W', 'YNR019W']
r_0133	['YCR048W']
r_0134	['YCR048W']
r_0135	['YCR048W']
r_0137	['YJL091C']
r_0138	['YNL141W']
r_0139	['YML022W']
r_0140	['YNL141W']
r_0142	['YJR105W']
r_0143	['YML035C']
r_0144	['YER043C']
r_0145	['YOL052C']
r_0146	['YNR058W']
r_0147	['YJL005W']
r_0148	['YDR226W']
r_0149	['YER170W']
r_0150	['YER170W']
r_0151	['YLR359W']
r_0152	['YLR359W']
r_0153	['YNL220W']
r_0154	['YKL001C']
r_0155	['YGR247W']
r_0156	['YFL030W']
r_0157	['YOR335C']
r_0158	['YGR177C', 'YOR377W']
r_0159	['YGR177C', 'YOR377W']
r_0160	['YGR177C', 'YOR377W']
r_0161	['YGR177C', 'YOR377W']
r_0162	['YGR177C', 'YOR377W']
r_0163	['YMR303C']
r_0164	['YHR104W', 'YDR368W']
r_0165	['YMR083W', 'YGL256W']
r_0166	['YDL168W', 'YBR145W', 'YOL086C']
r_0167	['YMR083W', 'YGL256W']
r_0168	['YMR318C', 'YDR368W', 'YCR105W']
r_0169	['YDL168W', 'YBR145W', 'YOL086C']
r_0170	['YMR083W', 'YGL256W']
r_0171	['YMR318C', 'YCR105W']
r_0172	['YMR169C', 'YMR170C']
r_0173	['YPL061W']
r_0174	['YOR374W']
r_0175	['YOR374W', 'YER073W']
r_0176	['YOR374W']
r_0177	['YPL061W']
r_0178	['YOR374W', 'YER073W']
r_0179	['YDL168W', 'YBR145W', 'YOL086C']
r_0180	['YMR083W', 'YGL256W']
r_0181	['YMR318C', 'YCR105W']
r_0182	['YDL168W', 'YBR145W', 'YOL086C']
r_0183	['YMR083W', 'YGL256W']
r_0184	['YMR318C', 'YCR105W']
r_0185	['YMR169C', 'YMR170C']
r_0186	['YDL168W', 'YBR145W', 'YOL086C']
r_0187	['YMR083W', 'YGL256W']
r_0188	['YDR481C']
r_0189	['YIR029W']
r_0190	['YIR027C']
r_0191	['YBR208C']
r_0192	['YPL053C', 'YBR199W', 'YOR099W', 'YNL029C', 'YJL139C', 'YDR483W', 'YKR061W', 'YBR205W']
r_0193	['YPR026W']
r_0194	['YDR001C']
r_0195	['YDR074W', 'YBR126C', 'YMR261C', 'YML100W']
r_0198	['YIL172C', 'YBR299W', 'YGR287C', 'YJL221C', 'YGR292W', 'YJL216C']
r_0199	['YMR293C']
r_0200	[]
r_0201	['YOR374W']
r_0202	['YDR354W']
r_0203	['YER090W', 'YKL211C']
r_0204	['YDR305C']
r_0205	['YHR104W']
r_0206	['YPL111W']
r_0207	['YHR018C']
r_0208	['YOL058W']
r_0209	['YDR341C']
r_0210	['YHR091C']
r_0211	['YGR124W', 'YPR145W']
r_0212	['YHR019C']
r_0213	['YCR024C']
r_0214	['YJL130C']
r_0215	['YER052C']
r_0216	['YLR027C']
r_0217	['YKL106W']
r_0218	['YLR027C']
r_0219	['YDR158W']
r_0220	['YLL018C']
r_0221	['YPL104W']
r_0222	['YDR530C']
r_0223	['YCL050C']
r_0224	['YCL050C']
r_0225	['YER055C']
r_0226	['YBR039W', 'Q0080', 'YLR295C', 'Q0085', 'YBL099W', 'YDR298C', 'YKL016C', 'YDR322C-A', 'Q0130', 'YPL078C', 'YDR377W', 'YPR020W', 'YDL004W', 'YML081C-A', 'YJR121W', 'YPL271W']
r_0227	['YEL017C-A', 'YCR024C-A', 'YPL036W', 'YGL008C', 'YER005W']
r_0228	['YBR110W']
r_0229	['YGR286C']
r_0230	['YDL141W']
r_0231	['YNL280C']
r_0233	['YMR015C']
r_0234	['YGL001C']
r_0235	['YGL001C']
r_0236	['YLR100W']
r_0237	['YLR100W']
r_0238	['YGR060W']
r_0239	['YGR060W']
r_0240	['YGR060W']
r_0241	['YGR060W']
r_0242	['YLR056W']
r_0243	['YMR202W']
r_0244	['YGL012W']
r_0249	['YDL090C', 'YKL019W']
r_0250	['YOR303W', 'YJL130C', 'YJR109C']
r_0252	['YAR035W', 'YER024W']
r_0253	['YML042W']
r_0254	['YML042W']
r_0255	['YGR088W']
r_0256	['YDR256C']
r_0259	['YDR297W']
r_0260	['YMR272C']
r_0261	['YDR297W']
r_0262	['YMR272C']
r_0263	['YKL008C', 'YHL003C', 'YMR298W']
r_0264	['YKL008C', 'YHL003C', 'YMR298W']
r_0265	['YKL008C', 'YHL003C', 'YMR298W']
r_0266	['YKL008C', 'YHL003C', 'YMR298W']
r_0267	['YMR272C']
r_0268	['YMR272C']
r_0269	['YMR272C']
r_0270	['YMR272C']
r_0271	['YLR308W', 'YLR307W']
r_0272	['YBR038W', 'YBR023C', 'YNL192W']
r_0273	['YLR133W']
r_0274	['YGR202C']
r_0278	['YPR060C']
r_0279	['YGL148W']
r_0280	['YLR304C']
r_0281	['YMR101C', 'YBR002C']
r_0282	['YMR101C', 'YBR002C']
r_0283	['YMR101C', 'YBR002C']
r_0284	['YMR101C', 'YBR002C']
r_0285	['YMR101C', 'YBR002C']
r_0286	['YMR101C', 'YBR002C']
r_0287	['YMR101C', 'YBR002C']
r_0288	['YMR101C', 'YBR002C']
r_0289	['YMR101C', 'YBR002C']
r_0290	['YMR101C', 'YBR002C']
r_0291	['YMR101C', 'YBR002C']
r_0292	['YMR101C', 'YBR002C']
r_0293	['YMR101C', 'YBR002C']
r_0294	['YMR101C', 'YBR002C']
r_0295	['YMR101C', 'YBR002C']
r_0296	['YMR101C', 'YBR002C']
r_0297	['YMR101C', 'YBR002C']
r_0298	['YMR101C', 'YBR002C']
r_0299	['YMR101C', 'YBR002C']
r_0300	['YPR001W', 'YNR001C']
r_0301	['YCR005C']
r_0302	['YLR304C']
r_0303	['YLR304C']
r_0304	['YDR044W']
r_0306	['YBL039C', 'YJR103W']
r_0307	['YBL039C', 'YJR103W']
r_0308	['YGL184C']
r_0309	['YGR155W']
r_0310	['YAL012W']
r_0311	['YJR130C']
r_0312	['YLR303W']
r_0313	['YNL247W']
r_0314	['YLR245C']
r_0315	['YNR012W']
r_0317	['YHR042W', 'YHR007C']
r_0318	['YPR062W']
r_0319	['YML086C']
r_0320	['YMR041C']
r_0321	['YBR149W']
r_0322	['YKL060C']
r_0323	['YJR159W']
r_0326	['YHR144C']
r_0327	['YHR144C']
r_0328	['YNL141W']
r_0329	['YLR245C']
r_0330	['YDR454C']
r_0331	['YHR068W']
r_0332	['YCR036W']
r_0334	['YDR196C']
r_0335	['YNR057C']
r_0340	['YPL087W']
r_0341	['YPL087W']
r_0342	['YPL087W']
r_0343	['YPL087W']
r_0344	['YOR236W']
r_0345	['YOR236W']
r_0346	['YMR113W']
r_0347	['YNL256W']
r_0348	['YDL100C']
r_0349	['YLR420W']
r_0350	['YNL256W']
r_0351	['YNL256W']
r_0352	['YJR016C']
r_0353	['YJR016C']
r_0354	['YFL053W', 'YML070W']
r_0355	['YJL167W']
r_0356	['YKL152C']
r_0357	['YOR163W']
r_0358	['YDR017C']
r_0359	['YLR172C']
r_0360	['YMR013C']
r_0361	['YPR183W']
r_0362	['YJR143C', 'YDL093W', 'YAL023C', 'YDL095W', 'YOR321W']
r_0363	['YJR057W']
r_0364	['YBR252W']
r_0365	['YJR153W']
r_0366	['YHR174W', 'YGR254W']
r_0368	['YDR147W', 'YLR133W']
r_0369	['YOR126C']
r_0370	['YGR282C', 'YDR261C', 'YNR067C', 'YLR300W', 'YOR190W']
r_0373	['YPL069C']
r_0399	['YER015W']
r_0400	['YER015W']
r_0402	['YER015W']
r_0410	['YER015W']
r_0412	['YER015W']
r_0436	['YOR176W']
r_0437	['YKR066C', 'YEL039C', 'YJR048W']
r_0438	['YGL191W', 'YDL067C', 'YNL052W', 'YHR051W', 'Q0250', 'YIL111W', 'YJR048W', 'YGL187C', 'Q0045', 'YLR038C', 'YLR395C', 'YMR256C', 'Q0275', 'YEL039C']
r_0439	['YFR033C', 'YGR183C', 'YPR191W', 'Q0105', 'YJR048W', 'YOR065W', 'YDR529C', 'YHR001W-A', 'YJL166W', 'YBL045C', 'YEL024W', 'YEL039C']
r_0440	['YDL045C']
r_0441	['YLR011W']
r_0442	['YLR011W']
r_0443	['YDL168W']
r_0445	['YOR388C']
r_0446	['YGR204W']
r_0447	['YBR084W']
r_0448	['YJL155C']
r_0449	['YLR377C']
r_0450	['YKL060C']
r_0451	['YPL262W']
r_0452	['YPL262W']
r_0453	['YKL216W']
r_0454	['YEL047C']
r_0455	['YEL047C']
r_0457	['YLR299W']
r_0458	['YBR020W']
r_0459	['YBR018C']
r_0460	['YJL101C']
r_0461	[]
r_0462	['YJL167W']
r_0463	['YPR184W']
r_0464	['YIL099W']
r_0465	[]
r_0466	['YNL241C']
r_0467	['YBR196C']
r_0468	['YDR300C']
r_0469	['YMR250W']
r_0470	['YDL215C']
r_0471	['YAL062W', 'YOR375C']
r_0472	['YDL171C']
r_0473	['YOR323C']
r_0475	[]
r_0476	['YPR035W']
r_0477	['YKL104C']
r_0478	['YOR168W']
r_0479	['YGL245W']
r_0480	['YOL033W']
r_0481	['YCL035C', 'YDR098C', 'YPL091W', 'YDR513W', 'YER174C']
r_0482	['YPL091W', 'YPL059W']
r_0483	['YCL035C', 'YIR037W', 'YDR513W', 'YKL026C', 'YBR244W']
r_0484	['YPL059W']
r_0485	['YOL049W']
r_0486	['YJL052W', 'YJR009C', 'YGR192C']
r_0487	['YOR120W']
r_0488	['YHL032C']
r_0489	['YER062C', 'YIL053W']
r_0490	['YIL155C']
r_0491	['YDL022W', 'YOL059W']
r_0492	['YOL059W']
r_0497	['YPL110C']
r_0499	['YDR408C']
r_0500	[]
r_0501	['YAL044C', 'YMR189W', 'YFL018C', 'YDR019C']
r_0502	['YLR058C']
r_0503	['YBR263W']
r_0504	['YAL044C', 'YMR189W', 'YFL018C', 'YDR019C']
r_0505	['YAL044C', 'YFL018C', 'YIL125W', 'YDR148C', 'YMR189W', 'YDR019C']
r_0506	['YAL044C', 'YMR189W', 'YFL018C', 'YDR019C']
r_0507	['YAL044C', 'YMR189W', 'YFL018C', 'YDR019C']
r_0508	['YAL044C', 'YMR189W', 'YFL018C', 'YDR019C']
r_0509	['YAL044C', 'YMR189W', 'YFL018C', 'YDR019C']
r_0510	['YLR258W', 'YFR015C', 'YJL137C', 'YKR058W']
r_0511	['YPR160W']
r_0512	['YBR121C', 'YPR081C']
r_0514	['YMR217W']
r_0518	['YMR281W']
r_0519	['YJR013W', 'YCL052C']
r_0520	['YKL165C']
r_0521	['YBR004C']
r_0522	['YGL142C']
r_0523	['YLL031C', 'YDR302W']
r_0524	['YGR267C']
r_0525	['YBL033C']
r_0526	['YDL238C']
r_0527	['YDR399W']
r_0528	['YDR454C']
r_0529	['YDR454C']
r_0530	['YDR376W', 'YPL252C']
r_0531	['YPL172C']
r_0532	['YGL119W', 'YLR201C', 'YDR204W', 'YGR255C', 'YOL096C', 'YML110C', 'YOR125C']
r_0533	['YGL253W', 'YFR053C']
r_0534	['YCL040W', 'YGL253W', 'YFR053C']
r_0535	['YGL253W', 'YFR053C']
r_0536	['YCL030C']
r_0537	['YFR025C']
r_0538	['YIL116W']
r_0539	['YPR033C']
r_0540	['YPR033C']
r_0541	['YBR034C']
r_0542	['YDR234W']
r_0543	['YDL182W', 'YDL131W']
r_0544	['YLL062C', 'YPL273W']
r_0545	['YIL094C']
r_0546	['YJR139C']
r_0547	['YJR139C']
r_0548	['YHR025W']
r_0549	['YNL277W']
r_0550	['YLR043C', 'YDR453C', 'YGR209C']
r_0551	['YBL064C', 'YCR083W']
r_0552	['YLR043C', 'YLR109W', 'YGR209C']
r_0553	['YDR272W']
r_0554	['YOR040W']
r_0555	['YNR041C']
r_0556	['YPL214C']
r_0557	['YDL205C']
r_0558	['YLR450W', 'YML075C']
r_0559	['YML126C']
r_0560	['YML126C']
r_0561	['YOL055C', 'YPL258C', 'YPR121W']
r_0562	['YDR399W']
r_0563	['YBR248C']
r_0564	['YOR202W']
r_0565	['YLR432W', 'YML056C', 'YHR216W']
r_0566	['YKL211C']
r_0567	['YLR044C', 'YGR087C', 'YLR134W']
r_0568	['YBR011C']
r_0569	['YMR267W']
r_0570	['YMR120C', 'YLR028C']
r_0571	['YDR315C']
r_0572	['YDR173C']
r_0573	['YDR173C']
r_0574	['YDR173C']
r_0575	['YDR173C']
r_0596	['YER019W']
r_0597	['YER019W']
r_0598	['YER019W']
r_0599	['YER019W']
r_0600	['YER019W']
r_0601	['YER019W']
r_0602	['YER019W']
r_0603	['YER019W']
r_0604	['YER019W']
r_0605	['YER019W']
r_0606	['YER019W']
r_0607	['YER019W']
r_0608	['YER019W']
r_0609	['YER019W']
r_0610	['YER019W']
r_0611	['YER019W']
r_0612	['YER019W']
r_0613	['YER019W']
r_0614	['YER019W']
r_0615	['YER019W']
r_0616	['YER019W']
r_0617	['YER019W']
r_0618	['YER019W']
r_0619	['YER019W']
r_0620	['YER019W']
r_0621	['YER019W']
r_0622	['YER019W']
r_0623	['YER019W']
r_0624	['YER019W']
r_0625	['YER019W']
r_0626	['YER019W']
r_0627	['YER019W']
r_0628	['YER019W']
r_0629	['YER019W']
r_0630	['YER019W']
r_0631	['YER019W']
r_0632	['YER019W']
r_0633	['YER019W']
r_0634	['YER019W']
r_0635	['YER019W']
r_0636	['YER019W']
r_0637	['YER019W']
r_0638	['YER019W']
r_0639	['YER019W']
r_0640	['YER019W']
r_0641	['YER019W']
r_0642	['YER019W']
r_0643	['YER019W']
r_0644	['YER019W']
r_0645	['YER019W']
r_0646	['YER019W']
r_0647	['YER019W']
r_0648	['YER019W']
r_0649	['YER019W']
r_0650	['YER019W']
r_0651	['YER019W']
r_0652	['YER019W']
r_0653	['YER019W']
r_0654	['YER019W']
r_0655	['YER019W']
r_0656	['YOR126C']
r_0657	['YOR126C']
r_0658	['YNL037C', 'YOR136W']
r_0659	['YLR174W']
r_0661	['YNL009W']
r_0662	['YER065C']
r_0663	['YJR148W']
r_0664	['YHR208W']
r_0665	['YBL076C']
r_0666	['YPL040C']
r_0667	['YPL117C']
r_0668	['YGR244C', 'YOR142W']
r_0669	['YLR355C']
r_0670	['YLR231C']
r_0671	['YBL098W']
r_0672	['YHR037W']
r_0673	['YHR037W']
r_0674	['YLR089C']
r_0675	['YEL046C']
r_0676	['YMR226C']
r_0678	['YGL154C', 'YBR115C']
r_0679	['YDR321W']
r_0680	['YLR160C', 'YLR155C', 'YLR157C', 'YLR158C']
r_0681	['YLR027C']
r_0682	['YKL106W']
r_0683	['YLR027C']
r_0687	['YER023W']
r_0688	['YOL151W', 'YHR104W']
r_0689	['YCL064C']
r_0690	['YMR226C']
r_0691	['YJR159W']
r_0692	['YCL064C']
r_0693	['YER086W']
r_0694	['YJR078W']
r_0695	['YDR403W']
r_0696	[]
r_0697	['YML004C']
r_0698	['YHR072W']
r_0699	['YJR148W']
r_0700	['YHR208W']
r_0701	['YPL160W']
r_0702	['YLR382C']
r_0703	['YNL045W']
r_0704	['YNL045W']
r_0705	['YNL045W']
r_0706	['YNL045W']
r_0707	['YNL045W']
r_0708	['YNL045W']
r_0711	['YDR037W']
r_0712	['YNL073W']
r_0713	['YKL085W']
r_0714	['YOL126C']
r_0715	['YDL078C']
r_0716	['YNL117W', 'YIR031C']
r_0717	['YNL117W']
r_0718	['YKL029C']
r_0719	['YKL029C']
r_0721	['YOR221C', 'YKL192C']
r_0722	['YDL055C']
r_0723	['YER003C']
r_0724	['YBR084W']
r_0725	['YGR204W']
r_0726	['YDR502C', 'YLR180W']
r_0727	['YER091C']
r_0728	['YBL013W']
r_0729	['YGR264C']
r_0730	['YGR171C']
r_0731	['YKR080W']
r_0732	['YGR204W']
r_0733	['YBR084W']
r_0734	['YPR006C']
r_0735	['YMR208W']
r_0736	['YMR208W']
r_0737	['YMR208W']
r_0738	['YMR208W']
r_0739	['YNR043W']
r_0747	['YPL057C', 'YBR161W', 'YBR036C']
r_0748	['YPL057C', 'YBR161W', 'YBR036C']
r_0749	['YPL057C', 'YBR161W', 'YBR036C']
r_0750	['YPL057C', 'YBR161W', 'YBR036C']
r_0751	['YPL057C', 'YBR161W', 'YBR036C']
r_0752	['YPL057C', 'YBR161W', 'YBR036C']
r_0753	['YPL057C', 'YBR161W', 'YBR036C']
r_0754	['YPL057C', 'YBR161W', 'YBR036C']
r_0755	['YPL057C', 'YBR161W', 'YBR036C']
r_0756	['YPL057C', 'YBR161W', 'YBR036C']
r_0757	['YHR046C', 'YDR287W']
r_0758	['YJL153C']
r_0759	['YER069W']
r_0760	['YFL017C']
r_0761	['YJL071W', 'YMR062C']
r_0762	['YDR428C']
r_0763	['YDR402C', 'YDR403W']
r_0764	['YGL067W']
r_0765	['YEL041W', 'YJR049C']
r_0766	['YEL041W', 'YPL188W', 'YJR049C']
r_0767	['YPL015C', 'YOL068C', 'YDL042C', 'YOR025W', 'YDR191W']
r_0768	['YHR074W']
r_0769	['YHR074W']
r_0770	['YDL085W', 'YMR145C']
r_0771	['YEL041W', 'YJR049C']
r_0772	['YEL041W', 'YPL188W', 'YJR049C']
r_0773	['YML120C']
r_0774	['YOR209C']
r_0775	['YOR209C']
r_0781	['YGL037C']
r_0782	['YLR285W']
r_0783	['YLR328W']
r_0784	['YGR010W', 'YLR328W']
r_0785	['YGR010W', 'YLR328W']
r_0786	['YFR047C']
r_0787	['YFR047C']
r_0788	['YER005W']
r_0789	['YER005W']
r_0790	['YER005W']
r_0791	['YEL042W']
r_0792	['YER005W']
r_0793	['YER005W']
r_0795	['YKL067W']
r_0796	['YKL067W']
r_0797	['YKL067W']
r_0798	['YKL067W']
r_0799	['YKL067W']
r_0800	['YKL067W']
r_0801	['YKL067W']
r_0802	['YKL067W']
r_0803	['YKL067W']
r_0804	['YER005W']
r_0805	['YER005W']
r_0806	['YER005W']
r_0807	['YER005W']
r_0810	['YEL042W']
r_0811	['YKL067W']
r_0812	['YLR303W']
r_0813	['YLR303W']
r_0815	['YAL012W']
r_0816	['YJL088W']
r_0817	['YKL184W']
r_0818	['YMR062C']
r_0819	['YLR438W']
r_0820	['YML106W', 'YMR271C']
r_0821	['YEL021W']
r_0831	['YIL125W', 'YDR148C', 'YFL018C']
r_0832	['YIL125W', 'YDR148C', 'YFL018C']
r_0841	['YGR277C']
r_0842	['YDR531W']
r_0843	['YIL145C']
r_0844	['YJR019C']
r_0845	['YJR019C']
r_0847	['YJR019C']
r_0848	['YJR019C']
r_0849	['YJR019C']
r_0850	['YJR019C']
r_0851	['YGL202W']
r_0852	['YLR060W', 'YFL022C']
r_0853	['YPR047W']
r_0854	['YDR380W']
r_0855	['YGL234W']
r_0882	['YEL058W']
r_0883	['YLR043C', 'YGR209C', 'YPR167C']
r_0884	['YKR097W']
r_0885	['YGR007W']
r_0886	['YMR205C', 'YGR240C']
r_0887	['YMR205C', 'YGR240C']
r_0888	['YKL127W', 'YMR105C']
r_0889	['YHR183W', 'YGR256W']
r_0890	['YEL058W']
r_0891	['YIL074C', 'YER081W']
r_0892	['YCR012W']
r_0893	['YKL152C']
r_0902	['YFL045C']
r_0903	['YOL055C', 'YPL258C', 'YPR121W']
r_0904	['YMR220W']
r_0905	['YIL083C']
r_0906	['YKL088W', 'YOR054C', 'YKR072C']
r_0907	['YKL127W', 'YMR105C', 'YMR278W']
r_0908	['YAR015W']
r_0909	['YCL030C']
r_0910	['YCL030C']
r_0911	['YOR128C']
r_0912	['YMR120C', 'YLR028C']
r_0913	['YDR007W']
r_0914	['YGL234W']
r_0915	['YMR300C']
r_0916	['YER099C', 'YOL061W', 'YKL181W', 'YBL068W', 'YHL011C']
r_0917	['YGR208W']
r_0918	['YOR184W']
r_0919	['YBR183W']
r_0920	['YDR402C']
r_0921	['YDR294C']
r_0922	['YDR297W']
r_0929	['YMR020W']
r_0935	['YGL040C']
r_0936	['YMR020W']
r_0937	['YMR020W']
r_0938	['YNL316C']
r_0939	['YBR166C']
r_0940	['YLR142W']
r_0941	['YHR020W']
r_0942	['YER014W']
r_0943	['YLR209C', 'YDR400W', 'YLR017W']
r_0949	['YLR209C']
r_0950	['YLR209C']
r_0951	['YLR209C']
r_0953	['YBR035C']
r_0954	['YBR035C']
r_0955	['YBR035C']
r_0956	['YBR035C']
r_0957	['YER023W']
r_0958	['YBR218C', 'YGL062W']
r_0959	['YLR044C', 'YGR087C', 'YLR134W']
r_0960	['YLR044C', 'YGR087C', 'YLR134W']
r_0961	['YER178W', 'YGR193C', 'YBR221C', 'YFL018C', 'YNL071W']
r_0962	['YOR347C', 'YAL038W']
r_0963	['YGL119W', 'YLR201C', 'YDR204W', 'YGR255C', 'YOL096C', 'YML110C', 'YOR125C']
r_0965	['YDR236C']
r_0966	['YDR236C']
r_0967	['YOL143C']
r_0968	['YBR256C']
r_0969	['YCR036W']
r_0970	['YGR209C']
r_0971	['YGR209C']
r_0972	['YGR209C']
r_0973	['YGR209C']
r_0974	['YER070W', 'YIL066C', 'YJL026W', 'YGR180C']
r_0975	['YER070W', 'YIL066C', 'YJL026W', 'YGR180C']
r_0976	['YER070W', 'YIL066C', 'YJL026W', 'YGR180C']
r_0977	['YER070W', 'YIL066C', 'YJL026W', 'YGR180C']
r_0978	['YER070W', 'YIL066C', 'YJL026W', 'YGR180C']
r_0979	['YER070W', 'YIL066C', 'YJL026W', 'YGR180C']
r_0982	['YOR095C']
r_0983	['YNL129W']
r_0984	['YJL121C']
r_0985	['YGL119W', 'YLR201C', 'YDR204W', 'YGR255C', 'YOL096C', 'YML110C', 'YOR125C']
r_0986	['YML008C']
r_0987	['YJL068C']
r_0988	['YIR034C']
r_0989	['YNR050C']
r_0990	['YKL060C']
r_0992	[]
r_0993	['YMR296C', 'YDR062W', 'YBR058C-A']
r_0995	['YDR023W', 'YHR011W']
r_0996	['YDR127W']
r_0997	['YDR127W']
r_0998	['YBR213W']
r_0999	['YBR213W']
r_1000	['YEL047C']
r_1001	['YPR069C']
r_1002	['YLR146C']
r_1003	['YDR294C']
r_1004	['YKR053C', 'YJL134W']
r_1005	['YKR053C', 'YJL134W']
r_1006	['YLR260W', 'YOR171C']
r_1007	['YLR260W', 'YOR171C']
r_1008	[]
r_1009	[]
r_1010	['YGR175C']
r_1011	['YGR175C']
r_1012	['YHR190W']
r_1021	['YKL148C', 'YLL041C', 'YDR178W', 'YJL045W', 'YKL141W']
r_1022	['YGR244C', 'YOR142W']
r_1023	['YBR006W']
r_1024	['YIL162W']
r_1025	['YJR010W']
r_1026	['YCL050C']
r_1027	['YFR030W', 'YJR137C']
r_1029	['YLL057C']
r_1030	['YAL044C', 'YMR189W', 'YFL018C', 'YDR019C']
r_1031	['YOR241W', 'YKL132C']
r_1032	['YBR092C']
r_1033	['YBR092C']
r_1034	['YOR143C']
r_1035	['YOR143C']
r_1036	['YPL214C']
r_1037	['YIL010W', 'YLR043C', 'YGR209C']
r_1038	['YLR043C', 'YDR353W', 'YGR209C']
r_1039	['YHR106W', 'YCR083W', 'YPL091W']
r_1040	['YEL046C']
r_1041	['YCR053W']
r_1042	['YIL078W']
r_1043	['YKL194C']
r_1045	['YOR074C']
r_1046	['YER175C']
r_1047	['YBR003W']
r_1048	['YLR354C']
r_1049	['YBR117C', 'YPR074C']
r_1050	['YBR117C', 'YPR074C']
r_1051	['YDR074W', 'YBR126C', 'YMR261C', 'YML100W']
r_1054	['YDR050C']
r_1055	['YGL026C']
r_1056	['YGL202W']
r_1057	['YOL097C']
r_1058	['YDR268W']
r_1063	['YGL202W']
r_1065	['YLR027C']
r_1066	['YGR185C']
r_1067	['YPL097W']
r_1068	['YLR189C']
r_1069	['YDL103C']
r_1070	['YBR019C']
r_1071	['YBR018C']
r_1072	['YKL024C']
r_1073	['YKL024C']
r_1074	['YHR128W']
r_1075	['YBR208C']
r_1076	['YIR032C']
r_1077	['YNR012W']
r_1078	['YNR012W']
r_1079	['YKL024C']
r_1080	['YKL024C']
r_1081	['YDR047W']
r_1082	['YKR069W']
r_1083	['YOR278W']
r_1084	['YKL035W']
r_1087	['YJR148W']
r_1088	['YHR208W']
r_1089	['YGR094W']
r_1090	['YGR094W']
r_1091	['YJR133W']
r_1092	['YLR070C']
r_1093	['YHR104W']
r_1094	['YGR194C']
r_1095	['YNL292W', 'YGL063W', 'YFL001W', 'YPL212C']
r_1619	['YER037W']
r_1838	['YDL182W', 'YDL131W']
r_2029	['YEL029C']
r_2112	['YJL060W']
r_2113	[]
r_2114	[]
r_2115	['YBR145W', 'YOL086C']
r_2116	['YMR170C']
r_2117	['YHR137W']
r_2118	['YHR137W']
r_2119	['YHR137W']
r_2126	['YKR043C']
r_2131	['YDL066W']
r_2140	['YPL231W', 'YKL182W']
r_2141	['YPL231W', 'YKL182W']
r_2142	['YKL192C', 'YER061C']
r_2143	['YKL192C', 'YER061C']
r_2144	['YKL192C', 'YER061C']
r_2145	['YKL055C']
r_2146	['YKL055C']
r_2147	['YKL055C']
r_2148	['YHR067W']
r_2149	['YHR067W']
r_2150	['YHR067W']
r_2151	['YBR026C']
r_2152	['YBR026C']
r_2153	['YBR026C']
r_2154	['YJL196C']
r_2155	['YJL196C']
r_2156	['YCR034W']
r_2157	['YLR372W', 'YCR034W']
r_2158	['YLR372W', 'YCR034W']
r_2159	['YLR372W', 'YCR034W']
r_2160	['YLR372W']
r_2161	['YBR159W']
r_2162	['YBR159W']
r_2163	['YBR159W']
r_2164	['YBR159W']
r_2165	['YBR159W']
r_2166	['YBR159W']
r_2167	['YBR159W']
r_2168	['YJL097W']
r_2169	['YJL097W']
r_2170	['YJL097W']
r_2171	['YJL097W']
r_2172	['YJL097W']
r_2173	['YJL097W']
r_2174	['YJL097W']
r_2175	['YDL015C']
r_2176	['YDL015C']
r_2177	['YDL015C']
r_2178	['YDL015C']
r_2179	['YDL015C']
r_2180	['YDL015C']
r_2181	['YDL015C']
r_2182	['YGL055W']
r_2183	['YGL055W']
r_2194	['YOR317W']
r_2195	['YMR246W', 'YOR317W']
r_2196	['YMR246W', 'YOR317W']
r_2197	['YMR246W', 'YOR317W']
r_2198	['YMR246W', 'YOR317W']
r_2199	['YMR246W', 'YOR317W']
r_2200	['YOR317W']
r_2201	['YMR246W', 'YOR317W']
r_2202	['YMR246W', 'YOR317W']
r_2203	['YMR246W', 'YOR317W']
r_2204	['YMR246W', 'YOR317W']
r_2205	['YMR246W', 'YOR317W']
r_2206	['YER015W']
r_2207	['YER015W']
r_2208	['YER015W']
r_2209	['YIL009W']
r_2210	['YIL009W']
r_2211	['YIL009W']
r_2212	['YIL009W']
r_2213	['YBR041W']
r_2214	['YBR041W']
r_2215	['YBR041W']
r_2216	['YBR041W']
r_2217	['YBR041W']
r_2218	['YBR041W']
r_2232	['YJR019C']
r_2233	['YJR019C']
r_2234	['YJR019C']
r_2235	['YJR019C']
r_2236	['YGL205W']
r_2237	['YGL205W']
r_2238	['YGL205W']
r_2239	['YGL205W']
r_2240	['YGL205W']
r_2241	['YGL205W']
r_2242	['YGL205W']
r_2243	['YGL205W']
r_2244	['YGL205W']
r_2245	['YGL205W']
r_2246	['YGL205W']
r_2247	['YGL205W']
r_2248	['YKR009C']
r_2249	['YKR009C']
r_2250	['YKR009C']
r_2251	['YKR009C']
r_2252	['YKR009C']
r_2253	['YKR009C']
r_2254	['YKR009C']
r_2255	['YKR009C']
r_2256	['YKR009C']
r_2257	['YKR009C']
r_2258	['YKR009C']
r_2259	['YKR009C']
r_2260	['YKR009C']
r_2261	['YKR009C']
r_2262	['YKR009C']
r_2263	['YKR009C']
r_2264	['YKR009C']
r_2265	['YKR009C']
r_2266	['YKR009C']
r_2267	['YKR009C']
r_2268	['YKR009C']
r_2269	['YKR009C']
r_2270	['YKR009C']
r_2271	['YKR009C']
r_2272	['YKR009C']
r_2273	['YKR009C']
r_2274	['YKR009C']
r_2275	['YKR009C']
r_2276	['YKR009C']
r_2277	['YKR009C']
r_2278	['YKR009C']
r_2279	['YKR009C']
r_2280	['YKR009C']
r_2281	['YKR009C']
r_2282	['YKR009C']
r_2283	['YIL160C']
r_2284	['YIL160C']
r_2285	['YIL160C']
r_2286	['YIL160C']
r_2287	['YIL160C']
r_2288	['YIL160C']
r_2289	['YIL160C']
r_2290	['YIL160C']
r_2291	['YIL160C']
r_2292	['YIL160C']
r_2293	['YIL160C']
r_2294	['YIL160C']
r_2295	['YLR284C']
r_2296	['YLR284C']
r_2297	['YLR284C']
r_2298	['YLR284C']
r_2299	['YLR284C']
r_2300	['YLR284C']
r_2301	['YOR180C']
r_2302	['YOR180C']
r_2303	['YNL202W']
r_2304	['YNL202W']
r_2305	['YLR304C']
r_2308	['YKR067W', 'YBL011W']
r_2309	['YKR067W', 'YBL011W']
r_2310	['YKR067W']
r_2311	['YKR067W']
r_2312	['YKR067W', 'YBL011W']
r_2313	['YKR067W', 'YBL011W']
r_2314	['YKR067W']
r_2315	['YKR067W']
r_2316	['YKR067W']
r_2317	['YKR067W']
r_2318	['YKR067W']
r_2319	['YKR067W']
r_2320	['YKR067W']
r_2321	['YKR067W']
r_2322	['YKR067W']
r_2323	['YKR067W']
r_2324	['YIL124W']
r_2325	['YIL124W']
r_2326	['YIL124W']
r_2327	['YIL124W']
r_2328	['YIL124W']
r_2329	['YIL124W']
r_2330	['YIL124W']
r_2331	['YIL124W']
r_2332	['YOR175C']
r_2333	['YDL052C', 'YOR175C']
r_2334	['YOR175C']
r_2335	['YDL052C', 'YOR175C']
r_2336	['YOR175C']
r_2337	['YDL052C', 'YOR175C']
r_2338	['YOR175C']
r_2339	['YDL052C', 'YOR175C']
r_2340	['YDL052C', 'YOR081C', 'YKR089C']
r_2341	['YDL052C', 'YOR081C', 'YKR089C']
r_2342	['YDL052C', 'YOR081C', 'YKR089C']
r_2343	['YDL052C', 'YOR081C', 'YKR089C']
r_2344	['YMR165C']
r_2345	['YMR165C']
r_2346	['YMR165C']
r_2347	['YMR165C']
r_2348	['YMR165C']
r_2349	['YMR165C']
r_2350	['YMR165C']
r_2351	['YMR165C']
r_2352	['YDR284C']
r_2353	['YDR284C']
r_2354	['YDR284C']
r_2355	['YDR284C']
r_2356	['YDR284C']
r_2357	['YDR284C']
r_2358	['YDR284C']
r_2359	['YDR284C']
r_2360	['YDR503C']
r_2361	['YDR503C']
r_2362	['YDR503C']
r_2363	['YDR503C']
r_2364	['YDR503C']
r_2365	['YDR503C']
r_2366	['YDR503C']
r_2367	['YDR503C']
r_2368	['YCR048W', 'YOR245C', 'YNR019W']
r_2369	['YCR048W', 'YOR245C', 'YNR019W']
r_2370	['YCR048W', 'YOR245C', 'YNR019W']
r_2371	['YCR048W', 'YOR245C', 'YNR019W']
r_2372	['YCR048W', 'YOR245C', 'YNR019W']
r_2373	['YCR048W', 'YOR245C', 'YNR019W']
r_2374	['YCR048W', 'YOR245C', 'YNR019W']
r_2375	['YCR048W', 'YOR245C', 'YNR019W']
r_2376	['YCR048W', 'YOR245C', 'YNR019W']
r_2377	['YCR048W', 'YOR245C', 'YNR019W']
r_2378	['YCR048W', 'YOR245C', 'YNR019W']
r_2379	['YCR048W', 'YOR245C', 'YNR019W']
r_2380	['YCR048W', 'YOR245C', 'YNR019W']
r_2381	['YCR048W', 'YOR245C', 'YNR019W']
r_2382	['YCR048W', 'YOR245C', 'YNR019W']
r_2383	['YCR048W', 'YOR245C', 'YNR019W']
r_2384	['YCR048W', 'YOR245C', 'YNR019W']
r_2385	['YCR048W', 'YOR245C', 'YNR019W']
r_2386	['YCR048W', 'YOR245C', 'YNR019W']
r_2387	['YCR048W', 'YOR245C', 'YNR019W']
r_2388	['YCR048W', 'YOR245C', 'YNR019W']
r_2389	['YCR048W', 'YOR245C', 'YNR019W']
r_2390	['YCR048W', 'YOR245C', 'YNR019W']
r_2391	['YCR048W', 'YOR245C', 'YNR019W']
r_2392	['YCR048W', 'YOR245C', 'YNR019W']
r_2393	['YCR048W', 'YOR245C', 'YNR019W']
r_2394	['YCR048W', 'YOR245C', 'YNR019W']
r_2395	['YCR048W', 'YOR245C', 'YNR019W']
r_2396	['YCR048W', 'YOR245C', 'YNR019W']
r_2397	['YCR048W', 'YOR245C', 'YNR019W']
r_2398	['YCR048W', 'YOR245C', 'YNR019W']
r_2399	['YCR048W', 'YOR245C', 'YNR019W']
r_2400	['YOR245C']
r_2401	['YOR245C']
r_2402	['YOR245C']
r_2403	['YOR245C']
r_2404	['YOR245C']
r_2405	['YOR245C']
r_2406	['YOR245C']
r_2407	['YOR245C']
r_2408	['YOR245C']
r_2409	['YOR245C']
r_2410	['YOR245C']
r_2411	['YOR245C']
r_2412	['YOR245C']
r_2413	['YOR245C']
r_2414	['YOR245C']
r_2415	['YOR245C']
r_2416	['YOR245C']
r_2417	['YOR245C']
r_2418	['YOR245C']
r_2419	['YOR245C']
r_2420	['YOR245C']
r_2421	['YOR245C']
r_2422	['YOR245C']
r_2423	['YOR245C']
r_2424	['YOR245C']
r_2425	['YOR245C']
r_2426	['YOR245C']
r_2427	['YOR245C']
r_2428	['YOR245C']
r_2429	['YOR245C']
r_2430	['YOR245C']
r_2431	['YOR245C']
r_2432	['YBR029C']
r_2433	['YBR029C']
r_2434	['YBR029C']
r_2435	['YBR029C']
r_2436	['YBR029C']
r_2437	['YBR029C']
r_2438	['YBR029C']
r_2439	['YBR029C']
r_2440	['YBR029C']
r_2441	['YBR029C']
r_2442	['YBR029C']
r_2443	['YBR029C']
r_2444	['YBR029C']
r_2445	['YBR029C']
r_2446	['YER026C']
r_2447	['YER026C']
r_2448	['YER026C']
r_2449	['YER026C']
r_2450	['YER026C']
r_2451	['YER026C']
r_2452	['YER026C']
r_2453	['YER026C']
r_2454	['YPR113W']
r_2455	['YPR113W']
r_2456	['YPR113W']
r_2457	['YPR113W']
r_2458	['YPR113W']
r_2459	['YPR113W']
r_2460	['YPR113W']
r_2461	['YPR113W']
r_2462	['YBR042C']
r_2463	['YBR042C']
r_2464	['YNL169C']
r_2465	['YNL169C']
r_2466	['YNL169C']
r_2467	['YNL169C']
r_2468	['YNL169C']
r_2469	['YNL169C']
r_2470	['YNL169C']
r_2471	['YNL169C']
r_2472	['YGR170W']
r_2473	['YGR170W']
r_2474	['YGR170W']
r_2475	['YGR170W']
r_2476	['YGR170W']
r_2477	['YGR170W']
r_2478	['YGR170W']
r_2479	['YGR170W']
r_2480	['YGR170W']
r_2481	['YGR170W']
r_2482	['YGR170W']
r_2483	['YGR170W']
r_2484	['YGR170W']
r_2485	['YGR170W']
r_2486	['YGR170W']
r_2487	['YGR170W']
r_2488	['YJR073C', 'YGR157W']
r_2489	['YJR073C', 'YGR157W']
r_2490	['YJR073C', 'YGR157W']
r_2491	['YJR073C', 'YGR157W']
r_2492	['YJR073C', 'YGR157W']
r_2493	['YJR073C', 'YGR157W']
r_2494	['YJR073C', 'YGR157W']
r_2495	['YJR073C', 'YGR157W']
r_2496	['YJR073C']
r_2497	['YJR073C']
r_2498	['YJR073C']
r_2499	['YJR073C']
r_2500	['YJR073C']
r_2501	['YJR073C']
r_2502	['YJR073C']
r_2503	['YJR073C']
r_2504	['YJR073C']
r_2505	['YJR073C']
r_2506	['YJR073C']
r_2507	['YJR073C']
r_2508	['YJR073C']
r_2509	['YJR073C']
r_2510	['YJR073C']
r_2511	['YJR073C']
r_2512	['YOR311C']
r_2513	['YOR311C']
r_2514	['YOR311C']
r_2515	['YOR311C']
r_2516	['YOR311C']
r_2517	['YOR311C']
r_2518	['YOR311C']
r_2519	['YOR311C']
r_2520	['YHR123W']
r_2521	['YHR123W']
r_2522	['YHR123W']
r_2523	['YHR123W']
r_2524	['YHR123W']
r_2525	['YHR123W']
r_2526	['YHR123W']
r_2527	['YHR123W']
r_2528	['YNL130C', 'YHR123W']
r_2529	['YNL130C', 'YHR123W']
r_2530	['YNL130C', 'YHR123W']
r_2531	['YNL130C', 'YHR123W']
r_2532	['YNL130C', 'YHR123W']
r_2533	['YNL130C', 'YHR123W']
r_2534	['YNL130C', 'YHR123W']
r_2535	['YNL130C', 'YHR123W']
r_2536	['YCL004W']
r_2537	['YCL004W']
r_2538	['YCL004W']
r_2539	['YCL004W']
r_2540	['YCL004W']
r_2541	['YCL004W']
r_2542	['YHR100C']
r_2543	['YHR100C']
r_2544	['YHR100C']
r_2545	['YHR100C']
r_2546	['YHR100C']
r_2547	['YHR100C']
r_2548	['YDL142C']
r_2549	['YDL142C']
r_2550	['YDL142C']
r_2551	['YDL142C']
r_2552	['YDL142C']
r_2553	['YDL142C']
r_2554	['YDL142C']
r_2555	['YDL142C']
r_2556	['YDL142C']
r_2557	['YDL142C']
r_2558	['YDL142C']
r_2559	['YDL142C']
r_2560	['YDL142C']
r_2561	['YDL142C']
r_2562	['YDL142C']
r_2563	['YDL142C']
r_2564	['YDL142C']
r_2565	['YDL142C']
r_2566	['YDL142C']
r_2567	['YDL142C']
r_2568	['YDL142C']
r_2569	['YDL142C']
r_2570	['YDL142C']
r_2571	['YDL142C']
r_2572	['YDL142C']
r_2573	['YDL142C']
r_2574	['YDL142C']
r_2575	['YDL142C']
r_2576	['YDL142C']
r_2577	['YDL142C']
r_2578	['YDL142C']
r_2579	['YDL142C']
r_2580	['YDL142C']
r_2581	['YDL142C']
r_2582	['YDL142C']
r_2583	['YDL142C']
r_2584	['YGR110W']
r_2585	['YGR110W']
r_2586	['YGR110W']
r_2587	['YGR110W']
r_2588	['YGR110W']
r_2589	['YGR110W']
r_2590	['YGR110W']
r_2591	['YGR110W']
r_2592	['YGR110W']
r_2593	['YGR110W']
r_2594	['YGR110W']
r_2595	['YGR110W']
r_2596	['YGR110W']
r_2597	['YGR110W']
r_2598	['YGR110W']
r_2599	['YGR110W']
r_2600	['YGR110W']
r_2601	['YGR110W']
r_2602	['YGR110W']
r_2603	['YGR110W']
r_2604	['YGR110W']
r_2605	['YGR110W']
r_2606	['YGR110W']
r_2607	['YGR110W']
r_2608	['YGR110W']
r_2609	['YGR110W']
r_2610	['YGR110W']
r_2611	['YGR110W']
r_2612	['YGR110W']
r_2613	['YGR110W']
r_2614	['YGR110W']
r_2615	['YGR110W']
r_2616	['YGR110W']
r_2617	['YGR110W']
r_2618	['YGR110W']
r_2619	['YGR110W']
r_2620	['YPR140W']
r_2621	['YPR140W']
r_2622	['YPR140W']
r_2623	['YPR140W']
r_2624	['YPR140W']
r_2625	['YPR140W']
r_2626	['YPR140W']
r_2627	['YPR140W']
r_2628	['YPR140W']
r_2629	['YPR140W']
r_2630	['YPR140W']
r_2631	['YPR140W']
r_2632	['YPR140W']
r_2633	['YPR140W']
r_2634	['YPR140W']
r_2635	['YPR140W']
r_2636	['YPR140W']
r_2637	['YPR140W']
r_2638	['YPR140W']
r_2639	['YPR140W']
r_2640	['YPR140W']
r_2641	['YPR140W']
r_2642	['YPR140W']
r_2643	['YPR140W']
r_2644	['YPR140W']
r_2645	['YPR140W']
r_2646	['YPR140W']
r_2647	['YPR140W']
r_2648	['YPR140W']
r_2649	['YPR140W']
r_2650	['YPR140W']
r_2651	['YPR140W']
r_2652	['YPR140W']
r_2653	['YPR140W']
r_2654	['YPR140W']
r_2655	['YPR140W']
r_2656	['YPR140W']
r_2657	['YPR140W']
r_2658	['YPR140W']
r_2659	['YPR140W']
r_2660	['YPR140W']
r_2661	['YPR140W']
r_2662	['YPR140W']
r_2663	['YPR140W']
r_2664	['YPR140W']
r_2665	['YPR140W']
r_2666	['YPR140W']
r_2667	['YPR140W']
r_2668	['YPR140W']
r_2669	['YPR140W']
r_2670	['YPR140W']
r_2671	['YPR140W']
r_2672	['YPR140W']
r_2673	['YPR140W']
r_2674	['YPR140W']
r_2675	['YPR140W']
r_2676	['YPR140W']
r_2677	['YPR140W']
r_2678	['YPR140W']
r_2679	['YPR140W']
r_2680	['YPR140W']
r_2681	['YPR140W']
r_2682	['YPR140W']
r_2683	['YPR140W']
r_2684	['YPR140W']
r_2685	['YPR140W']
r_2686	['YPR140W']
r_2687	['YPR140W']
r_2688	['YPR140W']
r_2689	['YPR140W']
r_2690	['YPR140W']
r_2691	['YPR140W']
r_2692	['YPR140W']
r_2693	['YPR140W']
r_2694	['YPR140W']
r_2695	['YPR140W']
r_2696	['YPR140W']
r_2697	['YPR140W']
r_2698	['YPR140W']
r_2699	['YPR140W']
r_2700	['YPR140W']
r_2701	['YPR140W']
r_2702	['YPR140W']
r_2703	['YPR140W']
r_2704	['YPR140W']
r_2705	['YPR140W']
r_2706	['YPR140W']
r_2707	['YPR140W']
r_2708	['YPR140W']
r_2709	['YPR140W']
r_2710	['YPR140W']
r_2711	['YPR140W']
r_2712	['YPR140W']
r_2713	['YPR140W']
r_2714	['YPR140W']
r_2715	['YPR140W']
r_2716	['YPR140W']
r_2717	['YPR140W']
r_2718	['YPR140W']
r_2719	['YPR140W']
r_2720	['YPR140W']
r_2721	['YPR140W']
r_2722	['YPR140W']
r_2723	['YPR140W']
r_2724	['YPR140W']
r_2725	['YPR140W']
r_2726	['YPR140W']
r_2727	['YPR140W']
r_2728	['YPR140W']
r_2729	['YPR140W']
r_2730	['YPR140W']
r_2731	['YPR140W']
r_2732	['YPR140W']
r_2733	['YPR140W']
r_2734	['YPR140W']
r_2735	['YPR140W']
r_2736	['YPR140W']
r_2737	['YPR140W']
r_2738	['YPR140W']
r_2739	['YPR140W']
r_2740	['YPR140W']
r_2741	['YPR140W']
r_2742	['YPR140W']
r_2743	['YPR140W']
r_2744	['YPR140W']
r_2745	['YPR140W']
r_2746	['YPR140W']
r_2747	['YPR140W']
r_2748	['YPR140W']
r_2749	['YPR140W']
r_2750	['YPR140W']
r_2751	['YPR140W']
r_2752	['YPR140W']
r_2753	['YPR140W']
r_2754	['YPR140W']
r_2755	['YPR140W']
r_2756	['YPR140W']
r_2757	['YPR140W']
r_2758	['YPR140W']
r_2759	['YPR140W']
r_2760	['YPR140W']
r_2761	['YPR140W']
r_2762	['YPR140W']
r_2763	['YPR140W']
r_2764	['YPR140W']
r_2765	['YPR140W']
r_2766	['YPR140W']
r_2767	['YPR140W']
r_2768	['YPR140W']
r_2769	['YPR140W']
r_2770	['YPR140W']
r_2771	['YPR140W']
r_2772	['YPR140W']
r_2773	['YPR140W']
r_2774	['YPR140W']
r_2775	['YPR140W']
r_2776	['YPR140W']
r_2777	['YPR140W']
r_2778	['YPR140W']
r_2779	['YPR140W']
r_2780	['YPR140W']
r_2781	['YPR140W']
r_2782	['YPR140W']
r_2783	['YPR140W']
r_2784	['YPR140W']
r_2785	['YPR140W']
r_2786	['YPR140W']
r_2787	['YPR140W']
r_2788	['YPR140W']
r_2789	['YPR140W']
r_2790	['YPR140W']
r_2791	['YPR140W']
r_2792	['YPR140W']
r_2793	['YPR140W']
r_2794	['YPR140W']
r_2795	['YPR140W']
r_2796	['YPR140W']
r_2797	['YPR140W']
r_2798	['YPR140W']
r_2799	['YPR140W']
r_2800	['YPR140W']
r_2801	['YPR140W']
r_2802	['YPR140W']
r_2803	['YPR140W']
r_2804	['YPR140W']
r_2805	['YPR140W']
r_2806	['YPR140W']
r_2807	['YPR140W']
r_2808	['YPR140W']
r_2809	['YPR140W']
r_2810	['YPR140W']
r_2811	['YPR140W']
r_2820	['YLR305C', 'YJL100W']
r_2821	['YLR305C', 'YJL100W']
r_2822	['YLR305C', 'YJL100W']
r_2823	['YLR305C', 'YJL100W']
r_2824	['YLR305C', 'YJL100W']
r_2825	['YLR305C', 'YJL100W']
r_2826	['YLR305C', 'YJL100W']
r_2827	['YLR305C', 'YJL100W']
r_2828	['YJL100W']
r_2829	['YJL100W']
r_2830	['YJL100W']
r_2831	['YJL100W']
r_2832	['YJL100W']
r_2833	['YJL100W']
r_2834	['YJL100W']
r_2835	['YJL100W']
r_2836	['YDR373W', 'YNL267W']
r_2837	['YDR373W', 'YNL267W']
r_2838	['YDR373W', 'YNL267W']
r_2839	['YDR373W', 'YNL267W']
r_2840	['YDR373W', 'YNL267W']
r_2841	['YDR373W', 'YNL267W']
r_2842	['YDR373W', 'YNL267W']
r_2843	['YDR373W', 'YNL267W']
r_2844	['YNL267W']
r_2845	['YNL267W']
r_2846	['YNL267W']
r_2847	['YNL267W']
r_2848	['YNL267W']
r_2849	['YNL267W']
r_2850	['YNL267W']
r_2851	['YNL267W']
r_2852	['YLR240W', 'YBR097W']
r_2853	['YLR240W', 'YBR097W']
r_2854	['YLR240W', 'YBR097W']
r_2855	['YLR240W', 'YBR097W']
r_2856	['YLR240W', 'YBR097W']
r_2857	['YLR240W', 'YBR097W']
r_2858	['YLR240W', 'YBR097W']
r_2859	['YLR240W', 'YBR097W']
r_2860	['YDR208W']
r_2861	['YDR208W']
r_2862	['YDR208W']
r_2863	['YDR208W']
r_2864	['YDR208W']
r_2865	['YDR208W']
r_2866	['YDR208W']
r_2867	['YDR208W']
r_2868	['YDR208W']
r_2869	['YDR208W']
r_2870	['YDR208W']
r_2871	['YDR208W']
r_2872	['YDR208W']
r_2873	['YDR208W']
r_2874	['YDR208W']
r_2875	['YDR208W']
r_2876	['YFR019W']
r_2877	['YFR019W']
r_2878	['YFR019W']
r_2879	['YFR019W']
r_2880	['YFR019W']
r_2881	['YFR019W']
r_2882	['YFR019W']
r_2883	['YFR019W']
r_2884	['YNR008W']
r_2885	['YNR008W']
r_2886	['YNR008W']
r_2887	['YNR008W']
r_2888	['YNR008W']
r_2889	['YNR008W']
r_2890	['YNR008W']
r_2891	['YNR008W']
r_2892	['YNR008W']
r_2893	['YNR008W']
r_2894	['YNR008W']
r_2895	['YNR008W']
r_2896	['YNR008W']
r_2897	['YNR008W']
r_2898	['YNR008W']
r_2899	['YNR008W']
r_2900	['YNR008W']
r_2901	['YNR008W']
r_2902	['YNR008W']
r_2903	['YNR008W']
r_2904	['YNR008W']
r_2905	['YNR008W']
r_2906	['YNR008W']
r_2907	['YNR008W']
r_2908	['YNR008W']
r_2909	['YNR008W']
r_2910	['YNR008W']
r_2911	['YNR008W']
r_2912	['YNR008W']
r_2913	['YNR008W']
r_2914	['YNR008W']
r_2915	['YNR008W']
r_2916	['YNR008W']
r_2917	['YNR008W']
r_2918	['YNR008W']
r_2919	['YNR008W']
r_2920	['YNR008W']
r_2921	['YNR008W']
r_2922	['YNR008W']
r_2923	['YNR008W']
r_2924	['YNR008W']
r_2925	['YNR008W']
r_2926	['YNR008W']
r_2927	['YNR008W']
r_2928	['YNR008W']
r_2929	['YNR008W']
r_2930	['YNR008W']
r_2931	['YNR008W']
r_2932	['YNR008W']
r_2933	['YNR008W']
r_2934	['YNR008W']
r_2935	['YNR008W']
r_2936	['YNR008W']
r_2937	['YNR008W']
r_2938	['YNR008W']
r_2939	['YNR008W']
r_2940	['YNR008W']
r_2941	['YNR008W']
r_2942	['YNR008W']
r_2943	['YNR008W']
r_2944	['YNR008W']
r_2945	['YNR008W']
r_2946	['YNR008W']
r_2947	['YNR008W']
r_2948	['YNR008W']
r_2949	['YNR008W']
r_2950	['YNR008W']
r_2951	['YNR008W']
r_2952	['YNR008W']
r_2953	['YNR008W']
r_2954	['YNR008W']
r_2955	['YNR008W']
r_2956	['YNR008W']
r_2957	['YNR008W']
r_2958	['YNR008W']
r_2959	['YNR008W']
r_2960	['YNR008W']
r_2961	['YNR008W']
r_2962	['YNR008W']
r_2963	['YNR008W']
r_2964	['YNR008W']
r_2965	['YNR008W']
r_2966	['YNR008W']
r_2967	['YNR008W']
r_2968	['YNR008W']
r_2969	['YNR008W']
r_2970	['YNR008W']
r_2971	['YNR008W']
r_2972	['YNR008W']
r_2973	['YNR008W']
r_2974	['YNR008W']
r_2975	['YNR008W']
r_2976	['YNR008W']
r_2977	['YNR008W']
r_2978	['YNR008W']
r_2979	['YNR008W']
r_2980	['YNR008W']
r_2981	['YNR008W']
r_2982	['YNR008W']
r_2983	['YNR008W']
r_2984	['YNR008W']
r_2985	['YNR008W']
r_2986	['YNR008W']
r_2987	['YNR008W']
r_2988	['YNR008W']
r_2989	['YNR008W']
r_2990	['YNR008W']
r_2991	['YNR008W']
r_2992	['YNR008W']
r_2993	['YNR008W']
r_2994	['YNR008W']
r_2995	['YNR008W']
r_2996	['YNR008W']
r_2997	['YNR008W']
r_2998	['YNR008W']
r_2999	['YNR008W']
r_3000	['YNR008W']
r_3001	['YNR008W']
r_3002	['YNR008W']
r_3003	['YNR008W']
r_3004	['YNR008W']
r_3005	['YNR008W']
r_3006	['YNR008W']
r_3007	['YNR008W']
r_3008	['YNR008W']
r_3009	['YNR008W']
r_3010	['YNR008W']
r_3011	['YNR008W']
r_3022	['YML059C']
r_3023	['YML059C']
r_3024	['YML059C']
r_3025	['YML059C']
r_3026	['YML059C']
r_3027	['YML059C']
r_3028	['YML059C']
r_3029	['YML059C']
r_3030	['YML059C']
r_3031	['YML059C']
r_3032	['YML059C']
r_3033	['YML059C']
r_3034	['YMR008C']
r_3035	['YMR008C']
r_3036	['YMR008C']
r_3037	['YMR008C']
r_3038	['YMR008C']
r_3039	['YMR008C']
r_3040	['YMR008C']
r_3041	['YMR008C']
r_3042	['YMR008C']
r_3043	['YMR008C']
r_3044	['YMR008C']
r_3045	['YMR008C']
r_3046	['YMR008C', 'YMR006C']
r_3047	['YMR008C', 'YMR006C']
r_3048	['YMR008C', 'YMR006C']
r_3049	['YMR008C', 'YMR006C']
r_3050	['YMR008C', 'YMR006C']
r_3051	['YMR008C', 'YMR006C']
r_3052	['YMR008C', 'YMR006C']
r_3053	['YMR008C', 'YMR006C']
r_3054	['YMR008C', 'YMR006C']
r_3055	['YMR008C', 'YMR006C']
r_3056	['YMR008C', 'YMR006C']
r_3057	['YMR008C', 'YMR006C']
r_3058	['YMR006C', 'YOL011W']
r_3059	['YMR006C', 'YOL011W']
r_3060	['YMR006C', 'YOL011W']
r_3061	['YMR006C', 'YOL011W']
r_3062	['YMR006C', 'YOL011W']
r_3063	['YMR006C', 'YOL011W']
r_3064	['YMR006C', 'YOL011W']
r_3065	['YMR006C', 'YOL011W']
r_3066	['YMR006C', 'YOL011W']
r_3067	['YMR006C', 'YOL011W']
r_3068	['YMR006C', 'YOL011W']
r_3069	['YMR006C', 'YOL011W']
r_3070	['YOL011W']
r_3071	['YOL011W']
r_3072	['YOL011W']
r_3073	['YOL011W']
r_3074	['YOL011W']
r_3075	['YOL011W']
r_3076	['YOL011W']
r_3077	['YOL011W']
r_3078	['YOL011W']
r_3079	['YOL011W']
r_3080	['YOL011W']
r_3081	['YOL011W']
r_3082	['YPL268W']
r_3083	['YPL268W']
r_3084	['YPL268W']
r_3085	['YPL268W']
r_3086	['YPL268W']
r_3087	['YPL268W']
r_3088	['YPL268W']
r_3089	['YPL268W']
r_3090	['YPL268W']
r_3091	['YPL268W']
r_3092	['YPL268W']
r_3093	['YPL268W']
r_3094	['YPL268W']
r_3095	['YPL268W']
r_3096	['YPL268W']
r_3097	['YPL268W']
r_3098	['YPL206C']
r_3099	['YPL206C']
r_3100	['YPL206C']
r_3101	['YPL206C']
r_3102	['YPL206C']
r_3103	['YPL206C']
r_3104	['YKR031C']
r_3105	['YKR031C']
r_3106	['YKR031C']
r_3107	['YKR031C']
r_3108	['YKR031C']
r_3109	['YKR031C']
r_3110	['YKR031C']
r_3111	['YKR031C']
r_3112	['YOR109W', 'YNL106C']
r_3113	['YOR109W', 'YNL106C']
r_3114	['YOR109W', 'YNL106C']
r_3115	['YOR109W', 'YNL106C']
r_3116	['YOR109W', 'YNL106C']
r_3117	['YOR109W', 'YNL106C']
r_3118	['YOR109W', 'YNL106C']
r_3119	['YOR109W', 'YNL106C']
r_3120	['YOR109W', 'YJR110W', 'YNL106C']
r_3121	['YOR109W', 'YJR110W', 'YNL106C']
r_3122	['YOR109W', 'YJR110W', 'YNL106C']
r_3123	['YOR109W', 'YJR110W', 'YNL106C']
r_3124	['YOR109W', 'YJR110W', 'YNL106C']
r_3125	['YOR109W', 'YJR110W', 'YNL106C']
r_3126	['YOR109W', 'YJR110W', 'YNL106C']
r_3127	['YOR109W', 'YJR110W', 'YNL106C']
r_3128	['YKL212W']
r_3129	['YKL212W']
r_3130	['YKL212W']
r_3131	['YKL212W']
r_3132	['YKL212W']
r_3133	['YKL212W']
r_3134	['YKL212W']
r_3135	['YKL212W']
r_3136	['YKL212W']
r_3137	['YKL212W']
r_3138	['YKL212W']
r_3139	['YKL212W']
r_3140	['YKL212W']
r_3141	['YKL212W']
r_3142	['YKL212W']
r_3143	['YKL212W']
r_3144	['YOR109W', 'YNL106C']
r_3145	['YOR109W', 'YNL106C']
r_3146	['YOR109W', 'YNL106C']
r_3147	['YOR109W', 'YNL106C']
r_3148	['YOR109W', 'YNL106C']
r_3149	['YOR109W', 'YNL106C']
r_3150	['YOR109W', 'YNL106C']
r_3151	['YOR109W', 'YNL106C']
r_3152	['YOR109W', 'YNL106C']
r_3153	['YOR109W', 'YNL106C']
r_3154	['YOR109W', 'YNL106C']
r_3155	['YOR109W', 'YNL106C']
r_3156	['YOR109W', 'YNL106C']
r_3157	['YOR109W', 'YNL106C']
r_3158	['YOR109W', 'YNL106C']
r_3159	['YOR109W', 'YNL106C']
r_3160	['YKL212W']
r_3161	['YKL212W']
r_3162	['YKL212W']
r_3163	['YKL212W']
r_3164	['YKL212W']
r_3165	['YKL212W']
r_3166	['YKL212W']
r_3167	['YKL212W']
r_3168	['YKL212W']
r_3169	['YKL212W']
r_3170	['YKL212W']
r_3171	['YKL212W']
r_3172	['YKL212W']
r_3173	['YKL212W']
r_3174	['YKL212W']
r_3175	['YKL212W']
r_3176	['YOR109W', 'YNL106C']
r_3177	['YOR109W', 'YNL106C']
r_3178	['YOR109W', 'YNL106C']
r_3179	['YOR109W', 'YNL106C']
r_3180	['YOR109W', 'YNL106C']
r_3181	['YOR109W', 'YNL106C']
r_3182	['YOR109W', 'YNL106C']
r_3183	['YOR109W', 'YNL106C']
r_3184	['YOR109W', 'YNL106C']
r_3185	['YOR109W', 'YNL106C']
r_3186	['YOR109W', 'YNL106C']
r_3187	['YOR109W', 'YNL106C']
r_3188	['YOR109W', 'YNL106C']
r_3189	['YOR109W', 'YNL106C']
r_3190	['YOR109W', 'YNL106C']
r_3191	['YOR109W', 'YNL106C']
r_3192	['YOR109W', 'YIL002C', 'YNL106C']
r_3193	['YOR109W', 'YIL002C', 'YNL106C']
r_3194	['YOR109W', 'YIL002C', 'YNL106C']
r_3195	['YOR109W', 'YIL002C', 'YNL106C']
r_3196	['YOR109W', 'YIL002C', 'YNL106C']
r_3197	['YOR109W', 'YIL002C', 'YNL106C']
r_3198	['YOR109W', 'YIL002C', 'YNL106C']
r_3199	['YOR109W', 'YIL002C', 'YNL106C']
r_3200	['YOR109W', 'YIL002C', 'YNL106C']
r_3201	['YOR109W', 'YIL002C', 'YNL106C']
r_3202	['YOR109W', 'YIL002C', 'YNL106C']
r_3203	['YOR109W', 'YIL002C', 'YNL106C']
r_3204	['YOR109W', 'YIL002C', 'YNL106C']
r_3205	['YOR109W', 'YIL002C', 'YNL106C']
r_3206	['YOR109W', 'YIL002C', 'YNL106C']
r_3207	['YOR109W', 'YIL002C', 'YNL106C']
r_3208	['YOL065C']
r_3209	['YOL065C']
r_3210	['YOL065C']
r_3211	['YOL065C']
r_3212	['YOL065C']
r_3213	['YOL065C']
r_3214	['YOL065C']
r_3215	['YOL065C']
r_3216	['YNL325C', 'YLR386W']
r_3217	['YNL325C', 'YLR386W']
r_3218	['YNL325C', 'YLR386W']
r_3219	['YNL325C', 'YLR386W']
r_3220	['YNL325C', 'YLR386W']
r_3221	['YNL325C', 'YLR386W']
r_3222	['YNL325C', 'YLR386W']
r_3223	['YNL325C', 'YLR386W']
r_3224	['YDR284C']
r_3225	['YDR284C']
r_3226	['YDR284C']
r_3227	['YDR284C']
r_3228	['YDR284C']
r_3229	['YDR284C']
r_3230	['YDR284C']
r_3231	['YDR284C']
r_3232	['YDR503C']
r_3233	['YDR503C']
r_3234	['YDR503C']
r_3235	['YDR503C']
r_3236	['YDR503C']
r_3237	['YDR503C']
r_3238	['YDR503C']
r_3239	['YDR503C']
r_3240	['YER037W']
r_3241	['YER037W']
r_3242	['YER037W']
r_3243	['YER037W']
r_3244	['YDR284C']
r_3245	['YDR284C']
r_3246	['YDR284C']
r_3247	['YDR284C']
r_3248	['YDR503C']
r_3249	['YDR503C']
r_3250	['YDR503C']
r_3251	['YDR503C']
r_3252	['YLL012W', 'YKL140W']
r_3253	['YLL012W', 'YKL140W']
r_3254	['YLL012W']
r_3255	['YLL012W']
r_3256	['YLL012W']
r_3257	['YLL012W']
r_3258	['YLL012W']
r_3259	['YLL012W']
r_3260	['YLL012W']
r_3261	['YLL012W']
r_3262	['YLR020C']
r_3263	['YLR020C']
r_3264	['YOR081C', 'YMR313C', 'YBR204C', 'YKR089C']
r_3265	['YOR081C', 'YMR313C', 'YBR204C', 'YKR089C']
r_3266	['YOR081C', 'YMR313C', 'YBR204C', 'YKR089C']
r_3267	['YOR081C', 'YMR313C', 'YBR204C', 'YKR089C']
r_3268	['YOR081C', 'YMR313C', 'YBR204C', 'YKR089C']
r_3269	['YOR081C', 'YMR313C', 'YBR204C', 'YKR089C']
r_3270	['YOR081C', 'YMR313C', 'YBR204C', 'YKR089C']
r_3271	['YOR081C', 'YMR313C', 'YBR204C', 'YKR089C']
r_3272	['YOR081C', 'YMR313C', 'YBR204C', 'YKR089C']
r_3273	['YOR081C', 'YMR313C', 'YBR204C', 'YKR089C']
r_3274	['YOR081C', 'YMR313C', 'YBR204C', 'YKR089C']
r_3275	['YOR081C', 'YMR313C', 'YBR204C', 'YKR089C']
r_3276	['YOR081C', 'YMR313C', 'YBR204C', 'YKR089C']
r_3277	['YOR081C', 'YMR313C', 'YBR204C', 'YKR089C']
r_3278	['YOR081C', 'YMR313C', 'YBR204C', 'YKR089C']
r_3279	['YOR081C', 'YMR313C', 'YBR204C', 'YKR089C']
r_3280	['YOR081C', 'YMR313C', 'YBR204C', 'YKR089C']
r_3281	['YOR081C', 'YMR313C', 'YBR204C', 'YKR089C']
r_3282	['YOR081C', 'YMR313C', 'YBR204C', 'YKR089C']
r_3283	['YOR081C', 'YMR313C', 'YBR204C', 'YKR089C']
r_3284	['YOR081C', 'YMR313C', 'YBR204C', 'YKR089C']
r_3285	['YOR081C', 'YMR313C', 'YBR204C', 'YKR089C']
r_3286	['YOR081C', 'YMR313C', 'YBR204C', 'YKR089C']
r_3287	['YOR081C', 'YMR313C', 'YBR204C', 'YKR089C']
r_3288	['YOR081C', 'YMR313C', 'YBR204C', 'YKR089C']
r_3289	['YOR081C', 'YMR313C', 'YBR204C', 'YKR089C']
r_3290	['YOR081C', 'YMR313C', 'YBR204C', 'YKR089C']
r_3291	['YOR081C', 'YMR313C', 'YBR204C', 'YKR089C']
r_3292	['YOR081C', 'YMR313C', 'YBR204C', 'YKR089C']
r_3293	['YOR081C', 'YMR313C', 'YBR204C', 'YKR089C']
r_3294	['YOR081C', 'YMR313C', 'YBR204C', 'YKR089C']
r_3295	['YOR081C', 'YMR313C', 'YBR204C', 'YKR089C']
r_3296	['YMR313C']
r_3297	['YMR313C']
r_3298	['YMR313C']
r_3299	['YMR313C']
r_3300	['YMR313C']
r_3301	['YMR313C']
r_3302	['YMR313C']
r_3303	['YMR313C']
r_3304	['YDR058C']
r_3305	['YDR058C']
r_3306	['YDR058C']
r_3307	['YDR058C']
r_3308	['YKL094W']
r_3309	['YKL094W']
r_3310	['YKL094W']
r_3311	['YKL094W']
r_3312	['YMR313C']
r_3313	['YMR313C']
r_3314	['YMR313C']
r_3315	['YMR313C']
r_3316	['YKR089C']
r_3317	['YKR089C']
r_3318	['YKR089C']
r_3319	['YKR089C']
r_3320	['YKR089C']
r_3321	['YKR089C']
r_3322	['YKR089C']
r_3323	['YKR089C']
r_3324	['YKR089C']
r_3325	['YKR089C']
r_3326	['YKR089C']
r_3327	['YKR089C']
r_3328	['YKR089C']
r_3329	['YKR089C']
r_3330	['YKR089C']
r_3331	['YKR089C']
r_4039	['YBL015W']
r_4042	['YIL020C']
r_4045	['YDR400W']
r_0964	['YDR135C']
r_1028	['YLL048C']
r_1085	['YMR054W', 'YOR332W', 'YHR039C-A', 'YKL080W', 'YHR026W', 'YBR127C', 'YGR020C', 'YLR447C', 'YEL051W', 'YPL234C', 'YDL185W', 'YPR036W', 'YEL027W']
r_1086	['YOR332W', 'YHR039C-A', 'YKL080W', 'YHR026W', 'YBR127C', 'YOR270C', 'YGR020C', 'YLR447C', 'YEL051W', 'YPL234C', 'YDL185W', 'YPR036W', 'YEL027W']
r_1096	[]
r_1097	[]
r_1098	[]
r_1099	['YOR222W', 'YPL134C']
r_1100	[]
r_1101	['YDL210W', 'YOR348C']
r_1102	['YDL210W']
r_1103	[]
r_1104	['YNR056C']
r_1106	['YCR010C']
r_1107	[]
r_1108	['YER056C', 'YER060W-A', 'YGL186C', 'YER060W']
r_1109	['YAL022C']
r_1110	['YBL030C', 'YBR085W', 'YMR056C']
r_1111	['YPR128C']
r_1112	['YMR241W']
r_1113	['YJR152W']
r_1114	['YIR028W']
r_1115	['YDR384C', 'YGR121C', 'YPR138C', 'YNL142W']
r_1116	['YPR128C']
r_1118	['YPR021C']
r_1119	['YGR065C']
r_1120	['YOR100C']
r_1121	[]
r_1122	[]
r_1123	[]
r_1124	[]
r_1125	['YGL077C']
r_1126	['YBR291C']
r_1127	['YBR291C']
r_1128	['YBR291C']
r_1129	['YHR002W']
r_1130	['YBR192W']
r_1131	['YBR192W']
r_1132	['YAL022C']
r_1133	['YER056C', 'YER060W-A', 'YGL186C', 'YER060W']
r_1134	['YDR345C', 'YMR011W', 'YJL214W', 'YEL069C', 'YHR094C', 'YJL219W', 'YDR342C', 'YNR072W', 'YFL011W', 'YJR158W', 'YHR096C', 'YHR092C', 'YOL156W', 'YDR343C', 'YDL245C']
r_1135	['YLR081W', 'YNL318C', 'YDR536W', 'YJL219W', 'YFL011W', 'YOL156W']
r_1136	['YKL217W']
r_1137	[]
r_1138	[]
r_1139	['YDR345C', 'YMR011W', 'YJL214W', 'YEL069C', 'YHR094C', 'YJL219W', 'YDR342C', 'YNR072W', 'YFL011W', 'YJR158W', 'YHR096C', 'YHR092C', 'YOL156W', 'YDR343C', 'YDL245C']
r_1146	['YOR011W', 'YIL013C']
r_1147	['YOR011W', 'YIL013C']
r_1148	['YOR011W', 'YIL013C']
r_1149	[]
r_1151	['YIL134W']
r_1161	['YOR011W', 'YIL013C']
r_1162	['YOR011W', 'YIL013C']
r_1164	[]
r_1165	['YGL225W']
r_1166	['YEL069C', 'YDL245C', 'YDR345C', 'YLR081W', 'YDR536W', 'YNR072W', 'YDR342C', 'YHR096C', 'YOL156W', 'YHR092C', 'YHR094C', 'YJL219W', 'YDR343C', 'YDL247W', 'YMR011W', 'YJL214W', 'YFL011W', 'YJR158W', 'YJR160C']
r_1167	['YJL212C']
r_1168	['YLL015W', 'YDR135C']
r_1169	['YCR098C']
r_1170	['YCR098C']
r_1171	['YDR536W', 'YGL084C', 'YPL189W']
r_1172	['YLL043W']
r_1173	['YPL265W', 'YOR348C', 'YKR039W', 'YCL025C', 'YOL020W']
r_1174	[]
r_1175	['YDL198C']
r_1176	['YER056C', 'YER060W-A', 'YGL186C', 'YER060W']
r_1177	['YOL103W', 'YDR497C']
r_1178	['YMR319C']
r_1179	[]
r_1180	[]
r_1181	[]
r_1182	[]
r_1183	['YPL265W', 'YOR348C', 'YBR068C', 'YDR046C', 'YKR039W', 'YCL025C', 'YOL020W']
r_1184	['YKR039W', 'YNL270C', 'YEL063C']
r_1185	['YBR293W']
r_1186	['YKR039W', 'YDR508C', 'YCL025C', 'YPL265W']
r_1187	['YJR001W']
r_1188	['YKL146W', 'YNL101W']
r_1189	['YER119C']
r_1190	['YKR039W', 'YFL055W', 'YPL265W']
r_1191	['YBR132C']
r_1192	['YBR068C', 'YDR046C', 'YKR039W', 'YCL025C', 'YDR508C', 'YOL020W', 'YBR069C']
r_1193	['YCR075C']
r_1194	['YPR021C']
r_1195	['YER119C']
r_1196	['YKR039W', 'YFL055W', 'YCL025C', 'YPL265W']
r_1197	['YJR001W']
r_1198	['YKL146W', 'YNL101W']
r_1199	['YKR039W', 'YDR508C', 'YCL025C', 'YPL265W']
r_1200	['YBR293W', 'YMR088C', 'YCL069W']
r_1201	['YKR039W', 'YBR069C', 'YGR191W']
r_1202	['YCL038C']
r_1203	['YJR001W']
r_1204	['YKL146W', 'YNL101W']
r_1205	['YBR068C', 'YDR046C', 'YKR039W', 'YCL025C', 'YBR069C']
r_1206	['YKL217W']
r_1207	['YKL217W']
r_1208	['YCL038C']
r_1209	['YJR001W']
r_1210	['YKL146W', 'YNL101W']
r_1211	['YBR068C', 'YDR046C', 'YKR039W', 'YCL025C', 'YDR508C', 'YBR069C']
r_1212	['YBR293W', 'YMR088C', 'YCL069W']
r_1213	['YKR039W', 'YNL268W']
r_1214	['YHL036W', 'YBR068C', 'YDR046C', 'YKR039W', 'YCL025C', 'YDR508C', 'YGR055W']
r_1215	['YBR068C', 'YDR046C', 'YKR039W', 'YCL025C', 'YOL020W']
r_1216	['YKR039W', 'YOR348C']
r_1217	['YPL265W', 'YKR039W', 'YCL025C', 'YFL055W', 'YDR508C']
r_1218	['YDR046C', 'YKR039W', 'YCL025C', 'YDR508C', 'YBR069C']
r_1219	['YBR068C', 'YDR046C', 'YKR039W', 'YOL020W', 'YBR069C']
r_1220	['YCL038C']
r_1221	['YBR293W', 'YJR001W']
r_1222	['YKL146W', 'YNL101W']
r_1223	['YBR068C', 'YDR046C', 'YKR039W', 'YCL025C', 'YOL020W', 'YBR069C']
r_1224	['YBR068C', 'YDR046C', 'YKR039W', 'YCL025C', 'YBR069C']
r_1225	['YOR011W', 'YIL013C']
r_1226	['YLR348C']
r_1227	['YGR289C', 'YDL247W', 'YJR160C', 'YBR298C']
r_1228	['YBR180W']
r_1229	['YEL006W', 'YIL006W']
r_1230	['YIL006W']
r_1231	['YIL006W']
r_1232	['YIL006W']
r_1235	['YGR260W']
r_1236	[]
r_1237	['YOR130C']
r_1238	['YKR039W', 'YEL063C']
r_1239	['YKL120W']
r_1241	['YCR028C']
r_1242	[]
r_1243	[]
r_1244	['YML123C', 'YBR296C', 'YCR037C', 'YJL198W', 'YNR013C']
r_1245	['YJR077C', 'YER053C']
r_1249	['YJL129C']
r_1250	['YKL174C']
r_1251	['YLL028W', 'YOR273C']
r_1252	['YLL028W', 'YOR273C']
r_1253	['YGL186C']
r_1254	['YKL217W']
r_1255	['YPL274W']
r_1256	['YNL003C']
r_1257	['YLL061W']
r_1258	['YLR138W']
r_1259	['YKL174C']
r_1260	['YLL028W', 'YPL274W', 'YKR039W', 'YOR273C', 'YHL016C', 'YBR132C']
r_1261	['YLL028W', 'YOR273C']
r_1262	['YGR138C', 'YPR156C', 'YLL028W', 'YOR273C']
r_1263	['YGR138C', 'YPR156C', 'YLL028W', 'YOR273C']
r_1264	['YLR348C']
r_1265	['YJR095W']
r_1266	['YBR294W', 'YLR092W']
r_1267	['YPL092W']
r_1268	[]
r_1269	['YGR096W']
r_1270	['YLR237W', 'YOR192C', 'YOR071C']
r_1271	['YPL244C']
r_1272	['YBR021W']
r_1273	['YHL016C']
r_1274	['YBL042C']
r_1275	['YBR192W']
r_1276	['YBR192W']
r_1277	['YLL052C', 'YPR192W']
r_1278	['YOR011W', 'YIL013C']
r_1657	[]
r_2034	['YHR162W', 'YGL080W', 'YGR243W']
r_2079	['YGR289C']
r_2132	['YOR222W', 'YPL134C']
r_2219	['YPL147W', 'YKL188C']
r_2220	['YPL147W', 'YKL188C']
r_2221	['YPL147W', 'YKL188C']
r_2222	['YPL147W', 'YKL188C']
r_2223	['YPL147W', 'YKL188C']
r_2224	['YPL147W', 'YKL188C']
r_2225	['YPL147W', 'YKL188C']
r_2226	['YPL147W', 'YKL188C']
r_2227	['YPL147W', 'YKL188C']
r_2228	['YPL147W', 'YKL188C']
r_3348	['YDR072C']
r_3349	['YDR072C']
r_3350	['YDR072C']
r_3351	['YDR072C']
r_3352	['YDR072C']
r_3353	['YDR072C']
r_3354	['YDR072C']
r_3355	['YDR072C']
r_3356	['YDR072C']
r_3357	['YDR072C']
r_3358	['YDR072C']
r_3359	['YDR072C']
r_3360	['YDR072C']
r_3361	['YDR072C']
r_3362	['YDR072C']
r_3363	['YDR072C']
r_3364	['YDR072C']
r_3365	['YDR072C']
r_3366	['YDR072C']
r_3367	['YDR072C']
r_3368	['YDR072C']
r_3369	['YDR072C']
r_3370	['YDR072C']
r_3371	['YDR072C']
r_3372	['YDR072C']
r_3373	['YDR072C']
r_3374	['YDR072C']
r_3375	['YDR072C']
r_3376	['YDR072C']
r_3377	['YDR072C']
r_3378	['YDR072C']
r_3379	['YDR072C']
r_3380	['YDR072C']
r_3381	['YDR072C']
r_3382	['YDR072C']
r_3383	['YDR072C']
r_3384	['YDR072C']
r_3385	['YDR072C']
r_3386	['YDR072C']
r_3387	['YDR072C']
r_3388	['YDR072C']
r_3389	['YDR072C']
r_3390	['YDR072C']
r_3391	['YDR072C']
r_3392	['YDR072C']
r_3393	['YDR072C']
r_3394	['YDR072C']
r_3395	['YDR072C']
r_3396	['YDR072C']
r_3397	['YDR072C']
r_3398	['YDR072C']
r_3399	['YDR072C']
r_3400	['YDR072C']
r_3401	['YDR072C']
r_3402	['YDR072C']
r_3403	['YDR072C']
r_3404	['YDR072C']
r_3405	['YDR072C']
r_3406	['YDR072C']
r_3407	['YDR072C']
r_3408	['YDR072C']
r_3409	['YDR072C']
r_3410	['YDR072C']
r_3411	['YDR072C']
r_3412	['YDR072C']
r_3413	['YDR072C']
r_3414	['YDR072C']
r_3415	['YDR072C']
r_3416	['YDR072C']
r_3417	['YDR072C']
r_3418	['YDR072C']
r_3419	['YDR072C']
r_3420	['YDR072C']
r_3421	['YDR072C']
r_3422	['YDR072C']
r_3423	['YDR072C']
r_3424	['YDR072C']
r_3425	['YDR072C']
r_3426	['YDR072C']
r_3427	['YDR072C']
r_3428	['YKL004W', 'YDR367W']
r_3429	['YKL004W', 'YDR367W']
r_3430	['YKL004W', 'YDR367W']
r_3431	['YKL004W', 'YDR367W']
r_3432	['YKL004W', 'YDR367W']
r_3433	['YKL004W', 'YDR367W']
r_3434	['YKL004W', 'YDR367W']
r_3435	['YKL004W', 'YDR367W']
r_3436	['YKL004W', 'YDR367W']
r_3437	['YKL004W', 'YDR367W']
r_3438	['YKL004W', 'YDR367W']
r_3439	['YKL004W', 'YDR367W']
r_3440	['YKL004W', 'YDR367W']
r_3441	['YKL004W', 'YDR367W']
r_3442	['YKL004W', 'YDR367W']
r_3443	['YKL004W', 'YDR367W']
r_3444	['YKL004W', 'YDR367W']
r_3445	['YKL004W', 'YDR367W']
r_3446	['YKL004W', 'YDR367W']
r_3447	['YKL004W', 'YDR367W']
r_3448	['YKL004W', 'YDR367W']
r_3449	['YKL004W', 'YDR367W']
r_3450	['YKL004W', 'YDR367W']
r_3451	['YKL004W', 'YDR367W']
r_3452	['YKL004W', 'YDR367W']
r_3453	['YKL004W', 'YDR367W']
r_3454	['YKL004W', 'YDR367W']
r_3455	['YKL004W', 'YDR367W']
r_3456	['YKL004W', 'YDR367W']
r_3457	['YKL004W', 'YDR367W']
r_3458	['YKL004W', 'YDR367W']
r_3459	['YKL004W', 'YDR367W']
r_3460	['YKL004W', 'YDR367W']
r_3461	['YKL004W', 'YDR367W']
r_3462	['YKL004W', 'YDR367W']
r_3463	['YKL004W', 'YDR367W']
r_3464	['YKL004W', 'YDR367W']
r_3465	['YKL004W', 'YDR367W']
r_3466	['YKL004W', 'YDR367W']
r_3467	['YKL004W', 'YDR367W']
r_3468	['YKL004W', 'YDR367W']
r_3469	['YKL004W', 'YDR367W']
r_3470	['YKL004W', 'YDR367W']
r_3471	['YKL004W', 'YDR367W']
r_3472	['YKL004W', 'YDR367W']
r_3473	['YKL004W', 'YDR367W']
r_3474	['YKL004W', 'YDR367W']
r_3475	['YKL004W', 'YDR367W']
r_3476	['YKL004W', 'YDR367W']
r_3477	['YKL004W', 'YDR367W']
r_3478	['YKL004W', 'YDR367W']
r_3479	['YKL004W', 'YDR367W']
r_3480	['YKL004W', 'YDR367W']
r_3481	['YKL004W', 'YDR367W']
r_3482	['YKL004W', 'YDR367W']
r_3483	['YKL004W', 'YDR367W']
r_3484	['YKL004W', 'YDR367W']
r_3485	['YKL004W', 'YDR367W']
r_3486	['YKL004W', 'YDR367W']
r_3487	['YKL004W', 'YDR367W']
r_3488	['YKL004W', 'YDR367W']
r_3489	['YKL004W', 'YDR367W']
r_3490	['YKL004W', 'YDR367W']
r_3491	['YKL004W', 'YDR367W']
r_3492	['YKL004W', 'YDR367W']
r_3493	['YKL004W', 'YDR367W']
r_3494	['YKL004W', 'YDR367W']
r_3495	['YKL004W', 'YDR367W']
r_3496	['YKL004W', 'YDR367W']
r_3497	['YKL004W', 'YDR367W']
r_3498	['YKL004W', 'YDR367W']
r_3499	['YKL004W', 'YDR367W']
r_3500	['YKL004W', 'YDR367W']
r_3501	['YKL004W', 'YDR367W']
r_3502	['YKL004W', 'YDR367W']
r_3503	['YKL004W', 'YDR367W']
r_3504	['YKL004W', 'YDR367W']
r_3505	['YKL004W', 'YDR367W']
r_3506	['YKL004W', 'YDR367W']
r_3507	['YKL004W', 'YDR367W']
r_1357	[]
r_1358	[]
r_1359	[]
r_1360	[]
r_1361	[]
r_1362	[]
r_1363	[]
r_1364	[]
r_1365	[]
r_1366	[]
r_1367	[]
r_1368	[]
r_1369	[]
r_1370	[]
r_1371	[]
r_1449	[]
r_1450	[]
r_1451	[]
r_1452	[]
r_1453	[]
r_1454	[]
r_1455	[]
r_1456	[]
r_1457	[]
r_1458	[]
r_1459	[]
r_1460	[]
r_1461	[]
r_1462	[]
r_1463	[]
r_1464	[]
r_1465	[]
r_1466	[]
r_1467	[]
r_1468	[]
r_1469	[]
r_1470	[]
r_1471	[]
r_1472	[]
r_1473	[]
r_1474	[]
r_1475	[]
r_1476	[]
r_1477	[]
r_1478	[]
r_1479	[]
r_1480	[]
r_1481	[]
r_1482	[]
r_1483	[]
r_1484	[]
r_1485	[]
r_1486	[]
r_1487	[]
r_1488	[]
r_1489	[]
r_1490	[]
r_1491	[]
r_1492	[]
r_1493	[]
r_1494	[]
r_1495	[]
r_1496	[]
r_1497	[]
r_1498	[]
r_1499	[]
r_1500	[]
r_1501	[]
r_1502	[]
r_1503	[]
r_1504	[]
r_1505	[]
r_1506	[]
r_1507	[]
r_1508	[]
r_1509	[]
r_1510	[]
r_1511	[]
r_1512	[]
r_1513	[]
r_1514	[]
r_1515	[]
r_1516	[]
r_1517	[]
r_1518	[]
r_1519	[]
r_1520	[]
r_1521	[]
r_1522	[]
r_1523	[]
r_1524	[]
r_1525	[]
r_1526	[]
r_1527	[]
r_1528	[]
r_1529	[]
r_1530	[]
r_1531	[]
r_1532	[]
r_1533	[]
r_1534	[]
r_1535	[]
r_1536	[]
r_1537	[]
r_1538	[]
r_3963	[]
r_3964	[]
r_3965	[]
r_3966	[]
r_3967	[]
r_3968	[]
r_3969	[]
r_3970	[]
r_3971	[]
r_3972	[]
r_3974	[]
r_3975	[]
r_3976	[]
r_3977	[]
r_3978	[]
r_3979	[]
r_3980	[]
r_3981	[]
r_3982	[]
r_3983	[]
r_3984	[]
r_3985	[]
r_3986	[]
r_3988	[]
r_3989	[]
r_3990	[]
r_3991	[]
r_3992	[]
r_3993	[]
r_3994	[]
r_3995	[]
r_3997	[]
r_3998	[]
r_3999	[]
r_4000	[]
r_4001	[]
r_4002	[]
r_4003	[]
r_4004	[]
r_4006	[]
r_4007	[]
r_4008	[]
r_4009	[]
r_4010	[]
r_4011	[]
r_4012	[]
r_4013	[]
r_4014	[]
r_4015	[]
r_4016	[]
r_4017	[]
r_4018	[]
r_4019	[]
r_4020	[]
r_4021	[]
r_4022	[]
r_4023	[]
r_4024	[]
r_4025	[]
r_4026	[]
r_4027	[]
r_4028	[]
r_4029	[]
r_4030	[]
r_4031	[]
r_4032	[]
r_4033	[]
r_4034	[]
r_4035	[]
r_4036	[]
r_4037	[]
r_1542	[]
r_1543	[]
r_1545	[]
r_1546	[]
r_1547	[]
r_1548	[]
r_1549	[]
r_1550	[]
r_1551	[]
r_1552	[]
r_1553	[]
r_1554	[]
r_1560	[]
r_1562	[]
r_1563	[]
r_1564	[]
r_1565	[]
r_1566	[]
r_1567	[]
r_1568	[]
r_1572	[]
r_1573	[]
r_1574	[]
r_1575	[]
r_1576	[]
r_1577	[]
r_1578	[]
r_1579	[]
r_1580	[]
r_1581	[]
r_1582	[]
r_1583	[]
r_1585	[]
r_1586	[]
r_1587	[]
r_1588	[]
r_1589	[]
r_1590	[]
r_1591	[]
r_1595	[]
r_1596	[]
r_1597	[]
r_1598	[]
r_1599	[]
r_1600	[]
r_1601	[]
r_1603	[]
r_1604	[]
r_1605	[]
r_1606	[]
r_1607	[]
r_1608	[]
r_1609	[]
r_1610	[]
r_1611	[]
r_1613	[]
r_1614	[]
r_1615	[]
r_1616	[]
r_1617	[]
r_1618	[]
r_1620	[]
r_1621	[]
r_1622	[]
r_1623	[]
r_1624	[]
r_1625	[]
r_1627	[]
r_1628	[]
r_1629	[]
r_1630	[]
r_1631	[]
r_1632	[]
r_1633	[]
r_1634	[]
r_1635	[]
r_1637	[]
r_1638	[]
r_1639	[]
r_1640	[]
r_1641	[]
r_1642	[]
r_1643	[]
r_1644	[]
r_1645	[]
r_1647	[]
r_1648	[]
r_1649	[]
r_1650	[]
r_1651	[]
r_1652	[]
r_1654	[]
r_1656	[]
r_1658	[]
r_1659	[]
r_1660	[]
r_1661	[]
r_1663	[]
r_1664	[]
r_1665	[]
r_1667	[]
r_1668	[]
r_1669	[]
r_1671	[]
r_1672	[]
r_1673	[]
r_1674	[]
r_1675	[]
r_1676	[]
r_1677	[]
r_1678	[]
r_1679	[]
r_1680	[]
r_1681	[]
r_1682	[]
r_1683	[]
r_1684	[]
r_1685	[]
r_1686	[]
r_1687	[]
r_1688	[]
r_1689	[]
r_1690	[]
r_1691	[]
r_1694	[]
r_1695	[]
r_1696	[]
r_1697	[]
r_1698	[]
r_1699	[]
r_1700	[]
r_1701	[]
r_1702	[]
r_1703	[]
r_1704	[]
r_1705	[]
r_1706	[]
r_1707	[]
r_1708	[]
r_1709	[]
r_1710	[]
r_1711	[]
r_1712	[]
r_1713	[]
r_1714	[]
r_1715	[]
r_1716	[]
r_1717	[]
r_1718	[]
r_1719	[]
r_1720	[]
r_1721	[]
r_1722	[]
r_1723	[]
r_1724	[]
r_1725	[]
r_1726	[]
r_1727	[]
r_1728	[]
r_1729	[]
r_1730	[]
r_1731	[]
r_1732	[]
r_1733	[]
r_1734	[]
r_1735	[]
r_1736	[]
r_1737	[]
r_1738	[]
r_1739	[]
r_1743	[]
r_1744	[]
r_1745	[]
r_1746	[]
r_1747	[]
r_1748	[]
r_1749	[]
r_1750	[]
r_1751	[]
r_1752	[]
r_1753	[]
r_1754	[]
r_1757	[]
r_1758	[]
r_1759	[]
r_1760	[]
r_1761	[]
r_1762	[]
r_1763	[]
r_1764	[]
r_1765	[]
r_1766	[]
r_1770	[]
r_1771	[]
r_1772	[]
r_1774	[]
r_1775	[]
r_1776	[]
r_1777	[]
r_1788	[]
r_1790	[]
r_1791	[]
r_1792	[]
r_1793	[]
r_1794	[]
r_1795	[]
r_1796	[]
r_1797	[]
r_1798	[]
r_1800	[]
r_1801	[]
r_1802	[]
r_1803	[]
r_1805	[]
r_1806	[]
r_1807	[]
r_1808	[]
r_1809	[]
r_1810	[]
r_1811	[]
r_1812	[]
r_1813	[]
r_1814	[]
r_1815	[]
r_1816	[]
r_1817	[]
r_1818	[]
r_1819	[]
r_1820	[]
r_1821	[]
r_1822	[]
r_1823	[]
r_1824	[]
r_1825	[]
r_1826	[]
r_1827	[]
r_1829	[]
r_1830	[]
r_1831	[]
r_1832	[]
r_1833	[]
r_1834	[]
r_1835	[]
r_1836	[]
r_1837	[]
r_1839	[]
r_1840	[]
r_1841	[]
r_1842	[]
r_1843	[]
r_1844	[]
r_1845	[]
r_1846	[]
r_1847	[]
r_1848	[]
r_1849	[]
r_1850	[]
r_1851	[]
r_1852	[]
r_1853	[]
r_1854	[]
r_1855	[]
r_1856	[]
r_1857	[]
r_1858	[]
r_1859	[]
r_1860	[]
r_1861	[]
r_1862	[]
r_1863	[]
r_1864	[]
r_1865	[]
r_1866	[]
r_1867	[]
r_1868	[]
r_1869	[]
r_1870	[]
r_1871	[]
r_1872	[]
r_1873	[]
r_1874	[]
r_1875	[]
r_1876	[]
r_1877	[]
r_1878	[]
r_1879	[]
r_1880	[]
r_1881	[]
r_1882	[]
r_1883	[]
r_1884	[]
r_1885	[]
r_1886	[]
r_1887	[]
r_1889	[]
r_1890	[]
r_1891	[]
r_1892	[]
r_1893	[]
r_1895	[]
r_1896	[]
r_1897	[]
r_1898	[]
r_1899	[]
r_1900	[]
r_1901	[]
r_1902	[]
r_1903	[]
r_1904	[]
r_1905	[]
r_1906	[]
r_1907	[]
r_1908	[]
r_1909	[]
r_1910	[]
r_1911	[]
r_1912	[]
r_1913	[]
r_1914	[]
r_1915	[]
r_1916	[]
r_1919	[]
r_1920	[]
r_1921	[]
r_1922	[]
r_1923	[]
r_1924	[]
r_1925	[]
r_1926	[]
r_1927	[]
r_1928	[]
r_1929	[]
r_1930	[]
r_1931	[]
r_1932	[]
r_1935	[]
r_1936	[]
r_1937	[]
r_1938	[]
r_1939	[]
r_1940	[]
r_1941	[]
r_1942	[]
r_1943	[]
r_1944	[]
r_1945	[]
r_1946	[]
r_1947	[]
r_1952	[]
r_1963	[]
r_1964	[]
r_1965	[]
r_1966	[]
r_1967	[]
r_1968	[]
r_1970	[]
r_1971	[]
r_1972	[]
r_1974	[]
r_1975	[]
r_1976	[]
r_1977	[]
r_1978	[]
r_1979	[]
r_1980	[]
r_1981	[]
r_1984	[]
r_1987	[]
r_1988	[]
r_1989	[]
r_1990	[]
r_1991	[]
r_1992	[]
r_1993	[]
r_1994	[]
r_1995	[]
r_1996	[]
r_1997	[]
r_1998	[]
r_1999	[]
r_2000	[]
r_2001	[]
r_2002	[]
r_2003	[]
r_2004	[]
r_2005	[]
r_2008	[]
r_2020	[]
r_2022	[]
r_2023	[]
r_2024	[]
r_2025	[]
r_2026	[]
r_2027	[]
r_2028	[]
r_2030	[]
r_2031	[]
r_2032	[]
r_2033	[]
r_2036	[]
r_2037	[]
r_2038	[]
r_2039	[]
r_2040	[]
r_2041	[]
r_2042	[]
r_2043	[]
r_2044	[]
r_2045	[]
r_2046	[]
r_2049	[]
r_2050	[]
r_2051	[]
r_2052	[]
r_2053	[]
r_2054	[]
r_2055	[]
r_2056	[]
r_2057	[]
r_2058	[]
r_2060	[]
r_2061	[]
r_2062	[]
r_2063	[]
r_2064	[]
r_2065	[]
r_2066	[]
r_2067	[]
r_2068	[]
r_2069	[]
r_2070	[]
r_2071	[]
r_2072	[]
r_2073	[]
r_2074	[]
r_2075	[]
r_2080	[]
r_2082	[]
r_2083	[]
r_2084	[]
r_2085	[]
r_2086	[]
r_2087	[]
r_2089	[]
r_2090	[]
r_2091	[]
r_2092	[]
r_2093	[]
r_2094	[]
r_2095	[]
r_2096	[]
r_2097	[]
r_2098	[]
r_2099	[]
r_2100	[]
r_2101	[]
r_2102	[]
r_2103	[]
r_2104	[]
r_2105	[]
r_2106	[]
r_2107	[]
r_2108	[]
r_2110	[]
r_2111	[]
r_2125	[]
r_2129	[]
r_2133	[]
r_2134	[]
r_2136	[]
r_2137	[]
r_2139	[]
r_2184	[]
r_2185	[]
r_2186	[]
r_2187	[]
r_2188	[]
r_2189	[]
r_2190	[]
r_2191	[]
r_2192	[]
r_2193	[]
r_2229	[]
r_2230	[]
r_2231	[]
r_2812	[]
r_2813	[]
r_2814	[]
r_2815	[]
r_2816	[]
r_2817	[]
r_2818	[]
r_2819	[]
r_3332	[]
r_3333	[]
r_3334	[]
r_3335	[]
r_3336	[]
r_3337	[]
r_3338	[]
r_3339	[]
r_3340	[]
r_3341	[]
r_3342	[]
r_3343	[]
r_3344	[]
r_3345	[]
r_3346	[]
r_3347	[]
r_3508	[]
r_3509	[]
r_3510	[]
r_3511	[]
r_3512	[]
r_3513	[]
r_3514	[]
r_3515	[]
r_3516	[]
r_3517	[]
r_3518	[]
r_3519	[]
r_3520	[]
r_3521	[]
r_3522	[]
r_3523	[]
r_3524	[]
r_3525	[]
r_3526	[]
r_3527	[]
r_3528	[]
r_3529	[]
r_3530	[]
r_3531	[]
r_3532	[]
r_3533	[]
r_3534	[]
r_3535	[]
r_3536	[]
r_3537	[]
r_3538	[]
r_3539	[]
r_3540	[]
r_3541	[]
r_3542	[]
r_3543	[]
r_3544	[]
r_3545	[]
r_3546	[]
r_3547	[]
r_3548	[]
r_3549	[]
r_3550	[]
r_3551	[]
r_3552	[]
r_3553	[]
r_3554	[]
r_3555	[]
r_3556	[]
r_3557	[]
r_3558	[]
r_3559	[]
r_3560	[]
r_3561	[]
r_3562	[]
r_3563	[]
r_3564	[]
r_3565	[]
r_3566	[]
r_3567	[]
r_3568	[]
r_3569	[]
r_3570	[]
r_3571	[]
r_3572	[]
r_3573	[]
r_3574	[]
r_3575	[]
r_3576	[]
r_3577	[]
r_3578	[]
r_3579	[]
r_3580	[]
r_3581	[]
r_3582	[]
r_3583	[]
r_3584	[]
r_3585	[]
r_3586	[]
r_3587	[]
r_3588	[]
r_3589	[]
r_3590	[]
r_3591	[]
r_3592	[]
r_3593	[]
r_3594	[]
r_3595	[]
r_3596	[]
r_3597	[]
r_3598	[]
r_3599	[]
r_3600	[]
r_3601	[]
r_3602	[]
r_3603	[]
r_3604	[]
r_3605	[]
r_3606	[]
r_3607	[]
r_3608	[]
r_3609	[]
r_3610	[]
r_3611	[]
r_3612	[]
r_3613	[]
r_3614	[]
r_3615	[]
r_3616	[]
r_3617	[]
r_3618	[]
r_3619	[]
r_3620	[]
r_3621	[]
r_3622	[]
r_3623	[]
r_3624	[]
r_3625	[]
r_3626	[]
r_3627	[]
r_3628	[]
r_3629	[]
r_3630	[]
r_3631	[]
r_3632	[]
r_3633	[]
r_3634	[]
r_3635	[]
r_3636	[]
r_3637	[]
r_3638	[]
r_3639	[]
r_3640	[]
r_3641	[]
r_3642	[]
r_3643	[]
r_3644	[]
r_3645	[]
r_3646	[]
r_3647	[]
r_3648	[]
r_3649	[]
r_3650	[]
r_3651	[]
r_3652	[]
r_3653	[]
r_3654	[]
r_3655	[]
r_3656	[]
r_3657	[]
r_3658	[]
r_3659	[]
r_3660	[]
r_3661	[]
r_3662	[]
r_3663	[]
r_3664	[]
r_3665	[]
r_3666	[]
r_3667	[]
r_3668	[]
r_3669	[]
r_3670	[]
r_3671	[]
r_3672	[]
r_3673	[]
r_3674	[]
r_3675	[]
r_3676	[]
r_3677	[]
r_3678	[]
r_3679	[]
r_3680	[]
r_3681	[]
r_3682	[]
r_3683	[]
r_3684	[]
r_3685	[]
r_3686	[]
r_3687	[]
r_3688	[]
r_3689	[]
r_3690	[]
r_3691	[]
r_3692	[]
r_3693	[]
r_3694	[]
r_3695	[]
r_3696	[]
r_3697	[]
r_3698	[]
r_3699	[]
r_3700	[]
r_3701	[]
r_3702	[]
r_3703	[]
r_3704	[]
r_3705	[]
r_3706	[]
r_3707	[]
r_3708	[]
r_3709	[]
r_3710	[]
r_3711	[]
r_3712	[]
r_3713	[]
r_3714	[]
r_3715	[]
r_3716	[]
r_3717	[]
r_3718	[]
r_3719	[]
r_3720	[]
r_3721	[]
r_3722	[]
r_3723	[]
r_3724	[]
r_3725	[]
r_3726	[]
r_3727	[]
r_3728	[]
r_3729	[]
r_3730	[]
r_3731	[]
r_3732	[]
r_3733	[]
r_3734	[]
r_3735	[]
r_3736	[]
r_3737	[]
r_3738	[]
r_3739	[]
r_3740	[]
r_3741	[]
r_3742	[]
r_3743	[]
r_3744	[]
r_3745	[]
r_3746	[]
r_3747	[]
r_3748	[]
r_3749	[]
r_3750	[]
r_3751	[]
r_3752	[]
r_3753	[]
r_3754	[]
r_3755	[]
r_3756	[]
r_3757	[]
r_3758	[]
r_3759	[]
r_3760	[]
r_3761	[]
r_3762	[]
r_3763	[]
r_3764	[]
r_3765	[]
r_3766	[]
r_3767	[]
r_3768	[]
r_3769	[]
r_3770	[]
r_3771	[]
r_3772	[]
r_3773	[]
r_3774	[]
r_3775	[]
r_3776	[]
r_3777	[]
r_3778	[]
r_3779	[]
r_3780	[]
r_3781	[]
r_3782	[]
r_3783	[]
r_3784	[]
r_3785	[]
r_3786	[]
r_3787	[]
r_3788	[]
r_3789	[]
r_3790	[]
r_3791	[]
r_3792	[]
r_3793	[]
r_3794	[]
r_3795	[]
r_3796	[]
r_3797	[]
r_3798	[]
r_3799	[]
r_3800	[]
r_3801	[]
r_3802	[]
r_3803	[]
r_3804	[]
r_3805	[]
r_3806	[]
r_3807	[]
r_3808	[]
r_3809	[]
r_3810	[]
r_3811	[]
r_3812	[]
r_3813	[]
r_3814	[]
r_3815	[]
r_3816	[]
r_3817	[]
r_3818	[]
r_3819	[]
r_3820	[]
r_3821	[]
r_3822	[]
r_3823	[]
r_3824	[]
r_3825	[]
r_3826	[]
r_3827	[]
r_3828	[]
r_3829	[]
r_3830	[]
r_3831	[]
r_3832	[]
r_3833	[]
r_3834	[]
r_3835	[]
r_3836	[]
r_3837	[]
r_3838	[]
r_3839	[]
r_3840	[]
r_3841	[]
r_3842	[]
r_3843	[]
r_3844	[]
r_3845	[]
r_3846	[]
r_3847	[]
r_3848	[]
r_3849	[]
r_3850	[]
r_3851	[]
r_3852	[]
r_3853	[]
r_3854	[]
r_3855	[]
r_3856	[]
r_3857	[]
r_3858	[]
r_3859	[]
r_3860	[]
r_3861	[]
r_3862	[]
r_3863	[]
r_3864	[]
r_3865	[]
r_3866	[]
r_3867	[]
r_3868	[]
r_3869	[]
r_3870	[]
r_3871	[]
r_3872	[]
r_3873	[]
r_3874	[]
r_3875	[]
r_3876	[]
r_3877	[]
r_3878	[]
r_3879	[]
r_3880	[]
r_3881	[]
r_3882	[]
r_3883	[]
r_3884	[]
r_3885	[]
r_3886	[]
r_3887	[]
r_3888	[]
r_3889	[]
r_3890	[]
r_3891	[]
r_3892	[]
r_3893	[]
r_3894	[]
r_3895	[]
r_3896	[]
r_3897	[]
r_3898	[]
r_3899	[]
r_3900	[]
r_3901	[]
r_3902	[]
r_3903	[]
r_3904	[]
r_3905	[]
r_3906	[]
r_3907	[]
r_3908	[]
r_3909	[]
r_3910	[]
r_3911	[]
r_3912	[]
r_3913	[]
r_3914	[]
r_3915	[]
r_3916	[]
r_3917	[]
r_3918	[]
r_3919	[]
r_3920	[]
r_3921	[]
r_3922	[]
r_3923	[]
r_3924	[]
r_3925	[]
r_3926	[]
r_3927	[]
r_3928	[]
r_3929	[]
r_3930	[]
r_3931	[]
r_3932	[]
r_3933	[]
r_3934	[]
r_3935	[]
r_3936	[]
r_3937	[]
r_3938	[]
r_3939	[]
r_3940	[]
r_3941	[]
r_3942	[]
r_3943	[]
r_3944	[]
r_3945	[]
r_3946	[]
r_3947	[]
r_3948	[]
r_3949	[]
r_3950	[]
r_3951	[]
r_3952	[]
r_3953	[]
r_3954	[]
r_3955	[]
r_3956	[]
r_3957	[]
r_3958	[]
r_3959	[]
r_3960	[]
r_3961	[]
r_3962	[]
r_3973	[]
r_3987	[]
r_3996	[]
r_4005	[]
r_4038	[]
r_4040	[]
r_4043	[]
r_4044	[]
r_4041	[]
R_BiomassZpa	[]
R_carbohydrates	[]
R_DNA	[]
R_RNA	[]
