Rxn	PutativeIdentifiers
Ex_biomass	[]
Ex_glucose	[]
Ex_lactateL	[]
Ex_O2	[]
Ex_glutamine	[]
Ex_Palmitate	[]
Ex_glutamate	[]
Ex_arginines	[]
Ex_folate	[]
Ex_urea	[]
Ex_NH3	[]
Ex_citratec	[]
Ex_Carnitine	[]
Ex_AKG	[]
Ex_proline	[]
Ex_alanine	[]
Ex_aspartate	[]
Ex_asparagine	[]
Ex_serine	[]
Ex_glycine	[]
Ex_cystine	[]
Ex_SC_mercaptopyruvatec	[]
Ex_SC_H2O	[]
Ex_SC_Pi	[]
Ex_SC_H	[]
DM_Glucose	[]
DM_LactateL	[]
DM_Glutamine	[]
DM_Palmitate	[]
DM_Carnitine	[]
DM_Glutamate	[]
DM_Arginines	[]
DM_Urea	[]
DM_NH3	[]
DM_Citrate	[]
DM_Folate	[]
DM_AKG	[]
DM_Proline	[]
DM_Alanine	[]
DM_Aspartate	[]
DM_Asparagine	[]
DM_Serine	[]
DM_Glycine	[]
DM_putrescine	[]
DM_CO2c	[]
DM_10formylTHFm	[]
DM_10formylTHFc	[]
DM_GSSG	[]
DM_guanidinoacetatec	[]
Glucose_DM_COOP	[]
LactateL_DM_COOP	[]
Oxygen_DM_COOP	[]
Glutamine_DM_COOP	[]
Palmitate_DM_COOP	[]
Palmitate_UP_COOP	[]
Glutamate_DM_COOP	[]
Arginine_DM_COOP	[]
Folate_DM_COOP	[]
Urea_DM_COOP	[]
NH3_DM_COOP	[]
Citrate_DM_COOP	[]
Carnitine_DM_COOP	[]
AKG_DM_COOP	[]
Proline_DM_COOP	[]
Alanine_DM_COOP	[]
Aspartate_DM_COOP	[]
Asparagine_DM_COOP	[]
Serine_DM_COOP	[]
Glycine_DM_COOP	[]
TranspCystineGlu	[]
TranspCystineSer	[]
CystineReductaseNADPH	['|CYSTINE-REDUCTASE-NADH-RXN|', 'R00892', '20598', '20597', '20599', '20600']
GCK_HKDC1_HK1_ADPGK_HK2_HK3	['22740', '|RXN-1685|', '36495', '22742', '|HEXOKINASE-RXN|', '17827', '36497', '36496', 'R00299', '36498', '22741', '17828', 'R01600', '17825', 'R02848', '22743', '17826', '|GLUCOKIN-RXN|', 'R01786']
G6PPer	['|RXN-15312|', '44905', 'R01788', '44904', '44907', '|RXN66-526|', '16692', '16689', '16691', 'R00303', '44906', '16690']
GPI	['R03321', 'R00771', '11816', '11819', '|PGLUCISOM-RXN|', '11818', '11817', 'R02740']
PFKP_PFKL_PFKM_1	['R00756', 'R04779', '16112', '16110', '|6PFRUCTPHOS-RXN|', '16111', '16109']
FBP	['11065', '11066', 'R00762', 'R04780', '11067', '|F16BDEPHOS-RXN|', '11064']
ALDOC_ALDOB_ALDOA_2	['14730', 'R01068', '14729', 'R01070', '14731', '14732', '|F16ALDOLASE-RXN|']
TPI1_TPI1P2	['18588', '18586', '18587', 'R01015', '|TRIOSEPISOMERIZATION-RXN|', '18585']
GAPDHS_GAPDH_GAPDHP29	[]
CRISP3_PGK1_MIA3_PGK2	[]
PGAM2_PGAM1_BPGM_PGAM4_1	['15901', '15902', '15904', '|RXN-15513|', '|3PGAREARR-RXN|', 'R01518', '15903']
ENO1_ENO3_ENO2	['R00658', '10167', '|2PGADEHYDRAT-RXN|', '10165', '10164', '10166']
PKM_TMEM54_PKLR_HCN3	['56963', 56963, '18159', '56961', 'R02320', 'R00200', '18157', '18158', '56960', '18160', '56962', '|PEPDEPHOS-RXN|']
PC	['|PYRUVATE-CARBOXYLASE-RXN|', '20847', '20845', '20844', 'R00344', '20846']
PEPCK	['10391', '|4.1.1.32-RXN|', '10388', '10390', '10389', 'R00431']
LDH	['R00703', '23446', '23445', '23444', '23447', '|L-LACTATE-DEHYDROGENASE-RXN|']
G6PD	['38218', 'R02736', 'R00835', '38217', '38215', 'R10907', 'R10520', '|GLU6PDEHYDROG-RXN|', '15844', '|RXN-16652|', '15842', '38216', '15843', '|RXN-14819|', '15841']
H6PD_PGLS	['12559', '12556', 'R02035', '12557', '|6PGLUCONOLACT-RXN|', '12558']
PGD	['10116', 'R01528', 'R10221', '33024', '10118', '33026', '|RXN-3341|', '10117', '|RXN-9952|', '33025', '33023', '10119']
RPIA_LOC101060545	['|RIB5PISOM-RXN|', '14658', '14659', '14660', 'R01056', '14657']
PRPS2_PRPS1_PRPS1L1	['R01049', '15609', '|PRPPSYN-RXN|', '15611', '15612', '15610']
TKTL1_TKTL2_TKT_1	['R01830', '|2TRANSKETO-RXN|', '27627', 'R01067', '27626', '27629', '27628']
ALDOC_ALDOB_ALDOA_1	['30168', '30169', '|SEDOBISALDOL-RXN|', '30167', 'R01829', '30170']
RPE_LOC729020	['13679', '13680', '13678', '|RIBULP3EPIM-RXN|', 'R01529', '13677']
TKTL1_TKTL2_TKT_2	['R01641', '10508', '|1TRANSKETO-RXN|', '10509', '10510', '10511']
TALDO1	['R01827', '17054', '|TRANSALDOL-RXN|', '17053', 'R08575', '17055', '17056']
PFKP_PFKL_PFKM_3	['31446', 'R01843', '31445', '|RXN0-6541|', '31444', '31443']
DLD_PDHX_PDHA1_DLAT_PDHA2_PDHB	['28045', '28042', '28043', 'R00209', '28044', '|PYRUVDEH-RXN|']
CS	['|CITSYN-RXN|', '16847', '16845', '16846', '|RXN-14905|', '16848', 'R00351']
ACO2_ACO1_1	['|RXN-14047|', '10336', '10337', '10338', '10339', 'R01324']
IDH3	['R00709', '23635', '23634', '|RXN-7969|', '23632', '|ISOCITRATE-DEHYDROGENASE-NAD+-RXN|', '23633']
IDH2	['19631', '19632', 'R00709', '23635', '23634', '|RXN-7969|', 'R00267', '19630', '|ISOCITDEH-RXN|', '23632', '19629', '|ISOCITRATE-DEHYDROGENASE-NAD+-RXN|', '23633']
DLSTP1_DLD_OGDH_PDHX_DLST_DHTKD1_OGDHL	['R08549', '27788', '27786', '27787', '|2OXOGLUTARATEDEH-RXN|', '27789']
KANK1_SUCLA2_SUCLG1_SUCLG2_1	['R00432', '22123', '|SUCCINATE--COA-LIGASE-GDP-FORMING-RXN|', '22121', '22122', '22120']
SDHA_SDHB_SDHC_SDHD	['R00408', 30346, '30343', '30345', '30344', '30346']
FH_1	['12461', '12463', 'R01082', '12460', '12462', '|FUMHYDR-RXN|']
MDH2	['21433', 'R00342', '|MALATE-DEH-RXN|', '21434', '21435', '21432']
ME2_ME3_1	['|1.1.1.39-RXN|', '12656', '12655', 'R00214', '|RXN-19748|', '12653', '12654', '|MALIC-NAD-RXN|']
ME2_ME3_2	['18254', '|1.1.1.39-RXN|', '12656', '18253', '|MALIC-NADP-RXN|', 'R00214', '12655', '12653', '18255', '12654', '18256', '|MALIC-NAD-RXN|', 'R00216']
ACLY	['21160', '|ATP-CITRATE-PRO-S--LYASE-RXN|', 'R00352', '21162', '21161', '21163']
FH_2	['12461', '12463', 'R01082', '12460', '12462', '|FUMHYDR-RXN|']
MDH1_MDH1B	['21433', 'R00342', '|MALATE-DEH-RXN|', '21434', '21435', '21432']
ACO1_IREB2	['|RXN-14047|', '10336', '10337', '10338', '10339', 'R01324']
IDH1	['19631', '19632', 'R00709', '23635', '23634', '|RXN-7969|', 'R00267', '19630', '|ISOCITDEH-RXN|', '23632', '19629', '|ISOCITRATE-DEHYDROGENASE-NAD+-RXN|', '23633']
LHPP_PPA2_PRUNE_EIF4A2_NAV2_PPA1_1	['24579', '24576', '24578', '24577', 'R00004', '|INORGPYROPHOSPHAT-RXN|']
Complex1	[]
Complex1ROS	[]
Complex2	[]
Complex3	[]
Complex4	[]
ATPsynthase	[]
GCL	['13287', '13285', 'R00894', '13288', '13286', '|GLUTCYSLIG-RXN|']
GSS	['13557', '|GLUTATHIONE-SYN-RXN|', '13559', '13558', 'R00497', '13560']
SOD2	['|SUPEROX-DISMUT-RXN|', 'R00275', '20696', '20698', '20697', '20699']
GPmit	['16834', 'R00274', '16836', '16835', '|GLUTATHIONE-PEROXIDASE-RXN|', '16833']
mGSRnadh	['R00094']
mGSRnadph	['11741', '11742', 'R00115', '11743', 'R00094', '11740', '|GLUTATHIONE-REDUCT-NADPH-RXN|']
TrasportGSH	[]
MPC1_MPC2_MPC1L	[]
SLC25A3	[]
SLC25A5_SLC25A4_SLC25A6	[]
Transport_CO2	[]
TransportOxygen	[]
ALDH3B1_ALDH3A1_ALDH3B2_ALDH1A3	[]
NME2_NME3_NME4_NME5_NME2P1_NME7_NME6_NME1_NME2_1	['18116', '27687', '44642', '18113', '27688', '18114', '44643', '27689', '18115', 'R00331', '|NUCLEOSIDE-DIP-KIN-RXN|', '27686', '44641', '44640', '|GDPKIN-RXN|', 'R00330']
NME2_NME3_NME4_NME5_NME2P1_NME7_NME6_NME1_NME2_2	['18116', '27687', '44642', '18113', '27688', '18114', '44643', '27689', '18115', 'R00331', '|NUCLEOSIDE-DIP-KIN-RXN|', '27686', '44641', '44640', '|GDPKIN-RXN|', 'R00330']
AQP8	[]
HIBCH	[]
SLC25A10_4	[]
CA12_CA2_CA9_CA14_CA1_CA3_CA4_CA7_CA13	['|CARBODEHYDRAT-RXN|', '|RXN0-5224|', '10751', '10748', 'R10092', '10750', '10749', 'R00132']
CA5B_CA5A	['|CARBODEHYDRAT-RXN|', '|RXN0-5224|', '10751', '10748', 'R10092', '10750', '10749', 'R00132']
TransportGln	[]
GLS2	['15891', 'R00256', '|GLUTAMIN-RXN|', '15890', '15892', '15889']
TransportGlu	[]
GLS	['15891', 'R00256', '|GLUTAMIN-RXN|', '15890', '15892', '15889']
GS	['16169', '16172', '|GLUTAMINESYN-RXN|', 'R00253', '16171', '16170']
PPAT	['14905', '14907', '|PRPPAMIDOTRANS-RXN|', '14906', '14908', 'R01072']
ADSS_ADSSL1	['15755', '15756', '|ADENYLOSUCCINATE-SYNTHASE-RXN|', 'R01135', '15753', '15754']
TNRC6B_ADSL_1	['16855', '16854', '|AMPSYN-RXN|', '16853', '16856', 'R01083']
GART_1	['17456', '17455', '17454', 'R04144', '17453', '|GLYRIBONUCSYN-RXN|']
GART_2	['15056', '15053', '|GART-RXN|', '15054', '15055', 'R04325']
PFAS	['17130', '|FGAMSYN-RXN|', '17129', '17132', '17131', 'R04463']
OGDH_GART_OGDHL	['23033', '23034', '23032', 'R04208', '|AIRS-RXN|', '23035']
PAICS_1	['10793', '|AIRCARBOXY-RXN|', 'R04209', '10792', '10794', '10795']
PAICS_2	['22631', '22630', '|SAICARSYN-RXN|', 'R04591', '22629', '22628']
TNRC6B_ADSL_2	['R04559', '23921', '23920', '23923', '|AICARSYN-RXN|', '23922']
ATIC_1	[]
ATIC_2	[]
GMPR2_GMPR	['17188', 'R01134', '17187', '17186', '17185', '|GMP-REDUCT-RXN|']
GUK1_1	['24038', '24037', '20782', '|NUCLEOSIDE-PHOSPHATE-KINASE-RXN|', 'R00332', '20781', 'R00334', '24036', '|GUANYL-KIN-RXN|', '20783', '24039', '20780']
RRM2B_TXN_RRM1_RRM2B_1	[]
GUK1_2	['24038', '24037', '|NUCLEOSIDE-PHOSPHATE-KINASE-RXN|', '|GMKALT-RXN|', '12697', 'R00334', '12698', '24036', '24039', '11216', '11218', '11219', 'R02090', '11217', '12699', '|DEOXYNUCLEOSIDE-PHOSPHATE-KINASE-RXN|', '12700', 'R04267']
AK2_TAF9_AK1_AK7_AK3_AK5_AKD1_AK4_AK8_1	['12975', '12973', '12974', 'R00127', '|ADENYL-KIN-RXN|', '12976']
RRM2B_TXN_RRM1_RRM2B_2	[]
AK	['23101', '23102', '24038', '24037', '|NUCLEOSIDE-PHOSPHATE-KINASE-RXN|', 'R00334', '|DEOXYADENYLATE-KINASE-RXN|', '24036', '24039', '11216', '11218', '11219', 'R01547', '11217', '23100', '|DEOXYNUCLEOSIDE-PHOSPHATE-KINASE-RXN|', '23103', 'R04267']
IMPDH2	['11711', '|IMP-DEHYDROG-RXN|', '11710', 'R01130', '11708', '11709']
GMPS	['18304', '18302', 'R01230', '18301', '|GMP-SYN-NH3-RXN|', '18303']
CAD_1	['18636', '18634', '18633', 'R00575', '18635', '|CARBPSYN-RXN|']
CAD_2	['|ASPCARBTRANS-RXN|', '20016', '20013', '20015', 'R01397', '20014']
CAD_3	['24297', 'R01993', '24298', '24296', '|DIHYDROOROT-RXN|', '24299']
DHODH	['30189', '|DIHYDROOROTATE-DEHYDROGENASE-RXN|', '30190', '28689', '28687', '28688', '18075', '18076', '28690', '18073', '30187', '30188', '18074', 'R01868']
UMPS_1	['|OROPRIBTRANS-RXN|', 'R01870', '10380', '10382', '10383', '10381']
UMPS_2	['11598', '11597', '|OROTPDECARB-RXN|', '11599', '11596', 'R00965']
CMPK2_CMPK1_1	['24402', '|RXN-12002|', '24038', '24037', '24400', '|NUCLEOSIDE-PHOSPHATE-KINASE-RXN|', '|2.7.4.22-RXN|', '24403', 'R00334', '24036', '24039', 'R00158', '24401']
RRM2B_TXN_RRM1_RRM2_1	[]
TYMS	['12104', '12105', '12106', 'R02101', '|THYMIDYLATESYN-RXN|', '12107']
CMPK1_DTYMK	['|RXN-14122|', '24038', '24037', '|NUCLEOSIDE-PHOSPHATE-KINASE-RXN|', '30656', '30657', 'R00334', '24036', '11219', '24039', '11216', '11218', '11217', 'R02098', '30655', '|DEOXYNUCLEOSIDE-PHOSPHATE-KINASE-RXN|', '30658', 'R04267']
NME2_NME3_NME4_NME5_NME2P1_NME7_NME6_NME1_NME2_3	['25098', '18116', '25101', '44642', 'R00156', '18114', '44643', '25100', '18115', '|UDPKIN-RXN|', 'R00331', '|NUCLEOSIDE-DIP-KIN-RXN|', '44641', '44640', '25099', '18113']
NME2_NME3_NME4_NME5_NME2P1_NME7_NME6_NME1_NME2_4	['18116', 'R00570', '44642', '25239', '25237', '18114', '25240', '44643', '18115', '25238', '|NUCLEOSIDE-DIP-KIN-RXN|', 'R00331', '44641', '|CDPKIN-RXN|', '44640', '18113']
CMPK2_CMPK1_2	['24038', '24037', '|RXN-11832|', '|NUCLEOSIDE-PHOSPHATE-KINASE-RXN|', '11601', 'R00334', '24036', '24039', 'R00512', '11602', '11600', '11603']
CTPS2_GATM_CTPS1	['16600', '16598', '16599', '|RXN-14325|', 'R00571', '16597']
RRM2B_TXN_RRM1_RRM2_2	[]
CMPK2_CMPK1_3	['25097', '|RXN-11831|', '24037', '24038', '|NUCLEOSIDE-PHOSPHATE-KINASE-RXN|', '|DEOXYNUCLEOSIDE-PHOSPHATE-KINASE-RXN|', '25095', '|RXN-7913|', 'R00334', '11219', '25096', '24039', 'R01665', '24036', '11216', '11217', '11218', '25094', 'R04267']
GLUD1_GLUD2_1	['|GLUTAMATE-DEHYDROGENASE-RXN|', '15136', 'R00243', '15135', '11612', '11614', '|GLUTAMATE-DEHYDROGENASE-NADP+-RXN|', 'R00248', '15133', '11615', '15134', '11613']
GLUD1_GLUD2_2	['15504', '15136', '|GLUTAMATE-DEHYDROGENASE-RXN|', 'R00243', '15503', '|RXN-20084|', '11612', '|GLUTDEHYD-RXN|', '11614', '15135', '15502', 'R00248', 'R00114', '|GLUTAMATESYN-RXN|', '|GLUTAMATE-DEHYDROGENASE-NADP+-RXN|', '15133', '11615', '15134', '11613', '15501']
GOT1_GOT2_GOT1L1_2	['21825', '21826', '|RXN-13697|', 'R00355', '21827', '21824', '|ASPAMINOTRANS-RXN|']
GOT2_GOT1L1_1	['21825', '21826', '|RXN-13697|', 'R00355', '21827', '21824', '|ASPAMINOTRANS-RXN|']
SLC25A13_SLC25A12	[]
FH_3	['|ASPARTASE-RXN|', '16601', '16604', 'R00490', '16602', '16603']
CPS1	['R00149', '10627', '10625', '18029', 'R07641', '10626', 18032, '18032', '18031', '|6.3.4.16-RXN|', '18030', '10624', '|RXN-13202|']
OTC_LEFTY1	['19513', '19515', 'R01398', '|RXN-13482|', '|ORNCARBAMTRANSFER-RXN|', '19516', '19514']
SLC25A15_SLC25A2_1	[]
GCDH_SLC25A2_2	[]
ASS1	['10933', '10932', '|ARGSUCCINSYN-RXN|', '10935', 'R01954', '10934']
ASL_CRCP	['24023', '|ARGSUCCINLYA-RXN|', '24020', '24022', 'R01086', '24021']
ARG2_ARG1	['R00551', '20571', '|ARGINASE-RXN|', '20570', '20572', '20569']
OGDH_ODC1_OGDHL	['R00670', 'R12304', '22966', '59048', '22965', '|ORNDECARBOX-RXN|', '59049', '59050', '22967', '22964', '59051', '|RXN-20175|']
AGAT	['|GLYCINE-AMIDINOTRANSFERASE-RXN|', '13203', '13204', 'R00565', '13202', '13201']
arginineAmidinohydrolase	['R00552', '19598', '19600', '|ARGININE-DEIMINASE-RXN|', '19597', '19599']
OAT	['25162', '|ORNITHINE-GLU-AMINOTRANSFORASE-RXN|', '|ORNITHINE-GLU-AMINOTRANSFERASE-RXN|', '25163', '25161', 'R00667', '25160']
ALDH4A1_1	['16187', '16185', '|RXN-14116|', '11890', '11891', '30237', 'R00245', '30236', '11888', '16186', '30238', 'R00538', '11889', 'R00634', '|ALDHDEHYDROG-RXN|', '30235', '|ALDEHYDE-DEHYDROGENASE-NADORNOP+-RXN|', '16188']
Transport_Lglu5semialdehyde	[]
ALDH4A1_2	['|SPONTPRO-RXN|', '28234', '28236', '28237', 'R03314', '28235']
PYCRL_PYCR2_PYCR1_LEFTY1_2	['14107', '14105', 14108, '14106', '14108', '14112', '14109', '14111', '14110', 'R01248', '|PYRROLINECARBREDUCT-RXN|', 'R01251']
PYCRL_PYCR2_PYCR1_LEFTY1_1	['14107', '14105', '14106', '14108', '|PYRROLINECARBREDUCT-RXN|', '14112', '14109', '14111', '14110', 'R01248', 14108, 'R01251']
ASNS	['R00578', '|ASNSYNB-RXN|', '12231', '12230', '12229', '12228']
ASRGL1_ASPG	['21017', '21019', '21016', '21018', '11718', '11716', '|OMEGA-AMIDASE-RXN|', '|ASPARAGHYD-RXN|', 'R03804', 'R00485', '11717', '11719']
GOT1_GOT2	['R00895', 'R01339', '17443', 'R00896', '|CYSTEINE-AMINOTRANSFERASE-RXN|', '17442', '17444', '17441']
PHGDH_UBAC2	['12643', '|PGLYCDEHYDROG-RXN|', '12644', 'R01513', '12642', '12641']
PSAT1	['14331', '14329', 'R04173', '14332', '|PSERTRANSAM-RXN|', '14330']
VPS29_PSPH_PSPHP1	['21208', '24876', '|PSERPHOSPHA-RXN|', 'R02853', '24875', 'R00582', '|RXN0-5114|', '24874', '24873', '21210', '21211', '21209']
SHMT1	['|GLYOHMETRANS-RXN|', '15484', '15481', '15482', '15483', 'R00945']
SDS_SDSL_SRR	['19170', 'R06131', 'R00223', '19172', '19171', '19169', '|4.3.1.17-RXN|', 'R00220']
CCBL1	['R08679', 'R01261', '10402', '19953', '|GLUTAMINE--PYRUVATE-AMINOTRANSFERASE-RXN|', '10401', '10403', '|ALANINE--OXO-ACID-AMINOTRANSFERASE-RXN|', '19955', 'R00576', '19956', '19954', '10400']
NIT2	['32964', '|RXN-13072|', '32966', '32963', '32965', 'R00269']
Transport_serine	[]
Transport_glycine	[]
SHMT1_2	['|GLYOHMETRANS-RXN|', '15484', '15481', '15482', '15483', 'R00945']
TransportFolate	[]
SLC16A3_SLC16A1_SLC16A5_2	[]
DHFRL1_DHFR_5	['R02235', 31106, '31106', '31103', '31104', '31105', 'R02236']
DHFRL1_DHFR_6	['|RXN-19329|', 'R00936', '15012', '15011', 'R00939', '|DIHYDROFOLATEREDUCT-RXN|', '15010', '15009']
MTHFD1_AL445665_1_AQP7P4_LOC286297_2	['20221', '20222', '|FORMATETHFLIG-RXN|', '20223', 'R00943', '20224']
MTHFD1_2	['23700', '23703', '|METHENYLTHFCYCLOHYDRO-RXN|', 'R01655', '23701', '23702']
MTHFD2_4	['|1.5.1.15-RXN|', '22893', '22895', '22813', 'R01218', '22814', '22812', '22894', '|METHYLENETHFDEHYDROG-NADP-RXN|', '22892', '22815', 'R01220']
DHFRL1_DHFR_2	['R02235', 31106, '31106', '31103', '31104', '31105', 'R02236']
DHFRL1_DHFR_4	['|RXN-19329|', 'R00936', '15012', '15011', 'R00939', '|DIHYDROFOLATEREDUCT-RXN|', '15010', '15009']
MTHFD1_AL445665_1_AQP7P4_LOC286297	['20221', '20222', '|FORMATETHFLIG-RXN|', '20223', 'R00943', '20224']
MTHFD1_3	['10182', '10181', '10183', 'R00941', '|FORMYLTETRAHYDROFOLATE-DEHYDROGENASE-RXN|', '10180']
MTHFD1_1	['23700', '23703', '|METHENYLTHFCYCLOHYDRO-RXN|', 'R01655', '23701', '23702']
MTHFD2_1	['|1.5.1.15-RXN|', '22893', '22895', '22813', 'R01218', '22814', '22812', '22894', '|METHYLENETHFDEHYDROG-NADP-RXN|', '22892', '22815', 'R01220']
MTHFD2_2	['|1.5.1.15-RXN|', '22893', '22895', 'R01218', '22894', '22892']
ACAT1_ACAT2	['21037', '21039', '|ACETYL-COA-ACETYLTRANSFER-RXN|', '21036', 'R00238', '21038']
HMGCS1_HMGCS2	['10189', '10190', '|HYDROXYMETHYLGLUTARYL-COA-SYNTHASE-RXN|', 'R01978', '10188', '10191']
HMGCR	['15990', 'R02082', '14836', '15989', '|HYDROXYMETHYLGLUTARYL-COA-REDUCTASE-RXN|', '14835', 'R02081', '15991', '14833', '14834', '|1.1.1.34-RXN|', '15992']
MVK	['17066', 'R02245', '17065', '17068', '|MEVALONATE-KINASE-RXN|', '17067']
PMVK	['16343', '16342', '16344', '|PHOSPHOMEVALONATE-KINASE-RXN|', 'R03245', '16341']
IDI1_IDI2	['23285', '23287', '23284', '|IPPISOM-RXN|', 'R01123', '23286']
MVD	['|DIPHOSPHOMEVALONTE-DECARBOXYLASE-RXN|', '23735', 'R01121', '23734', '23733', '23732']
ARID4B_GGPS1_FDPS_FDPSP7_1	['22408', '22411', '22409', '22410', 'R01658', '|GPPSYN-RXN|']
ARID4B_GGPS1_FDPS_FDPSP7_2	['|FPPSYN-RXN|', '19364', '19363', 'R02003', '19361', '19362']
FDFT1_1	['R00702', '22673', '22672', '|RXN-12263|', '|2.5.1.21-RXN|', '22674', '22675']
FDFT1_2	['|RXN66-281|', 'R02872', '22232', '22233', '22235', '22234', '|RXN-13724|']
SQLE	[]
LSS	['14623', '14624', 'R02116', 'R03199', '14622', '14621', '|LANOSTEROL-SYNTHASE-RXN|', 'R03201']
CYP51A1_HSD17B10_HADHA_EHHADH_HSD17B4_HADH_1	[]
CYP51A1_HSD17B10_HADHA_EHHADH_HSD17B4_HADH_2	[]
CYP51A1_HSD17B10_HADHA_EHHADH_HSD17B4_HADH_3	[]
ACAA1_HADHB_LBR_TM7SF2_MYO5B_ACAA2	['18562', '18561', '|RXN66-306|', '18564', '|1.3.1.70-RXN|', 'R05639', '18563']
MSMO1_1	[]
MSMO1_2	[]
MSMO1_3	[]
NSDHL_MAGEA2B	['47161', '47160', '|RXN-20373|', '47162', '47163']
NSDHL	['33450', '|RXN66-313|', '33449', '33448', '33447', 'R07494']
HSD17B7	[]
MSMO1_4	[]
MSMO1_5	[]
MSMO1_6	[]
MSMO1_NSDHL	['33458', '33457', '33455', '33456']
HSD17B6_HSD17B2_HSD17B7_HSD17B12	['19257', '34787', '33462', 'R12402', '19259', 'R00624', '|RXN-12448|', '33459', 'R12405', '19258', '33461', '|CARBONYL-REDUCTASE-NADPH-RXN|', '10742', '19260', '|RXN-13686|', '34789', '34788', '|RXN66-319|', '34790', '10740', '10741', '33460', '10743', 'R03557']
ALG13_EBP	['34000', 'R04804', '|RXN66-320|', '33999', '34001', '34002']
SC5DL_1	['34004', '34006', '34003', '34005']
DHCR7_1	['46740', '|RXN66-27|', '46743', '46741', '46742']
DHCR24_LEFTY1	['|RXN66-28|', '36392', '36394', '36391', '36393', 'R01457']
ACACB_PRKAG2_PRKAB2_ACACA_PRKAA2	['11311', '11310', 'R00742', '|ACETYL-COA-CARBOXYLTRANSFER-RXN|', '11309', '11308']
FASN_1	['41791', '|ACP-S-ACETYLTRANSFER-RXN|', 'R01624', '41789', '41790', '41788']
MCAT_FASN	['|MALONYL-COA-ACP-TRANSACYL-RXN|', '41794', '41793', '41795', '41792', 'R01626']
AcAcACPSynthesis	['|3-OXOACYL-ACP-SYNTH-BASE-RXN|', 'R04355']
ALDH3A2_ALDH2_ALDH1B1_ALDH9A1_ALDH7A1_FASN	['R04533', '|RXN-9514|']
FASN_2	['41811', '|4.2.1.58-RXN|', 'R04428', 'R04954', '41808', '41809', '41810']
PECR_MECR_FASN_1	['R04430', 'R04429']
ELOVL5_AGPAT4_UPB1_PNPLA3_TAZ_LPCAT3_LPGAT1_MBOAT7_ESCO1_MBOAT2_OXSM_AGPAT3_SLC33A1_FASN_ELOVL6_ESCO2_MBOAT1_LCLAT1_LPCAT4_DGAT2L6_HYAL3_ELOVL2	['R04952', '42251', '|RXN-9516|']
FASN_3	['R04953']
OXSM_FASN	['R04954', 41831]
HSD17B10_HADHA_EHHADH_HSD17B4_HADH_FASN_1	['|RXN-9658|', 'R04956', 'R04955', '|RXN-9521|']
ELOVL5_AGPAT4_HSD17B10_HADHA_PNPLA3_TAZ_LPCAT3_EHHADH_LPGAT1_MBOAT7_HSD17B4_HADH_MBOAT2_OXSM_AGPAT3_SLC33A1_FASN_ELOVL6_ESCO2_MBOAT1_LCLAT1_LPCAT4_DGAT2L6_HYAL3_ELOVL2	['|RXN-9523|', 'R04957']
FASN_4	['|RXN-9524|', 'R04536']
GGT5_GGT1_GGTLC2_GGT7_GGT2_FASN_GGTLC3_1	['|4.2.1.59-RXN|', 'R04537', '41846', '41845', '41847', '41844']
HADHA_EHHADH_ECHS1_FASN_1	['|RXN-9659|', '|RXN-9526|', 'R04959', 'R04958']
ELOVL5_AGPAT4_HADHA_PBPLA3_TAZ_LPCAT3_EHHADH_LPGAT1_MBOAT7_ECHS1_ESCO1_MBOAT2_OXSM_AGPAT3_SLC33A1_FASN_ELOVL6_ESCO2_MBOAT1_LCLAT1_LPCAT4_DGAT2L6_HYAL3_ELOVL2	['|RXN-9527|', 'R04960']
AOX1_FASN	['|RXN-9528|', 'R04534']
FASN_5	['R04535', 41863]
HSD17B10_HADHA_EHHADH_HSD17B4_HADH_FASN_2	['R04961', 'R04962']
ELOVL5_AGPAT4_HSD17B10_HADHA_PNPLA3_TAZ_LPCAT3_EHHADH_LPGAT1_MBOAT7_HSD17B4_HADH_ESCO1_MBOAT2_OXSM_AGPAT3_SLC33A1_FASN_ELOVL6_ESCO2_MBOAT1_LCLAT1_LPCAT4_DGAT2L6_HYAL3_ELOVL2_1	['R04963', '|RXN-9531|']
HADHA_EHHADH_ECHS1_FASN_2	['R04964']
HADHA_EHHADH_ECHS1_FASN_3	['R04965', 41879]
CMAS_FASN	['R04724', '|RXN-9534|', 'R04725', '|RXN-9661|']
ELOVL5_AGPAT4_HADHA_PNPLA3_TAZ_LPCAT3_EHHADH_LPGAT1_MBOAT7_ECHS1_ESCO1_MBOAT2_OXSM_AGPAT3_SLC33A1_FASN_ELOVL6_ESCO2_MBOAT1_LCLAT1_LPCAT4_DGAT2L6_HYAL3_ELOVL2	['|RXN-9535|', 'R04726']
PECR_MECR_FASN_2	['R04566', '|RXN-9536|']
ACAA1_HADHB_MYO5B_ACAA2_FASN_1	['41894', 'R04568', '41895', '|RXN-9537|', '41892', '41893']
HSD17B10_HADHA_EHHADH_HAD17B4_HADH_FASN	['|RXN-9662|', 'R04967', '|RXN-9538|', 'R04966']
ELOVL5_AGPAT4_HSD17B10_HADHA_PNPLA3_TAZ_LPCAT3_EHHADH_LPGAT1_MBOAT7_HSD17B4_HADH_ESCO1_MBOAT2_OXSM_AGPAT3_SLC33A1_FASN_ELOVL6_ESCO2_MBOAT1_LCLAT1_LPCAT4_DGAT2L6_HYAL3_ELOVL2_2	['R04968', '|RXN-9539|']
GGT5_GGT1_GGTLC2_GGT7_GGT2_FASN_GGTLC3_2	['R04543']
ACOT8_FASN	['R04544']
ACAA1_HADHB_MYO5B_ACAA2_FASN_2	['R04970', 'R04969', '|RXN-9663|', '|RXN-9542|']
OLAH_FASN	['41932', '41935', '|RXN-9549|', '41933', 'R01706', '30130', '41934']
PrepDemPalmitate	[]
UniportOrnithine	[]
CotraspArgOrnA	[]
CotraspArgOrnB	[]
CotraspArgCitrA	[]
CotraspArgCitrB	[]
UniportArginine	[]
UniportCitrulline	[]
ATPmaintenance	['64919', '23682', '64916', '23683', 'R10443', '23680', '13066', '13067', 'R00086', '|NUCLEOSIDE-TRIPHOSPHATASE-RXN|', '64917', 64915, '|ATPASE-RXN|', '13068', '64918', '20855', '13065', '23681', 'R02319']
SLC25A1	[]
SLC25A11	[]
SLC25A16	[]
palmitateActivation	['30752', '15424', '30754', 'R01280', '30751', '|RXN-9623|', '15422', '|RXN-7904|', 'R00390', '15423', '15421', '30753']
carnitineAcylTransferaseI	['12664', '12663', '12661', '45068', '45069', '45070', '|CARNITINE-O-PALMITOYLTRANSFERASE-RXN|', '12662', '45071', 'R01923']
translocase	[]
carnitineAcylTransferaseII	['12664', '12663', '12661', '45068', '45069', '45070', '|CARNITINE-O-PALMITOYLTRANSFERASE-RXN|', '12662', '45071', 'R01923']
betaOxidation	[]
biomass_synthesis	[]
