	0	1	2	3	4	5	6	7	8	9
2'-Deoxyguanosine 5'-monophosphate	"(""2'-Deoxyguanosine 5'-monophosphate"", 100)"	"(""2'-deoxyguanosine 5'-monophosphate"", 100)"	"(""2'-deoxyguanosine 5'-monophosphate"", 100)"	"(""2'-deoxyguanosine-3'-monophosphate"", 97)"	"(""2'-deoxyguanosine 3'-monophosphate"", 97)"	"(""2'-deoxyguanosine 5'-monophosphate(2-)"", 97)"	('Deoxyguanosine monophosphate', 95)	"(""8-oxo-2'-deoxyguanosine-5'-monophosphate"", 95)"	"(""Deoxyguanosine 5'-monophosphate"", 95)"	"(""6-O-benzyl-2'-deoxyguanosine 5'-monophosphate"", 95)"
CDP	('CDP', 100)	('CDP', 100)	('CDP', 100)	('CDP', 100)	('CDP', 100)	('CDPribitol', 90)	('CDP-N-methylethanolamine', 90)	('CDPacylglycerol', 90)	('CDP-1,2-diacylglycerol', 90)	('CDPdiacylglycerol', 90)
Isocitric acid	('Isocitric acid', 100)	('ISOCITRIC ACID', 100)	('isocitric acid', 100)	('isocitric acids', 97)	('(+)-threo-isocitric acid', 95)	('D-threo-Isocitric acid', 90)	('Acid', 90)	('RI', 90)	('[SO]', 90)	('SO', 90)
4alpha-Carboxy-4beta-methyl-5alpha-cholesta-8,24-dien-3beta-ol	('4alpha-Carboxy-4beta-methyl-5alpha-cholesta-8,24-dien-3beta-ol', 100)	('4alpha-carboxyl-4beta-methyl-5alpha-cholesta-8,24-dien-3beta-ol', 99)	('4alpha-Carboxy-4beta-methyl-5alpha-cholesta-8-en-3beta-ol', 96)	('4-alpha-carboxyl-4-beta-methyl-5-alpha-cholesta-8,24-dien-3-beta-ol', 96)	('4alpha-methyl-5alpha-cholesta-8,24-dien-3beta-ol', 95)	('4alpha-carboxy-4beta-methyl-cholesta-8,24-dien-3beta-ol', 95)	('4alpha-methyl-5alpha-cholesta-8,24-dien-3beta-ol', 95)	('4alpha-carboxy-4beta-methyl-5alpha-cholest-8-en-3beta-ol', 95)	('4alpha-carboxy-4beta-methyl-5alpha-cholest-8-en-3beta-ol', 95)	('4beta-carboxy-4alpha-methyl-5alpha-cholesta-8,24-dien-3beta-ol(1-)', 95)
NADPH	('NADPH', 100)	('NADPH', 100)	('NADPH', 100)	('NADPH', 100)	('6-NADPH', 95)	('NADPH(4-)', 95)	('H+', 90)	('ADP', 90)	('NAD', 90)	('NAD+', 90)
L-Asparagine	('L-Asparagine', 100)	('L-asparagine', 100)	('L-asparagine', 100)	('L-asparagine', 100)	('L-asparagine', 100)	('L-asparagine', 100)	('L-Asparagin', 96)	('DL-Asparagine', 96)	('asparagine', 95)	('ASPARAGINE', 95)
Malonyl-CoA	('Malonyl-CoA', 100)	('malonyl-CoA', 100)	('malonyl-CoA', 100)	('malonyl-CoA', 100)	('malonyl-CoAs', 96)	('malonyl-CoA(5-)', 95)	('mevalonyl-CoA', 92)	('CO', 90)	('(S)-Methylmalonyl-CoA', 90)	('Al', 90)
(2E)-Dodecenoyl-[acp]	('(2E)-Dodecenoyl-[acp]', 100)	('(2E)-Decenoyl-[acp]', 94)	('ACP', 90)	('Dec', 90)	('enoyl', 90)	('Dec', 90)	('Dod', 90)	('DOD', 90)	('ACP', 90)	('(2E)-Octadecenoyl-[acp]', 90)
Pyruvic acid	('Pyruvic acid', 100)	('pyruvic acid', 100)	('PYRUVIC ACID', 100)	('pyruvic acid', 100)	('pyruvic acids', 96)	('p-Hydroxyphenylpyruvic acid', 90)	('Imidazole pyruvic acid', 90)	('Acid', 90)	('3-Hydroxypyruvic acid', 90)	('Hydroxypyruvic acid', 90)
L-Alanine	('L-Alanine', 100)	('L-alanine', 100)	('L-alanine', 100)	('L-alanine', 100)	('L-alanine', 100)	('L-alanine', 100)	('Alanine', 95)	('alanine', 95)	('ALANINE', 95)	('ALANINE', 95)
Succinic acid	('Succinic acid', 100)	('succinic acid', 100)	('SUCCINIC ACID', 100)	('succinic acid', 100)	('succinic acids', 96)	('keto-succinic acid', 95)	('succinic acid imide', 95)	('succinic acid anion', 95)	('succinic acid-d4', 95)	('succinamic acid', 93)
Pyrophosphate	('Pyrophosphate', 100)	('PYROPHOSPHATE', 100)	('Pyrophosphate', 100)	('Pyrophosphat', 96)	('Neryl pyrophosphate', 95)	('pyrophosphate ion', 95)	('PYROPHOSPHATE 2-', 95)	('allyl pyrophosphate', 95)	('pyrophosphate group', 95)	('DAG pyrophosphate', 95)
L-Cysteine	('L-Cysteine', 100)	('L-cysteine', 100)	('L-cysteine', 100)	('L-cysteine(.)', 100)	('L-cysteine', 100)	('L-cysteine', 100)	('L-cysteine', 100)	('L-Cystine', 95)	('Cysteine', 95)	('cysteine', 95)
Phosphate	('Phosphate', 100)	('phosphate', 100)	('phosphate', 100)	('phosphate', 100)	('Phosphate', 100)	('phosphate', 100)	('phosphate', 100)	('phosphate)', 100)	('PHOSPHATE ION', 95)	('NAD phosphate', 95)
Folic acid	('Folic acid', 100)	('FOLIC ACID', 100)	('Folic acid', 100)	('folic acid', 100)	('folic acids', 95)	('Folinic acid', 91)	('FOLINIC ACID', 91)	('L(-)-5-Formyl-5,6,7,8-tetrahydrofolic acid', 90)	('7,8-Dihydrofolic acid', 90)	('Dihydrofolic acid', 90)
dUMP	('dUMP', 100)	('dUMP', 100)	('dUMP', 100)	('dUMP', 100)	('P', 90)	('dU', 90)	('D', 90)	('M', 90)	('P', 90)	('U', 90)
3-Oxooctanoyl-[acyl-carrier protein]	('3-Oxooctanoyl-[acyl-carrier protein]', 100)	('Acyl-[acyl-carrier protein]', 95)	('acyl-[acyl-carrier protein]', 95)	('3-Oxododecanoyl-[acyl-carrier protein]', 94)	('3-Oxodecanoyl-[acyl-carrier protein]', 94)	('Octanoyl-[acyl-carrier protein]', 92)	('octanoyl-[acyl-carrier protein]', 92)	('octanoyl-[acyl-carrier protein]', 92)	('3-Oxohexanoyl-[acyl-carrier protein]', 91)	('3-oxoacyl-[acyl-carrier-protein]', 91)
Palmitoyl-CoA	('Palmitoyl-CoA', 100)	('palmitoyl-CoA', 100)	('palmitoyl', 95)	('PALMITOYL', 95)	('palmitoyl-CoA(4-)', 95)	('palmitoleyl-CoA', 93)	('CO', 90)	('Al', 90)	('CoA', 90)	('CO(.+)', 90)
Superoxide anion	('Superoxide anion', 100)	('superoxide', 90)	('superoxide anion radical', 90)	('[IO](-)', 90)	('oxide', 90)	('peroxide', 90)	('ox', 90)	('IO(.)', 90)	('-IO', 90)	('[IO](+)', 90)
Succinyl-CoA	('Succinyl-CoA', 100)	('succinyl-CoA', 100)	('succinyl-CoA', 100)	('succinyl-CoA', 100)	('succinyl-CoA', 100)	('succinyl-CoA(5-)', 95)	('CO', 90)	('(Hydroxymethylphenyl)succinyl-CoA', 90)	('CoA', 90)	('Benzylsuccinyl-CoA', 90)
But-2-enoyl-[acyl-carrier protein]	('but-2-enoyl-[acyl-carrier protein]', 100)	('Acyl-[acyl-carrier protein]', 95)	('Enoyl-acyl-[acyl-carrier protein]', 95)	('acyl-[acyl-carrier protein]', 95)	('cis-2-enoyl-[acyl-carrier protein]', 91)	('[Acyl-carrier protein]', 90)	('Acyl-carrier protein', 90)	('Protein', 90)	('enoyl', 90)	('carrier', 90)
(R)-3-Hydroxybutanoyl-[acyl-carrier protein]	('(3R)-3-hydroxybutanoyl-[acyl-carrier protein]', 99)	('(3R)-3-hydroxyoctanoyl-[acyl-carrier protein]', 94)	('(R)-3-Hydroxyhexanoyl-[acyl-carrier protein]', 93)	('(3R)-3-hydroxydecanoyl-[acyl-carrier protein]', 92)	('(R)-3-Hydroxydodecanoyl-[acyl-carrier protein]', 91)	('(3R)-3-hydroxyacyl-[acyl-carrier-protein]', 91)	('(3R)-3-hydroxyacyl-[acyl-carrier protein]', 91)	('[Acyl-carrier protein]', 90)	('Acyl-carrier protein', 90)	('Protein', 90)
(R)-3-Hydroxyoctanoyl-[acyl-carrier protein]	('(3R)-3-hydroxyoctanoyl-[acyl-carrier protein]', 99)	('(R)-3-Hydroxydodecanoyl-[acyl-carrier protein]', 95)	('(3R)-3-hydroxydecanoyl-[acyl-carrier protein]', 94)	('(3R)-3-hydroxybutanoyl-[acyl-carrier protein]', 94)	('(R)-3-Hydroxyhexanoyl-[acyl-carrier protein]', 93)	('D-3-Hydroxydodecanoyl-[acyl-carrier protein]', 92)	('(3R)-3-hydroxyacyl-[acyl-carrier-protein]', 91)	('(3R)-3-hydroxyacyl-[acyl-carrier protein]', 91)	('[Acyl-carrier protein]', 90)	('Acyl-carrier protein', 90)
Orotic acid	('Orotic acid', 100)	('OROTIC ACID', 100)	('orotic acid', 100)	('orotic acids', 96)	('Dihydro-L-orotic acid', 90)	('L-Dihydroorotic acid', 90)	('Acid', 90)	('OT', 90)	('(S)-4,5-dihydroorotic acid', 90)	('Ac', 90)
Cytidine triphosphate	('Cytidine triphosphate', 100)	"(""Cytidine 5'-triphosphate"", 95)"	"(""CYTIDINE-5'-TRIPHOSPHATE"", 95)"	"(""cytidine 5'-triphosphate(4-)"", 95)"	"(""cytidine 5'-triphosphate(3-)"", 95)"	"(""cytidine 5'-triphosphate"", 95)"	('ethyl cytidine triphosphate', 95)	('monoethyl cytidine-triphosphate', 95)	('Cytidine diphosphate', 93)	('cytidine phosphate', 92)
5-Phosphoribosylamine	('5-Phosphoribosylamine', 100)	('5-Phosphoribosyl-1-amine', 93)	('5-Phospho-D-ribosylamine', 93)	('5-phospho-D-ribosylamine', 93)	('Amine', 90)	('ribosyl', 90)	('Phosphor', 90)	('Sph', 90)	('Rib', 90)	('Amin', 90)
 1-Pyrroline-5-Carboxylate	('1-Pyrroline-5-carboxylate', 100)	('1-pyrroline-5-carboxylate', 100)	('1-pyrroline-5-carboxylate', 100)	('1-pyrroline-5-carboxylate', 100)	('1-pyrroline-5-carboxylates', 98)	('1-Pyrroline-2-carboxylate', 96)	('L-1-Pyrroline-5-carboxylate', 96)	('1-pyrroline-2-carboxylate', 96)	('S-1-pyrroline-5-carboxylate', 96)	('1-pyrroline-2-carboxylate', 96)
Acetoacetyl-[acyl-carrier protein]	('Acetoacetyl-[acyl-carrier protein]', 100)	('Acyl-[acyl-carrier protein]', 95)	('acyl-[acyl-carrier protein]', 95)	('Acetyl-[acyl-carrier protein]', 92)	('acetyl-[acyl-carrier protein]', 92)	('acetyl-[acyl-carrier protein]', 92)	('[Acyl-carrier protein]', 90)	('Acyl-carrier protein', 90)	('Protein', 90)	('acetyl', 90)
Ferricytochrome C	('Ferricytochrome c', 100)	('ferricytochrome c', 100)	('Ferricytochrome c2', 97)	('ferricytochrome c3', 97)	('ferricytochrome c2', 97)	('Ferricytochrome c-552.5', 95)	('Ferricytochrome', 95)	('Ferricytochrome c-553', 95)	('ferricytochrome c-552.5', 95)	('2 ferricytochrome c', 95)
Geranyl diphosphate	('Geranyl diphosphate', 100)	('GERANYL DIPHOSPHATE', 100)	('geranyl diphosphate', 100)	('geranyl diphosphate', 100)	('(2E)-geranyl diphosphate', 95)	('(2E)-geranyl diphosphate', 95)	('geranyl diphosphate(3-)', 95)	('geranyl phosphate', 94)	('all-trans-Geranylgeranyl diphosphate', 90)	('Phosphate', 90)
Hexadecanoyl-[acyl-carrier protein]	('Hexadecanoyl-[acyl-carrier protein]', 100)	('Hexadecenoyl-[acyl-carrier protein]', 97)	('Acyl-[acyl-carrier protein]', 95)	('acyl-[acyl-carrier protein]', 95)	('Decanoyl-[acyl-carrier protein]', 94)	('Hexanoyl-[acyl-carrier protein]', 94)	('decanoyl-[acyl-carrier protein]', 94)	('2-hexadecenoyl-[acyl-carrier protein]', 94)	('3-Oxohexadecanoyl-[acyl-carrier protein]', 93)	('Tetradecanoyl-[acyl-carrier protein]', 93)
L-Aspartic acid	('L-Aspartic acid', 100)	('L-aspartic acid', 100)	('L-aspartic acid', 100)	('L-aspartic acid', 100)	('aspartic acid', 95)	('ASPARTIC ACID', 95)	('(+-)-Aspartic acid', 95)	('acetyl-L-aspartic acid', 95)	('glycyl-L-aspartic acid', 95)	('Aspartic acid', 95)
4,4-Dimethyl-5alpha-cholesta-8,14,24-trien-3beta-ol	('4,4-Dimethyl-5alpha-cholesta-8,14,24-trien-3beta-ol', 100)	('4,4-dimethyl-5alpha-cholesta-8,14,24-trien-3beta-ol', 100)	('4,4-dimethyl-5alpha-cholesta-8,14,24-trien-3beta-ol', 100)	('4,4-dimethyl-5alpha-cholesta-8,14,24-trien-3beta-ol', 100)	('4,4-dimethyl-5-alpha-cholesta-8,14,24-trien-3-beta-ol', 98)	('4,4-Dimethyl-5alpha-cholesta-8,24-dien-3beta-ol', 94)	('4,4-dimethyl-5alpha-cholesta-8,24-dien-3beta-ol', 94)	('4,4-dimethyl-5alpha-cholesta-8,24-dien-3beta-ol', 94)	('4,4-dimethyl-5alpha-cholesta-8,14-dien-3beta-ol', 94)	('4,4-Dimethyl-5alpha-cholesta-8,14-diene-3beta-ol', 93)
Citrulline	('Citrulline', 100)	('citrulline', 100)	('CITRULLINE', 100)	('Citrulline', 100)	('citrulline', 100)	('L-Citrulline', 95)	('L-citrulline', 95)	('Citrullin', 95)	('dl-citrulline', 95)	('D-citrulline', 95)
dCMP	('dCMP', 100)	('dCMP', 100)	('dCMP', 100)	('5-Substituted dCMP', 90)	('C', 90)	('P', 90)	('dC', 90)	('D', 90)	('C', 90)	('M', 90)
Farnesyl pyrophosphate	('Farnesyl pyrophosphate', 100)	('farnesyl pyrophosphate(3-)', 96)	('all-trans-farnesyl pyrophosphate', 95)	('(E,E)-farnesyl pyrophosphate', 95)	('(2E,6E)-farnesyl pyrophosphate', 95)	('Phosphate', 90)	('2-trans,6-trans-farnesyl pyrophosphate', 90)	('phosphate', 90)	('Pyrophosphate', 90)	('farnesyl', 90)
Malonyl-[Acyl-Carrier Protein]	('Malonyl-[acyl-carrier protein]', 100)	('malonyl-[acyl-carrier protein]', 100)	('[Acyl-carrier protein]', 95)	('Acyl-carrier protein', 95)	('Acyl-[acyl-carrier protein]', 95)	('acyl-carrier protein', 95)	('acyl-[acyl-carrier protein]', 95)	('Lipoyl-[acyl carrier protein]', 91)	('oleoyl-[acyl-carrier protein]', 91)	('Protein', 90)
Glyceraldehyde 3-Phosphate	('Glyceraldehyde 3-phosphate', 100)	('glyceraldehyde-3-phosphate', 100)	('glyceraldehyde 3-phosphate', 100)	('glyceraldehyde 3-phosphate', 100)	('Glyceraldehyde 3-phosphate', 100)	('Glyceraldehyde 3-phosphate', 100)	('glyceraldehyde 3-phosphate', 100)	('GLYCERALDEHYDE-3-PHOSPHATE', 100)	('glyceraldehyde 3-phosphate', 100)	('D-Glyceraldehyde 3-phosphate', 96)
D-Glucose	('D-Glucose', 100)	('D-glucose', 100)	('D-glucose', 100)	('D-glucose', 100)	('D-glucose', 100)	('D-glucose', 100)	('Glucose', 95)	('CDP-D-Glucose', 95)	('UDP-D-glucose', 95)	('glucose', 95)
N-Carbamoyl-L-aspartate	('N-Carbamoyl-L-aspartate', 100)	('N-carbamoyl-L-aspartate', 100)	('N-CARBAMOYL-L-ASPARTATE', 100)	('N-carbamoyl-L-aspartate', 100)	('N-carbamoyl-L-aspartate', 100)	('N-carbamoyl-L-aspartate', 100)	('N-carbamoyl-L-aspartate(2-)', 96)	('N-carbamoyl-L-aspartate dianion', 95)	('N-carbamimidoyl-L-aspartate', 92)	('L-aspartate', 90)
Adenosine triphosphate	('Adenosine triphosphate', 100)	('adenosine triphosphate', 100)	('Diadenosine triphosphate', 96)	"(""Adenosine 5'-triphosphate"", 95)"	"(""adenosine 5'-triphosphate(4-)"", 95)"	"(""ADENOSINE-5'-TRIPHOSPHATE"", 95)"	('ethyl adenosine triphosphate', 95)	('monoethyl adenosine-triphosphate', 95)	('adenosine thiamine triphosphate', 95)	('adenosine thiamine triphosphate', 95)
Inosinic acid	('Inosinic acid', 100)	('inosinic acid', 100)	"(""5'-Inosinic acid"", 95)"	"(""5'-inosinic acid"", 95)"	"(""3'-inosinic acid"", 95)"	('poly(inosinic acid)', 95)	('Acid', 90)	('NO', 90)	('Si', 90)	('(NO)(.)', 90)
dGDP	('dGDP', 100)	('dGDP', 100)	('dGDP', 100)	('dGDP', 100)	('P', 90)	('dG', 90)	('G', 90)	('D', 90)	('P', 90)	('G', 90)
Dihydrofolic acid	('Dihydrofolic acid', 100)	('dihydrofolic acid', 100)	('dihydrofolic acid', 100)	('dihydrofolic acids', 97)	('7,8-Dihydrofolic acid', 95)	('5,6-dihydrofolic acid', 95)	('Folic acid', 90)	('Acid', 90)	('acid', 90)	('FOLIC ACID', 90)
D-3-Hydroxyhexanoyl-[acyl-carrier protein]	('D-3-Hydroxyhexanoyl-[acyl-carrier protein]', 100)	('(R)-3-Hydroxyhexanoyl-[acyl-carrier protein]', 96)	('D-3-Hydroxydodecanoyl-[acyl-carrier protein]', 93)	('[Acyl-carrier protein]', 90)	('Acyl-carrier protein', 90)	('Protein', 90)	('hydroxy', 90)	('hexanoyl', 90)	('carrier', 90)	('acyl-carrier protein', 90)
L-Arginine	('L-Arginine', 100)	('L-arginine', 100)	('L-arginine', 100)	('L-arginine', 100)	('L-arginine', 100)	('L-arginine', 100)	('L-arginine', 100)	('Arginine', 95)	('arginine', 95)	('L-(+)-arginine', 95)
Mevalonic acid	('Mevalonic acid', 100)	('mevalonic acid', 100)	('mevalonic acids', 97)	('(S)-Mevalonic acid', 95)	('(R)-mevalonic acid', 95)	('DL-Mevalonic acid', 95)	('RS-Mevalonic acid', 95)	('(R)-mevalonic acid', 95)	('(S)-mevalonic acid', 95)	('Malonic acid', 92)
Phosphoribosyl pyrophosphate	('phosphoribosyl pyrophosphate', 100)	('phosphoribosylpyrophosphate', 98)	('5-Phosphoribosyl 1-pyrophosphate', 95)	('5-phosphoribosyl 1-pyrophosphate', 95)	('Phosphate', 90)	('phosphate', 90)	('Pyrophosphate', 90)	('ribosyl', 90)	('Phosphor', 90)	('phosphate', 90)
Hydrogen peroxide	('Hydrogen peroxide', 100)	('hydrogen peroxide', 100)	('HYDROGEN PEROXIDE', 100)	('hydrogen peroxide', 100)	('hydrogen(peroxide)(1-)', 95)	('Hydrogen peroxide urea', 95)	('urea hydrogen peroxide', 95)	('dihydrogen(peroxide)', 94)	('dihydrogen peroxide', 94)	('hydrogenperoxide(1-)', 91)
5'-Phosphoribosyl-N-formylglycinamide	"(""5'-Phosphoribosyl-N-formylglycinamide"", 100)"	"(""5'-Phosphoribosyl-N-formylglycinamidine"", 97)"	"(""5'-Phosphoribosylformylglycinamidine"", 93)"	"(""1-(5'-Phosphoribosyl)-N-formylglycinamidine"", 92)"	('Amide', 90)	('formyl', 90)	('amide', 90)	('ribosyl', 90)	('Glycin', 90)	('Glycinamid', 90)
dUDP	('dUDP', 100)	('dUDP', 100)	('dUDP', 100)	('dUDP', 100)	('P', 90)	('dU', 90)	('D', 90)	('P', 90)	('U', 90)	('U', 90)
7-Dehydrodesmosterol	('7-Dehydrodesmosterol', 100)	('7-dehydrodesmosterol', 100)	('Desmosterol', 90)	('Sterol', 90)	('Ste', 90)	('DES', 90)	('Des', 90)	('DES', 90)	('sterol', 90)	('desmosterol', 90)
Coenzyme A	('Coenzyme A', 100)	('COENZYME A', 100)	('coenzyme A', 100)	('coenzyme', 95)	('Coenzym A', 95)	('HMG-coenzyme A', 95)	('coenzyme', 95)	('coenzyme A(4-)', 95)	('CO', 90)	('(S)-Methylmalonyl-coenzyme A', 90)
Fructose 1,6-bisphosphate	('fructose 1,6-bisphosphate', 100)	('D-Fructose 1,6-bisphosphate', 96)	('D-fructose 1,6-bisphosphate', 96)	('D-fructose 1,6-bisphosphate', 96)	('D-fructose 1,6-bisphosphate', 96)	('beta-D-Fructose 1,6-bisphosphate', 95)	('beta-D-fructose 1,6-bisphosphate', 95)	('beta-D-fructose 1,6-bisphosphate', 95)	('fructose bisphosphate', 95)	('keto-D-fructose 1,6-bisphosphate', 95)
Flavin Adenine Dinucleotide Oxidized	('Flavin adenine dinucleotide', 95)	('FLAVIN-ADENINE DINUCLEOTIDE', 95)	('flavin adenine dinucleotide', 95)	('Adenine', 90)	('Dinucleotide', 90)	('Flavin', 90)	('Nucleotide', 90)	('Adenin', 90)	('ADENINE', 90)	('nucleo', 90)
Dodecanoyl-[acyl-carrier protein]	('Decanoyl-[acyl-carrier protein]', 97)	('decanoyl-[acyl-carrier protein]', 97)	('Acyl-[acyl-carrier protein]', 95)	('acyl-[acyl-carrier protein]', 95)	('3-Decanoyl-[acyl-carrier protein]', 94)	('Octanoyl-[acyl-carrier protein]', 94)	('octanoyl-[acyl-carrier protein]', 94)	('octanoyl-[acyl-carrier protein]', 94)	('2-Decanoyl-[acyl-carrier protein]', 94)	('3-Decanoyl-[acyl-carrier protein]', 94)
3-Oxodecanoyl-[acyl-carrier protein]	('3-Oxodecanoyl-[acyl-carrier protein]', 100)	('3-Oxododecanoyl-[acyl-carrier protein]', 97)	('3-Decanoyl-[acyl-carrier protein]', 96)	('3-Decanoyl-[acyl-carrier protein]', 96)	('3-Oxohexadecanoyl-[acyl-carrier protein]', 95)	('Acyl-[acyl-carrier protein]', 95)	('acyl-[acyl-carrier protein]', 95)	('3-Oxooctanoyl-[acyl-carrier protein]', 94)	('3-Oxohexanoyl-[acyl-carrier protein]', 94)	('3-Oxotetradecanoyl-[acyl-carrier protein]', 93)
3-Keto-4-methylzymosterol	('3-Keto-4-methylzymosterol', 100)	('4-methylzymosterol', 95)	('3-keto-4alpha-methylzymosterol', 91)	('Sterol', 90)	('Zymosterol', 90)	('methyl', 90)	('methyl', 90)	('ethyl', 90)	('methyl', 90)	('ethyl', 90)
Ammonia	('Ammonia', 100)	('ammonia', 100)	('AMMONIA', 100)	('ammonia', 100)	('Ammoniak', 93)	('ammoniac', 93)	('I-', 90)	('A', 90)	('A', 90)	('A', 90)
Oxidized glutathione	('Oxidized glutathione', 100)	('Oxidized glutathione', 100)	('oxidised glutathione', 95)	('Glutathione', 90)	('Glu', 90)	('<Glu-', 90)	('Glu', 90)	('Glu(-)', 90)	('D-Glu(-)', 90)	('D-Glu', 90)
3-Oxododecanoyl-[acyl-carrier protein]	('3-Oxododecanoyl-[acyl-carrier protein]', 100)	('3-Oxodecanoyl-[acyl-carrier protein]', 97)	('Acyl-[acyl-carrier protein]', 95)	('acyl-[acyl-carrier protein]', 95)	('3-Oxooctanoyl-[acyl-carrier protein]', 94)	('3-Decanoyl-[acyl-carrier protein]', 93)	('3-Decanoyl-[acyl-carrier protein]', 93)	('3-Oxohexadecanoyl-[acyl-carrier protein]', 92)	('3-Oxohexanoyl-[acyl-carrier protein]', 92)	('3-Oxotetradecanoyl-[acyl-carrier protein]', 91)
5-Aminoimidazole ribonucleotide	('5-aminoimidazole ribonucleotide', 100)	('5-AMINOIMIDAZOLE RIBONUCLEOTIDE', 100)	('Aminoimidazole ribonucleotide', 97)	('5-aminoimidazole ribonucleoside', 97)	('5-aminoimidazole ribonucleoside(1+)', 94)	('Nucleotide', 90)	('Imidazole', 90)	('5-Aminoimidazole', 90)	('imidazole', 90)	('amino', 90)
dCDP	('dCDP', 100)	('dCDP', 100)	('dCDP', 100)	('dCDP', 100)	('C', 90)	('P', 90)	('dC', 90)	('D', 90)	('C', 90)	('P', 90)
Carbon dioxide	('Carbon dioxide', 100)	('carbon dioxide', 100)	('CARBON DIOXIDE', 100)	('carbon dioxide', 100)	('carbon dioxide anion', 95)	('carbon dioxide((13)C)', 95)	('carbon-(13)C dioxide', 95)	('((13)C)carbon dioxide', 95)	('carbon oxide', 92)	('Carbon', 90)
4'-Hydroxymethyl-5'-Cholesta-8,24-Dien-3'-Ol	('4-hydroxymethyl-5-alpha-cholesta-8,24-dien-3-beta-ol', 95)	('methyl', 90)	('methyl', 90)	('hydroxy', 90)	('hydroxymethyl', 90)	('4-(hydroxymethyl)-5alpha-cholesta-8,24-dien-3beta-ol', 90)	('4-hydroxymethyl-5alpha-cholesta-8,24-dien-3beta-ol', 90)	('methyl', 90)	('4alpha-(hydroxymethyl)-5alpha-cholesta-8,24-dien-3beta-ol', 87)	('4alpha-hydroxymethyl-5alpha-cholesta-8,24-dien-3beta-ol', 87)
Fructose 6-phosphate	('Fructose-6-phosphate', 100)	('FRUCTOSE-6-PHOSPHATE', 100)	('fructose 6-phosphate', 100)	('D-Fructose 6-phosphate', 95)	('beta-D-Fructose 6-phosphate', 95)	('Amino-D-fructose 6-phosphate', 95)	('keto-D-fructose 6-phosphate', 95)	('beta-D-fructose 6-phosphate', 95)	('D-fructose 6-phosphate', 95)	('fructose L-lysine-6-phosphate', 95)
3-Hydroxy-3-methylglutaryl-CoA	('3-Hydroxy-3-methylglutaryl-CoA', 100)	('3-hydroxy-3-methylglutaryl-CoA', 100)	('(3S)-hydroxy-3-methylglutaryl-CoA', 97)	('(3S)-hydroxy-3-methylglutaryl-CoA', 97)	('(S)-3-Hydroxy-3-methylglutaryl-CoA', 95)	('(S)-3-hydroxy-3-methylglutaryl-CoA', 95)	('(3S)-3-hydroxy-3-methylglutaryl-CoA(5-)', 95)	('(3S)-3-hydroxy-3-methylglutaryl-CoA', 95)	('3-hydroxy-3-methylbutyryl-CoA', 92)	('Hydroxymethylglutaryl-CoA', 91)
4'-Formyl-5'-Cholesta-8,24-Dien-3'-Ol	('4-formyl-5-alpha-cholesta-8,24-dien-3-beta-ol', 95)	('formyl', 90)	('4-formyl-5alpha-cholesta-8,24-dien-3beta-ol', 89)	('3b-Cholesta-5,8-dien-3-ol', 89)	('N-Acetyl-beta-D-glucosaminyl-1,6-(N-acetyl-beta-D-glucosaminyl-1,3)-N-acetyl-D-galactosaminyl-R', 86)	('N-Acetyl-D-galactosaminyl-1,3-D-galactosyl-1,4-D-galactosyl-1,4-D-glucosylceramide', 86)	('N-Acetyl-galactosaminyl-1,3-D-galactosyl-1,4-D-galactosyl-1,4-D-glucosylceramide', 86)	('(+)-3-Carene', 86)	('(+)-exo-5-Hydroxycamphor', 86)	('(+-)-5-Deoxykievitone', 86)
Phosphoserine	('PHOSPHOSERINE', 100)	('phosphoserine', 100)	('phosphoserine', 100)	('D-O-Phosphoserine', 95)	('3-Phosphoserine', 95)	('L-O-Phosphoserine', 95)	('O-phosphoserine', 95)	('O-phosphoserine', 95)	('HO-', 90)	('2-Acyl-sn-glycero-3-phosphoserine', 90)
Phosphoenolpyruvic acid	('Phosphoenolpyruvic acid', 100)	('phosphoenolpyruvic acid', 100)	('2-PHOSPHOENOLPYRUVIC ACID', 96)	('3-phosphonopyruvic acid', 91)	('3-phosphonopyruvic acid', 91)	('Acid', 90)	('Pyruvic acid', 90)	('pyruvic acid', 90)	('PYRUVIC ACID', 90)	('enol', 90)
NADP(+)	('NADP', 100)	('NADP+', 100)	('NADP(+)', 100)	('NADP(+)', 100)	('NADP', 100)	('NADP(+)', 100)	('A', 90)	('P', 90)	('Na+', 90)	('A', 90)
Phosphoribosyl formamidocarboxamide	('Amide', 90)	('amide', 90)	('carboxamide', 90)	('ribosyl', 90)	('Phosphor', 90)	('Formamid', 90)	('phospho', 90)	('oxamide', 90)	('amide', 90)	('carboxamide', 90)
L-Glutamic acid	('L-Glutamic acid', 100)	('L-glutamic acid', 100)	('L-glutamic acid', 100)	('L-glutamic acid', 100)	('DL-Glutamic acid', 97)	('glutamic acid', 95)	('L-glutamic acid, ion(1-)', 95)	('GLUTAMIC ACID', 95)	('glutamic acid', 95)	('N-acyl-L-glutamic acid', 95)
L-Proline	('L-Proline', 100)	('L-proline', 100)	('L-proline', 100)	('L-proline', 100)	('L-proline', 100)	('L-proline', 100)	('proline', 95)	('proline', 95)	('L-(-)-proline', 95)	('PROLINE', 95)
D-Sedoheptulose 7-phosphate	('D-Sedoheptulose 7-phosphate', 100)	('D-sedoheptulose 7-phosphate', 100)	('D-Sedoheptulose 7-phosphate', 100)	('D-sedoheptulose 7-phosphate', 100)	('Sedoheptulose 7-phosphate', 96)	('sedoheptulose 7-phosphate', 96)	('alpha-D-sedoheptulose 7-phosphate', 95)	('alpha-D-sedoheptulose 7-phosphate(2-)', 95)	('sedoheptulose 7-phosphate(2-)', 93)	('Sedoheptulose 1-phosphate', 92)
NAD	('NAD', 100)	('NAD+', 100)	('NAD(+)', 100)	('NAD(+)', 100)	('NAD', 100)	('NAD(+)', 100)	('(R)-Canadine', 90)	('Deamido-NAD', 90)	('Deamido-NAD+', 90)	('Deamino-NAD+', 90)
Palmitic acid	('PALMITIC ACID', 100)	('Palmitic acid', 100)	('palmitic acid', 100)	('palmitic acid ester', 95)	('Palmitinic acid', 93)	('Al', 90)	('Acid', 90)	('Palmitoleic acid', 90)	('Al(+)', 90)	('Al(-)', 90)
Flavin Adenine Dinucleotide Reduced	('flavin adenine dinucleotide (reduced)', 99)	('Flavin adenine dinucleotide', 95)	('FLAVIN-ADENINE DINUCLEOTIDE', 95)	('flavin adenine dinucleotide', 95)	('Adenine', 90)	('Dinucleotide', 90)	('Flavin', 90)	('Nucleotide', 90)	('Adenin', 90)	('ADENINE', 90)
Oxoglutaric acid	('Oxoglutaric acid', 100)	('3-Oxoglutaric acid', 95)	('2-oxoglutaric acid', 95)	('oxoglutaramic acid', 94)	('4-Hydroxy-2-oxoglutaric acid', 90)	('Glutaric acid', 90)	('Acid', 90)	('RI', 90)	('4-hydroxy-4-methyl-2-oxoglutaric acid', 90)	('Glu', 90)
gamma-Glutamylcysteine	('gamma-Glutamylcysteine', 100)	('gamma-glutamylcysteine', 100)	('L-gamma-Glutamylcysteine', 96)	('2 gamma-glutamylcysteine', 96)	('Oxidized gamma-glutamylcysteine', 95)	('Glutamylcysteine', 95)	('glutamylcysteine', 95)	('DON-10-gamma-glutamylcysteine', 95)	('Cysteine', 90)	('gamma-L-Glutamyl-L-cysteine', 90)
5'-Phosphoribosyl-4-carboxy-5-aminoimidazole	"(""5'-Phosphoribosyl-4-carboxy-5-aminoimidazole"", 100)"	"(""1-(5'-Phosphoribosyl)-4-carboxy-5-aminoimidazole"", 96)"	"(""5'-phosphoribosyl-5-aminoimidazole"", 95)"	('5-Phosphoribosyl-4-carbamoyl-5-aminoimidazole', 94)	('5-phosphoribosyl-4-carbamoyl-5-aminoimidazole', 94)	"(""1-(5'-phosphoribosyl)-5-aminoimidazole"", 92)"	('Imidazole', 90)	('5-Aminoimidazole', 90)	('imidazole', 90)	('carboxy', 90)
Oxalacetic acid	('Oxalacetic acid', 100)	('Oxaloacetic acid', 97)	('oxaloacetic acid', 97)	('oxaloacetic acids', 94)	('Al', 90)	('Acid', 90)	('oxal', 90)	('-Et', 90)	('oxoacetic acid', 90)	('Lac', 90)
Glycine	('Glycine', 100)	('glycine', 100)	('glycine', 100)	('GLYCINE', 100)	('glycine', 100)	('glycine', 100)	('glycine', 100)	('glycine-d5', 95)	('Glycin', 92)	('Glycin', 92)
Oxygen	('Oxygen', 100)	('oxygen', 100)	('oxygen', 100)	('oxygene', 92)	('10-Deoxygeniposide tetraacetate', 90)	('10-Deoxygeniposidic acid', 90)	('e-', 90)	('hydridooxygenate(1-)', 90)	('G', 90)	('E', 90)
Cholesterol	('Cholesterol', 100)	('CHOLESTEROL', 100)	('cholesterol', 100)	('cholesterol', 100)	('cholesterol', 100)	('cholesterols', 96)	('LDL cholesterol', 95)	('VLDL cholesterol', 95)	('HDL cholesterol', 95)	('Cholestenol', 91)
Fumaric acid	('Fumaric acid', 100)	('FUMARIC ACID', 100)	('fumaric acid', 100)	('Fusaric acid', 92)	('Fusaric acid', 92)	('Methylfumaric acid', 90)	('Acid', 90)	('Dihydroxyfumaric acid', 90)	('RI', 90)	('2-methylfumaric acid', 90)
Squalene	('Squalene', 100)	('squalene', 100)	('squalene', 100)	('squalene', 100)	('Al', 90)	('(S)-Squalene-2,3-epoxide', 90)	('Squalene 2,3-oxide', 90)	('Squalene 2,3-epoxide', 90)	('(S)-2,3-Epoxysqualene', 90)	('A', 90)
Ubiquinone-1	('UBIQUINONE-1', 100)	('ubiquinone-1', 100)	('Ubiquinone-10', 96)	('ubiquinone 10', 96)	('UBIQUINONE-10', 96)	('ubiquinone Q1', 96)	('ubiquinone 10', 96)	('ubiquinone-10', 96)	('ubiquinone-10', 96)	('Ubiquinone', 95)
Isopentenyl pyrophosphate	('Isopentenyl pyrophosphate', 100)	('isopentenyl pyrophosphate', 100)	('ISOPENTYL PYROPHOSPHATE', 96)	('delta-3-Isopentenyl pyrophosphate', 95)	('Polyisopentenylpyrophosphate', 91)	('isopentenyl phosphate', 91)	('isopentenyl phosphate', 91)	('isopentenyl phosphate', 91)	('Phosphate', 90)	('phosphate', 90)
D-Ribose 5-phosphate	('D-Ribose 5-phosphate', 100)	('D-Ribose 5-phosphate', 100)	('D-ribose 5-phosphate', 100)	('D-ribose 5-phosphate', 100)	('D-ribose 5-phosphate', 100)	('D-ribose 5-phosphate', 100)	"(""D-ribose 5'-phosphate"", 98)"	('D-Ribose 5-diphosphate', 95)	('Ribose 5-phosphate', 95)	('D-Ribulose 5-phosphate', 95)
(2E)-Octenoyl-[acp]	('ACP', 90)	('enoyl', 90)	('TEN', 90)	('ACP', 90)	('TEN', 90)	('(2E)-Dodecenoyl-[acp]', 89)	('(2E)-Octadecenoyl-[acp]', 89)	('(2E)-Decenoyl-[acp]', 88)	('(2E,4Z)-2-Hydroxy-5-methyl-6-oxohexa-2,4-dienoate', 86)	('2-Butenoic acid, 2-methyl-, ethyl ester, (2E)-', 86)
Phosphoribosylformylglycineamidine	"(""5'-Phosphoribosylformylglycinamidine"", 94)"	('Glycine', 90)	"(""5'-Phosphoribosyl-N-formylglycinamidine"", 90)"	('glycine', 90)	('formyl', 90)	('ribosyl', 90)	('glycine', 90)	('Glycin', 90)	('Phosphor', 90)	('amidine', 90)
Hydrogen carbonate	('hydrogen carbonate', 100)	('Hydrogencarbonate', 97)	('hydrogencarbonate', 97)	('hydrogencarbonate', 97)	('hydrogencarbonate', 97)	('hydrogencarbonate', 97)	('Dihydrogen carbonate', 95)	('sodium hydrogen carbonate', 95)	('ethyl hydrogen carbonate', 95)	('hydrogen ((13)C)carbonate', 95)
L-Glutamine	('L-Glutamine', 100)	('L-glutamine', 100)	('L-glutamine', 100)	('L-glutamine', 100)	('L-glutamine', 100)	('L-glutamine', 100)	('Glutamine', 95)	('glutamine', 95)	('L-(+)-glutamine', 95)	('L-Glutamin', 95)
Phosphohydroxypyruvic acid	('phosphohydroxypyruvic acid', 100)	('3-Phosphohydroxypyruvic acid', 96)	('Acid', 90)	('Pyruvic acid', 90)	('pyruvic acid', 90)	('hydroxy', 90)	('PYRUVIC ACID', 90)	('acid', 90)	('uvic acid', 90)	('phospho', 90)
14-Demethyllanosterol	('14-Demethyllanosterol', 100)	('14-demethyllanosterol', 100)	('14-desmethyllanosterol', 98)	('Lanosterol', 90)	('Sterol', 90)	('Met', 90)	('methyl', 90)	('methyl', 90)	('ethyl', 90)	('Ste', 90)
4,4-Dimethyl-14Alpha-Hydroxymethyl-5Alpha-Cholesta-8,24-Dien-3Beta-Ol	('4,4-Dimethyl-14alpha-hydroxymethyl-5alpha-cholesta-8-en-3beta-ol', 96)	('4,4-Dimethyl-5alpha-cholesta-8,24-dien-3beta-ol', 95)	('4,4-dimethyl-5alpha-cholesta-8,24-dien-3beta-ol', 95)	('4-(hydroxymethyl)-5alpha-cholesta-8,24-dien-3beta-ol', 95)	('4,4-dimethyl-5alpha-cholesta-8,24-dien-3beta-ol', 95)	('4-hydroxymethyl-5alpha-cholesta-8,24-dien-3beta-ol', 95)	('4,4-dimethyl-14alpha-hydroxymethyl-5alpha-cholest-8-en-3beta-ol', 95)	('4,4-dimethyl-14alpha-hydroxymethyl-5alpha-cholest-8-en-3beta-ol', 95)	('4alpha-(hydroxymethyl)-4-methyl-5alpha-cholesta-8,24-dien-3beta-ol', 93)	('4,4-dimethyl-14-alpha-hydroxymethyl-5-alpha-cholest-8-en-3-beta-ol', 93)
Cytidine monophosphate	"(""Cytidine-5'-monophosphate"", 95)"	"(""Cytidine 2'-monophosphate"", 95)"	"(""cytidine 5'-monophosphate"", 95)"	"(""CYTIDINE-5'-MONOPHOSPHATE"", 95)"	"(""CYTIDINE-3'-MONOPHOSPHATE"", 95)"	"(""Cytidine-3'-Monophosphate"", 95)"	"(""Cytidine 3'-monophosphate"", 95)"	('Cytidine-5-monophosphate dianion', 95)	"(""CYTIDINE-2'-MONOPHOSPHATE"", 95)"	"(""5-IODO-CYTIDINE-5'-MONOPHOSPHATE"", 95)"
Tetradecanoyl-[acyl-carrier protein]	('Tetradecanoyl-[acyl-carrier protein]', 100)	('Acyl-[acyl-carrier protein]', 95)	('acyl-[acyl-carrier protein]', 95)	('3-Oxotetradecanoyl-[acyl-carrier protein]', 93)	('Hexadecanoyl-[acyl-carrier protein]', 93)	('Decanoyl-[acyl-carrier protein]', 92)	('decanoyl-[acyl-carrier protein]', 92)	('[Acyl-carrier protein]', 90)	('Acyl-carrier protein', 90)	('3-Decanoyl-[acyl-carrier protein]', 90)
Adenosine monophosphate	('ADENOSINE MONOPHOSPHATE', 100)	('adenosine monophosphate', 100)	"(""5'-Adenosine monophosphate"", 95)"	"(""Adenosine 5'-monophosphate"", 95)"	"(""Adenosine-3'-monophosphate"", 95)"	"(""3'-Adenosine monophosphate"", 95)"	"(""Adenosine-2'-monophosphate"", 95)"	"(""ADENOSINE-2'-MONOPHOSPHATE"", 95)"	"(""adenosine 2'-monophosphate"", 95)"	('Adenosine-5-monophosphate(2-)', 95)
Tetrahydrofolic acid	('Tetrahydrofolic acid', 100)	('tetrahydrofolic acid', 100)	('Tetrahydrofolic acid', 100)	('tetrahydrofolic acid', 100)	('tetrahydrofolic acids', 98)	('(6S)-Tetrahydrofolic acid', 95)	('5,6,7,8-tetrahydrofolic acid', 95)	('(6S)-Tetrahydrofolic acid', 95)	('5,6,7,8-tetrahydrofolic acid', 95)	('6R-Tetrahydrofolic acid', 95)
 Acyl Carrier Protein	('[Acyl-carrier protein]', 100)	('Acyl-carrier protein', 100)	('acyl-carrier protein', 100)	('Butyryl-[acyl-carrier protein]', 95)	('Acetyl-[acyl-carrier protein]', 95)	('Acyl-[acyl-carrier protein]', 95)	('Malonyl-[acyl-carrier protein]', 95)	('Apo-[acyl-carrier-protein]', 95)	('Lipoyl-[acyl carrier protein]', 95)	('acetyl-[acyl-carrier protein]', 95)
Dihydroxyacetone phosphate	('Dihydroxyacetone phosphate', 100)	('dihydroxyacetone phosphate', 100)	('dihydroxyacetone phosphate', 100)	('dihydroxyacetone phosphate', 100)	('Hydroxyacetone phosphate', 96)	('hydroxyacetone phosphate', 96)	('hydroxyacetone phosphate', 96)	('hydroxyacetone phosphate', 96)	('Dihydroxyacetone phosphate acyl ester', 95)	('Palmitoyl dihydroxyacetone phosphate', 95)
dADP	('dADP', 100)	('dADP', 100)	('dADP', 100)	('dADP', 100)	('A', 90)	('P', 90)	('A', 90)	('dA', 90)	('A', 90)	('D', 90)
(2E)-Hexadecenoyl-[acp]	('(2E)-Hexadecenoyl-[acp]', 100)	('ACP', 90)	('Dec', 90)	('enoyl', 90)	('Ade', 90)	('Dec', 90)	('ACP', 90)	('(2E)-Decenoyl-[acp]', 89)	('(2E)-Hexenoyl-[acp]', 89)	('(2E)-Hexadecenoyl-CoA', 88)
L-Lactic acid	('L-Lactic acid', 100)	('Lactic acid', 95)	('(-)-lactic acid', 95)	('(+)-lactic acid', 95)	('L-(+)-lactic acid', 95)	('LACTIC ACID', 95)	('Poly-L-lactic acid', 95)	('poly(L-lactic acid)', 95)	('Lactic acid', 95)	('D-Lactic acid', 92)
QH2	('QH2', 100)	('QH2', 100)	('H+', 90)	('H2', 90)	('PQQH2', 90)	('CoQH2', 90)	('Q', 90)	('Q', 90)	('H2', 90)	('H', 90)
Sedoheptulose 1,7-bisphosphate	('Sedoheptulose 1,7-bisphosphate', 100)	('sedoheptulose 1,7-bisphosphate', 100)	('sedoheptulose 1,7-bisphosphate', 100)	('sedoheptulose 1,7-bisphosphate', 100)	('D-Sedoheptulose 1,7-bisphosphate', 97)	('sedoheptulose 1,7-bisphosphate(4-)', 97)	('sedoheptulose 1,7-bisphosphate tetraanion', 95)	('Sedoheptulose 1-phosphate', 91)	('Sedoheptulose 7-phosphate', 91)	('sedoheptulose 1-phosphate', 91)
L-Cystine	('L-Cystine', 100)	('L-cystine', 100)	('L-cystine', 100)	('L-cystine', 100)	('L-cystine', 100)	('L-cystine', 100)	('L-Cysteine', 95)	('Cystine', 95)	('L-cysteine', 95)	('cystine', 95)
Citric acid	('Citric acid', 100)	('CITRIC ACID', 100)	('citric acid', 100)	('citric acids', 96)	('citric acid-d4', 95)	('citridic acid', 92)	('Citronic acid', 92)	('Nitric acid', 91)	('nitric acid', 91)	('D-threo-Isocitric acid', 90)
4alpha-Methylzymosterol	('4alpha-Methylzymosterol', 100)	('4alpha-methylzymosterol', 100)	('4alpha-formyl-4-methylzymosterol', 95)	('3-keto-4alpha-methylzymosterol', 95)	('3-dehydro-4alpha-methylzymosterol', 95)	('Sterol', 90)	('Zymosterol', 90)	('Met', 90)	('methyl', 90)	('methyl', 90)
3-phospho-D-glycerate	('3-Phospho-D-glycerate', 100)	('3-phospho-D-glycerate', 100)	('2-Phospho-D-glycerate', 95)	('2-phospho-D-glycerate', 95)	('3-Phosphoglycerate', 92)	('3-phosphoglycerate', 92)	('3-Phosphoglycerate', 92)	('3-Phosphoglycerate', 92)	('3-phosphoglycerate', 92)	('3-phosphoglycerate', 92)
Uridine 5'-monophosphate	"(""Uridine 5'-monophosphate"", 100)"	"(""URIDINE-5'-MONOPHOSPHATE"", 100)"	"(""URIDINE-5'-MONOPHOSPHATE"", 100)"	"(""uridine 5'-monophosphate"", 100)"	"(""Uridine 3'-monophosphate"", 96)"	"(""Uridine 2'-monophosphate"", 96)"	"(""uridine 3'-monophosphate"", 96)"	"(""uridine 5'-monophosphate(2-)"", 96)"	"(""uridine-3'-monophosphate"", 96)"	"(""L-URIDINE-5'-MONOPHOSPHATE"", 96)"
Uridine 5'-diphosphate	"(""Uridine 5'-diphosphate"", 100)"	"(""uridine 5'-diphosphate"", 100)"	"(""uridine 5'-diphosphate(3-)"", 96)"	"(""URIDINE-5'-DIPHOSPHATE-GLUCOSE"", 95)"	"(""uridine 5'-phosphate"", 95)"	('Uridine diphosphate', 95)	"(""uridine 5'-diphosphate trianion"", 95)"	"(""uridine 5'-phosphate"", 95)"	"(""uridine 5'-phosphate"", 95)"	('uridine diphosphate', 95)
biomasss	('I-', 90)	('B', 90)	('As', 90)	('A', 90)	('S', 90)	('A', 90)	('A', 90)	('I', 90)	('M', 90)	('S', 90)
L-Carnitine	('L-Carnitine', 100)	('(-)-L-Carnitine', 100)	('(L)-carnitine', 96)	('Carnitine', 95)	('carnitine', 95)	('Carnitine', 95)	('(-)-Carnitine', 95)	('(+)-Carnitine', 95)	('CARNITINE', 95)	('D,L-carnitine', 95)
Glycineamideribotide	('Glycineamideribotide', 100)	('Gly', 90)	('Glycine', 90)	('Amide', 90)	('glycine', 90)	('amide', 90)	('glycine', 90)	('-Gly-', 90)	('Glycin', 90)	('-Gly', 90)
Adenosine diphosphate	('adenosine diphosphate', 100)	('adenosine disphosphate', 98)	"(""Adenosine 5'-diphosphate"", 95)"	('adenosine phosphate', 95)	"(""ADENOSINE-5'-DIPHOSPHATE"", 95)"	('adenosine diphosphate ribose', 95)	('Adenosine diphosphate glucose', 95)	('Adenosine diphosphate ribose', 95)	('adenosine phosphate', 95)	"(""adenosine 5'-diphosphate"", 95)"
10-Formyltetrahydrofolate	('10-Formyltetrahydrofolate', 100)	('10-formyltetrahydrofolate(2-)', 96)	('(6S)-10-formyltetrahydrofolate', 95)	('10-formyltetrahydrofolate dianion', 95)	('(6S)-10-formyltetrahydrofolate', 95)	('5-Formyltetrahydrofolate', 94)	('5-formyltetrahydrofolate', 94)	('5-formyltetrahydrofolate', 94)	('Folate', 90)	('Tetrahydrofolate', 90)
5Alpha-Cholesta-8,24-Dien-3-One	('5alpha-cholesta-8,24-dien-3-one', 100)	('4-methyl-5alpha-cholesta-8,24-dien-3-one', 95)	('4-methyl-5alpha-cholesta-8(9),24-dien-3-one', 95)	('4-methyl-5alpha-cholesta-8,24-dien-3-one', 95)	('4-carboxy-5alpha-cholesta-8(9),24-dien-3-one', 95)	('4-carboxy-5alpha-cholesta-8(9),24-dien-3-one', 95)	('4alpha-methyl-5alpha-cholesta-8,24-dien-3-one', 95)	('4alpha-methyl-5alpha-cholesta-8,24-dien-3-one', 95)	('5alpha-cholesta-8-en-3-one', 91)	('5alpha-cholesta-8-en-3-one', 91)
Uridine triphosphate	('Uridine triphosphate', 100)	('uridine triphosphate', 100)	"(""Uridine 5'-triphosphate"", 95)"	"(""uridine 5'-triphosphate(4-)"", 95)"	"(""URIDINE 5'-TRIPHOSPHATE"", 95)"	('allyl uridine-triphosphate', 95)	('crotyl uridine-triphosphate', 95)	('prenyl uridine-triphosphate', 95)	('ethyl uridine triphosphate', 95)	('Uridine diphosphate', 92)
Desmosterol	('Desmosterol', 100)	('desmosterol', 100)	('7-Dehydrodesmosterol', 90)	('Sterol', 90)	('Ste', 90)	('Mo', 90)	('Os', 90)	('Te', 90)	('Te(.-)', 90)	('>Te', 90)
D-3-Hydroxydodecanoyl-[acyl-carrier protein]	('D-3-Hydroxydodecanoyl-[acyl-carrier protein]', 100)	('(R)-3-Hydroxydodecanoyl-[acyl-carrier protein]', 97)	('D-3-Hydroxyhexanoyl-[acyl-carrier protein]', 93)	('(3R)-3-hydroxydecanoyl-[acyl-carrier protein]', 93)	('(3R)-3-hydroxyoctanoyl-[acyl-carrier protein]', 91)	('3-Oxododecanoyl-[acyl-carrier protein]', 90)	('[Acyl-carrier protein]', 90)	('Acyl-carrier protein', 90)	('3-Oxodecanoyl-[acyl-carrier protein]', 90)	('Protein', 90)
Acetyl-CoA	('Acetyl-CoA', 100)	('acetyl-CoA', 100)	('acetyl-CoA', 100)	('acetyl-CoA', 100)	('S-acetyl-CoA', 95)	('acetyl-CoA(4-)', 95)	('CO', 90)	('Phenoxyacetyl-CoA', 90)	('Phenylacetyl-CoA', 90)	('3-Acetoacetyl-CoA', 90)
Xanthosine monophosphate	('xanthosine monophosphate', 100)	"(""XANTHOSINE-5'-MONOPHOSPHATE"", 95)"	('xanthosine phosphate', 91)	('NOP', 90)	('Phosphate', 90)	('Xanthosine', 90)	('phosphate', 90)	('xanthosine', 90)	('Xan', 90)	('Mon', 90)
6-Phosphonoglucono-D-lactone	('6-phosphonoglucono-delta-lactone', 93)	('phosphono', 90)	('lactone', 90)	('Lacton', 90)	('phospho', 90)	('lactone', 90)	('N-Acetyl-beta-D-glucosaminyl-1,6-(N-acetyl-beta-D-glucosaminyl-1,3)-N-acetyl-D-galactosaminyl-R', 86)	('N-Acetyl-D-galactosaminyl-1,3-D-galactosyl-1,4-D-galactosyl-1,4-D-glucosylceramide', 86)	('N-Acetyl-galactosaminyl-1,3-D-galactosyl-1,4-D-galactosyl-1,4-D-glucosylceramide', 86)	('d-Borneol', 86)
Orotidylic acid	('Orotidylic acid', 100)	('Acid', 90)	('OT', 90)	('Ac', 90)	('Li(+)', 90)	('Li(-)', 90)	('Li', 90)	('Dy', 90)	('Ac', 90)	('Ti', 90)
(S)-2,3-Epoxysqualene	('(S)-2,3-Epoxysqualene', 100)	('(S)-2,3-epoxysqualene', 100)	('(S)-2,3-epoxysqualene', 100)	('(S)-2,3-epoxysqualene', 100)	('(S)-2,3-epoxysqualene', 100)	('2,3-epoxysqualene', 95)	('Squalene', 90)	('squalene', 90)	('oxy', 90)	('epoxy', 90)
Carbamoyl phosphate	('Carbamoyl phosphate', 100)	('carbamoyl phosphate', 100)	('carbamoyl phosphate', 100)	('carbamoyl phosphate', 100)	('carbamoyl phosphate', 100)	('Carbamyl phosphate', 97)	('carbamoyl phosphate dianion', 95)	('carbamoyl phosphate(2-)', 95)	('Phosphate', 90)	('phosphate', 90)
L-Serine	('L-Serine', 100)	('L-serine', 100)	('L-serine', 100)	('L-serine', 100)	('L-serine', 100)	('L-serine', 100)	('Serine', 95)	('serine', 95)	('SERINE', 95)	('Serine', 95)
(R)-5-Diphosphomevalonate	('(R)-5-Diphosphomevalonate', 100)	('(R)-5-diphosphomevalonate', 100)	('(R)-5-diphosphomevalonate', 100)	('(R)-5-diphosphomevalonate', 100)	('(R)-5-Phosphomevalonate', 96)	('(R)-5-phosphomevalonate', 96)	('(R)-5-phosphomevalonate', 96)	('(R)-5-phosphomevalonate', 96)	('(R)-3-phosphomevalonate', 91)	('(R)-3-phosphomevalonate', 91)
Glyceric acid 1,3-biphosphate	('Glyceric acid 1,3-biphosphate', 100)	('Glyceric acid 3-phosphate', 93)	('Glyceric acid', 90)	('Phosphate', 90)	('Acid', 90)	('phosphate', 90)	('glyceric acid', 90)	('phosphate', 90)	('acid', 90)	('ceric acid', 90)
4'-Carboxy-5'-Cholesta-8,24-Dien-3'-Ol	('carboxy', 90)	('4-methyl,4-carboxy-5alpha-cholesta-8(9),24-dien-3beta-ol', 89)	('4-carboxy-5alpha-cholesta-8(9),24-dien-3beta-ol', 89)	('4-carboxy-5alpha-cholesta-8(9),24-dien-3-one', 87)	('4-carboxy-5alpha-cholesta-8(9),24-dien-3-one', 87)	('N-Acetyl-beta-D-glucosaminyl-1,6-(N-acetyl-beta-D-glucosaminyl-1,3)-N-acetyl-D-galactosaminyl-R', 86)	('N-Acetyl-D-galactosaminyl-1,3-D-galactosyl-1,4-D-galactosyl-1,4-D-glucosylceramide', 86)	('N-Acetyl-galactosaminyl-1,3-D-galactosyl-1,4-D-galactosyl-1,4-D-glucosylceramide', 86)	('((R)-3-Hydroxybutanoyl)(n-2)', 86)	('(+)-3-Carene', 86)
Urea	('Urea', 100)	('urea', 100)	('UREA', 100)	('urea', 100)	('urea', 100)	('urea', 100)	('N-(Carboxyaminomethyl)urea', 90)	('N-(Hydroxymethyl)urea', 90)	('Dimethylenetriurea', 90)	('Monooxalylurea', 90)
5alpha-Cholesta-7,24-dien-3beta-ol	('5alpha-Cholesta-7,24-dien-3beta-ol', 100)	('5alpha-cholesta-7,24-dien-3beta-ol', 100)	('5alpha-cholesta-7,24-dien-3beta-ol', 100)	('5alpha-cholesta-7,24-dien-3beta-ol', 100)	('5alpha-Cholesta-8,24-dien-3beta-ol', 97)	('5alpha-cholesta-8,24-dien-3beta-ol', 97)	('5alpha-cholesta-8,24-dien-3beta-ol', 97)	('5-alpha-cholesta-7,24-dien-3-beta-ol', 97)	('(3beta,5alpha)-cholesta-7,24-dien-3-ol', 95)	('5alpha-cholesta-8,14-dien-3beta-ol', 94)
(R)-5-Phosphomevalonate	('(R)-5-Phosphomevalonate', 100)	('(R)-5-phosphomevalonate', 100)	('(R)-5-phosphomevalonate', 100)	('(R)-5-phosphomevalonate', 100)	('(R)-5-Diphosphomevalonate', 96)	('(R)-5-diphosphomevalonate', 96)	('(R)-5-diphosphomevalonate', 96)	('(R)-5-diphosphomevalonate', 96)	('(R)-3-phosphomevalonate', 95)	('(R)-3-phosphomevalonate', 95)
3-Oxohexanoyl-[acyl-carrier protein]	('3-Oxohexanoyl-[acyl-carrier protein]', 100)	('3-Oxohexadecanoyl-[acyl-carrier protein]', 95)	('Acyl-[acyl-carrier protein]', 95)	('acyl-[acyl-carrier protein]', 95)	('3-Oxodecanoyl-[acyl-carrier protein]', 94)	('3-Oxododecanoyl-[acyl-carrier protein]', 92)	('Hexanoyl-[acyl-carrier protein]', 92)	('3-Oxooctanoyl-[acyl-carrier protein]', 91)	('3-oxoacyl-[acyl-carrier-protein]', 91)	('3-oxoacyl-[acyl-carrier protein]', 91)
Zymosterol	('Zymosterol', 100)	('zymosterol', 100)	('zymostrol', 95)	('4alpha-Methylzymosterol', 90)	('Zymostenol', 90)	('Sterol', 90)	('Ste', 90)	('Mo', 90)	('Os', 90)	('Te', 90)
Hexanoyl-[acyl-carrier protein]	('Hexanoyl-[acyl-carrier protein]', 100)	('Acyl-[acyl-carrier protein]', 95)	('acyl-[acyl-carrier protein]', 95)	('Hexadecanoyl-[acyl-carrier protein]', 94)	('Hexadecenoyl-[acyl-carrier protein]', 94)	('Decanoyl-[acyl-carrier protein]', 93)	('decanoyl-[acyl-carrier protein]', 93)	('3-Oxohexanoyl-[acyl-carrier protein]', 92)	('2-hexadecenoyl-[acyl-carrier protein]', 91)	('[Acyl-carrier protein]', 90)
(2E)-Decenoyl-[acp]	('(2E)-Decenoyl-[acp]', 100)	('(2E)-Dodecenoyl-[acp]', 94)	('ACP', 90)	('Dec', 90)	('enoyl', 90)	('Dec', 90)	('ACP', 90)	('(2E)-Hexadecenoyl-[acp]', 89)	('(2E)-Octadecenoyl-[acp]', 89)	('(2E)-Hexenoyl-[acp]', 88)
Guanidoacetic acid	('Guanidoacetic acid', 100)	('Guanidinoacetic acid', 95)	('guanidinoacetic acid', 95)	('guanidinoacetic acids', 92)	('Acid', 90)	('Acetic acid', 90)	('ACETIC ACID', 90)	('acetic acid', 90)	('Gua', 90)	('Ido', 90)
(2E)-Hexenoyl-[acp]	('(2E)-Hexenoyl-[acp]', 100)	('ACP', 90)	('enoyl', 90)	('ACP', 90)	('(2E)-Hexadecenoyl-[acp]', 89)	('(2E)-Decenoyl-[acp]', 88)	('(2E,4Z)-2-Hydroxy-5-methyl-6-oxohexa-2,4-dienoate', 86)	('2-Butenoic acid, 2-methyl-, ethyl ester, (2E)-', 86)	('(2E)-3-(3,4-dihydroxy-5-methoxyphenyl)-2-propenoic acid', 86)	('(2E,6E)-(10R,11S)-10,11-Epoxy-3,7,11-trimethyltrideca-2,6-dienoate', 86)
4'-Hydroxymethyl-4'-Methyl-5'-Cholesta-8,24-Dien-3'-Ol	('4-alpha-hydroxymethyl-4-beta-methyl-5-alpha-cholesta-8,24-dien-3-beta-ol', 95)	('4alpha-(hydroxymethyl)-4-methyl-5alpha-cholesta-8,24-dien-3beta-ol', 91)	('hydroxy', 90)	('hydroxymethyl', 90)	('4alpha-hydroxymethyl-4beta-methyl-5alpha-cholesta-8,24-dien-3beta-ol', 88)	('4beta-(hydroxymethyl)-4alpha-methyl-5alpha-cholesta-8,24-dien-3beta-ol', 88)	('4beta-hydroxymethyl-4alpha-methyl-5alpha-cholesta-8,24-dien-3beta-ol', 88)	('4beta-hydroxymethyl-4alpha-methyl-5alpha-cholesta-8,24-dien-3beta-ol', 88)	('4beta-hydroxymethyl-4alpha-methyl-5alpha-cholesta-8,24-dien-3beta-ol', 88)	('4-hydroxymethyl-5-alpha-cholesta-8,24-dien-3-beta-ol', 87)
Decanoyl-[acyl-carrier protein]	('Decanoyl-[acyl-carrier protein]', 100)	('decanoyl-[acyl-carrier protein]', 100)	('3-Decanoyl-[acyl-carrier protein]', 97)	('2-Decanoyl-[acyl-carrier protein]', 97)	('3-Decanoyl-[acyl-carrier protein]', 97)	('Acyl-[acyl-carrier protein]', 95)	('acyl-[acyl-carrier protein]', 95)	('Hexadecanoyl-[acyl-carrier protein]', 94)	('Octanoyl-[acyl-carrier protein]', 93)	('Hexanoyl-[acyl-carrier protein]', 93)
Argininosuccinic acid	('L-Argininosuccinic acid', 95)	('L-argininosuccinic acid', 95)	('L-Arginosuccinic acid', 90)	('Acid', 90)	('Succinic acid', 90)	('L-arginosuccinic acid', 90)	('succinic acid', 90)	('arginino', 90)	('Arg', 90)	('SUCCINIC ACID', 90)
L-Palmitoylcarnitine	('L-Palmitoylcarnitine', 100)	('L-Palmitoylcarnitine', 100)	('Palmitoylcarnitine', 95)	('palmitoylcarnitine', 95)	('O-palmitoylcarnitine', 95)	('Carnitine', 90)	('carnitine', 90)	('tin', 90)	('palmitoyl', 90)	('PALMITOYL', 90)
proton	('proton', 100)	('proton', 100)	('proton', 100)	('OT', 90)	('P', 90)	('R', 90)	('P', 90)	('T', 90)	('T', 90)	('T(+)', 90)
Water	('Water', 100)	('water', 100)	('WATER', 100)	('water', 100)	('water-t', 95)	('A', 90)	('R', 90)	('e-', 90)	('A', 90)	('A', 90)
3-Oxohexadecanoyl-[acyl-carrier protein]	('3-Oxohexadecanoyl-[acyl-carrier protein]', 100)	('3-Oxohexanoyl-[acyl-carrier protein]', 95)	('3-Oxodecanoyl-[acyl-carrier protein]', 95)	('3-Oxotetradecanoyl-[acyl-carrier protein]', 94)	('Hexadecanoyl-[acyl-carrier protein]', 93)	('3-Oxododecanoyl-[acyl-carrier protein]', 92)	('2-hexadecenoyl-[acyl-carrier protein]', 91)	('[Acyl-carrier protein]', 90)	('Acyl-carrier protein', 90)	('3-Decanoyl-[acyl-carrier protein]', 90)
HMA	('HMA', 100)	('H+', 90)	('A', 90)	('A', 90)	('A', 90)	('M', 90)	('A', 90)	('H', 90)	('H(.)', 90)	('H(-)', 90)
GDP	('GDP', 100)	('GDP', 100)	('GDP', 100)	('GDP', 100)	('GDP-4-dehydro-D-rhamnose', 90)	('GDP-D-rhamnose', 90)	('GDP-6-deoxy-D-mannose', 90)	('GDP-6-deoxy-D-talose', 90)	('GDP-L-rhamnose', 90)	('GDP-6-deoxy-L-mannose', 90)
GTP	('GTP', 100)	('gtp', 100)	('GTP', 100)	('GTP', 100)	('GTP', 100)	('GTP-gamma-S', 90)	('P', 90)	('G', 90)	('P', 90)	('T', 90)
Presqualene diphosphate	('Presqualene diphosphate', 100)	('presqualene diphosphate', 100)	('presqualene diphosphate', 100)	('presqualene diphosphate', 100)	('presqualene diphosphate(3-)', 96)	('Phosphate', 90)	('Squalene', 90)	('squalene', 90)	('phosphate', 90)	('diphosphate', 90)
GMP	('GMP', 100)	('GMP', 100)	('GMP', 100)	('GMP', 100)	"(""3'-GMP"", 90)"	('Cyclic GMP', 90)	"(""3',5'-Cyclic GMP"", 90)"	"(""2',3'-Cyclic GMP"", 90)"	('P', 90)	('G', 90)
Octanoyl-[acyl-carrier protein]	('Octanoyl-[acyl-carrier protein]', 100)	('octanoyl-[acyl-carrier protein]', 100)	('octanoyl-[acyl-carrier protein]', 100)	('Acyl-[acyl-carrier protein]', 95)	('acyl-[acyl-carrier protein]', 95)	('octadecynoyl-[acyl-carrier protein]', 94)	('2-octenoyl-[acyl-carrier protein]', 94)	('Decanoyl-[acyl-carrier protein]', 93)	('decanoyl-[acyl-carrier protein]', 93)	('3-Oxooctanoyl-[acyl-carrier protein]', 92)
3-Mercaptopyruvic acid	('3-Mercaptopyruvic acid', 100)	('3-mercaptopyruvic acid', 100)	('mercaptopyruvic acid', 95)	('Acid', 90)	('Pyruvic acid', 90)	('pyruvic acid', 90)	('PYRUVIC ACID', 90)	('mercapto', 90)	('acid', 90)	('uvic acid', 90)
2-Phospho-D-glyceric acid	('2-phospho-D-glyceric acid', 100)	('3-phospho-D-glyceric acid', 96)	('3-phospho-D-glyceric acid', 96)	('2-PHOSPHOGLYCERIC ACID', 94)	('2-phosphoglyceric acid', 94)	('2,3-bisphospho-D-glyceric acid', 91)	('Glyceric acid', 90)	('Acid', 90)	('glyceric acid', 90)	('acid', 90)
D-Erythrose 4-phosphate	('D-Erythrose 4-phosphate', 100)	('D-erythrose 4-phosphate', 100)	('D-erythrose 4-phosphate', 100)	('D-erythrose 4-phosphate', 100)	('D-erythrose 4-phosphate', 100)	('D-erythrulose 4-phosphate', 96)	('D-erythrulose 4-phosphate', 96)	('D-erythrulose 4-phosphate', 96)	('D-erythrose 4-phosphate(2-)', 96)	('Imino-D-erythrose 4-phosphate', 95)
4'-Formyl-4'-Methyl-5'-Cholesta-8,24-Dien-3'-Ol	('methyl', 90)	('formyl', 90)	('methyl', 90)	('methyl', 90)	('4alpha-formyl-4beta-methyl-5alpha-cholesta-8,24-dien-3beta-ol', 87)	('4alpha-formyl-4beta-methyl-5alpha-cholesta-8,24-dien-3beta-ol', 87)	('4beta-formyl-4alpha-methyl-5alpha-cholesta-8,24-dien-3beta-ol', 87)	('N-Acetyl-beta-D-glucosaminyl-1,6-(N-acetyl-beta-D-glucosaminyl-1,3)-N-acetyl-D-galactosaminyl-R', 86)	"(""Bis(5'-guanosyl) tetraphosphate"", 86)"	('N-Acetyl-D-galactosaminyl-1,3-D-galactosyl-1,4-D-galactosyl-1,4-D-glucosylceramide', 86)
(2E)-Tetradecenoyl-[acp]	('(2E)-Tetradecenoyl-[acp]', 100)	('ACP', 90)	('Dec', 90)	('enoyl', 90)	('Ade', 90)	('Dec', 90)	('Tetra', 90)	('ACP', 90)	('(2E)-Hexadecenoyl-[acp]', 88)	('(2E)-Tetradecenoyl-CoA', 88)
3-Oxotetradecanoyl-[acyl-carrier protein]	('3-Oxotetradecanoyl-[acyl-carrier protein]', 100)	('3-Oxohexadecanoyl-[acyl-carrier protein]', 94)	('3-Oxodecanoyl-[acyl-carrier protein]', 93)	('Tetradecanoyl-[acyl-carrier protein]', 93)	('3-Oxododecanoyl-[acyl-carrier protein]', 91)	('[Acyl-carrier protein]', 90)	('Acyl-carrier protein', 90)	('Protein', 90)	('tetradecanoyl', 90)	('decanoyl', 90)
Deoxyadenosine monophosphate	('Deoxyadenosine monophosphate', 100)	"(""2'-Deoxyadenosine 5'-monophosphate"", 95)"	"(""2'-deoxyadenosine 5'-monophosphate"", 95)"	"(""2'-DEOXYADENOSINE-5'-MONOPHOSPHATE"", 95)"	"(""deoxyadenosine 5'-monophosphate"", 95)"	"(""2'-deoxyadenosine monophosphate"", 95)"	"(""2'-deoxyadenosine 5'-monophosphate"", 95)"	"(""8-hydroxy-2'-deoxyadenosine monophosphate"", 95)"	"(""8-aza-2'-deoxyadenosine monophosphate"", 95)"	"(""3'-AMINO DEOXYADENOSINE 5'-MONOPHOSPHATE"", 95)"
Ornithine	('Ornithine', 100)	('ornithine', 100)	('ORNITHINE', 100)	('ornithine', 100)	('D-Ornithine', 95)	('L-Ornithine', 95)	('Xaa-ornithine', 95)	('L-ornithine', 95)	('D-ornithine', 95)	('L-ornithine', 95)
Butyryl-[acyl-carrier protein]	('Butyryl-[acyl-carrier protein]', 100)	('[Acyl-carrier protein]', 95)	('Acyl-carrier protein', 95)	('Acyl-[acyl-carrier protein]', 95)	('acyl-carrier protein', 95)	('acyl-[acyl-carrier protein]', 95)	('Protein', 90)	('butyryl', 90)	('carrier', 90)	('gamma-L-Glutamyl-4-aminobutyryl-[acyl carrier protein]', 90)
L-Malic acid	('L-Malic acid', 100)	('(-)-L-malic acid', 100)	('L-malic acid', 100)	('DL-Malic acid', 96)	('Malic acid', 95)	('Malic acid', 95)	('malic acid', 95)	('D-Malic acid', 92)	('(+)-D-malic acid', 92)	('D-malic acid', 92)
(R)-3-Hydroxydecanoyl-[acyl-carrier protein]	('(3R)-3-hydroxydecanoyl-[acyl-carrier protein]', 99)	('(R)-3-Hydroxydodecanoyl-[acyl-carrier protein]', 98)	('(R)-3-Hydroxyhexanoyl-[acyl-carrier protein]', 95)	('D-3-Hydroxydodecanoyl-[acyl-carrier protein]', 94)	('(3R)-3-hydroxyoctanoyl-[acyl-carrier protein]', 94)	('(R)-3-hydroxytetradecanoyl-[acyl-carrier protein]', 94)	('D-3-Hydroxyhexanoyl-[acyl-carrier protein]', 92)	('(3R)-3-hydroxybutanoyl-[acyl-carrier protein]', 92)	('(3R)-3-hydroxyacyl-[acyl-carrier-protein]', 91)	('(3R)-3-hydroxyacyl-[acyl-carrier protein]', 91)
4,4-Dimethyl-14Alpha-Formyl-5Alpha-Cholesta-8,24-Dien-3Beta-Ol	('4,4-Dimethyl-14a-formyl-5alpha-cholesta-8,24-dien-3beta-ol', 97)	('4,4-Dimethyl-14alpha-formyl-5alpha-cholesta-8-en-3beta-ol', 96)	('4,4-Dimethyl-14alpha-formyl-5alpha-cholesta-8-en-3beta-ol', 96)	('4,4-Dimethyl-5alpha-cholesta-8,24-dien-3beta-ol', 95)	('4,4-dimethyl-5alpha-cholesta-8,24-dien-3beta-ol', 95)	('4,4-dimethyl-5alpha-cholesta-8,24-dien-3beta-ol', 95)	('4-formyl-5alpha-cholesta-8,24-dien-3beta-ol', 95)	('4,4-dimethyl-14alpha-formyl-5alpha-cholest-8-en-3beta-ol', 95)	('4,4-dimethyl-14alpha-formyl-5alpha-cholesta-8,24-dien-3beta,15alpha-diol', 93)	('4,4-dimethyl-5alpha-cholesta-8,14-dien-3beta-ol', 92)
Xylulose 5-phosphate	('xylulose 5-phosphate', 100)	('L-Xylulose 5-phosphate', 95)	('D-Xylulose 5-phosphate', 95)	('D-Xylulose-5-phosphate', 95)	('xylulose phosphate', 95)	('D-xylulose 5-phosphate', 95)	('L-xylulose 5-phosphate', 95)	('D-xylulose 5-phosphate', 95)	('L-xylulose 5-phosphate', 95)	('D-xylulose 5-phosphate', 95)
6-Phosphogluconic acid	('6-phospho-D-gluconic acid', 94)	('Acid', 90)	('HOG', 90)	('Glu', 90)	('<Glu-', 90)	('Glu', 90)	('Glu(-)', 90)	('Gluconic acid', 90)	('Glu-', 90)	('-Glu', 90)
Adenylsuccinic acid	('Adenylosuccinic acid', 97)	('Acid', 90)	('Ade', 90)	('DEN', 90)	('Suc<', 90)	('-Suc-', 90)	('acid', 90)	('acid', 90)	('benzylsuccinic acid', 89)	('1-Carbapen-2-em-3-carboxylic acid', 86)
Glucose 6-phosphate	('D-Glucose 6-phosphate', 95)	('alpha-D-Glucose 6-phosphate', 95)	('beta-D-Glucose 6-phosphate', 95)	('BETA-D-GLUCOSE-6-PHOSPHATE', 95)	('ALPHA-D-GLUCOSE-6-PHOSPHATE', 95)	('alpha-D-glucose 6-phosphate', 95)	('beta-D-glucose 6-phosphate', 95)	('alpha-D-glucose 6-phosphate', 95)	('D-glucose 1,6-bis(phosphate)', 95)	('beta-D-glucose 6-phosphate', 95)
5,10-Methenyltetrahydrofolic acid	('(6R)-5,10-methenyltetrahydrofolic acid', 95)	('5,10-methylenetetrahydrofolic acid', 93)	('5,10-methylenetetrahydrofolic acid', 93)	('5-methyltetrahydrofolic acid', 92)	('Folic acid', 90)	('Tetrahydrofolic acid', 90)	('tetrahydrofolic acid', 90)	('Tetra', 90)	('ethenyl', 90)	('FOLIC ACID', 90)
(S)-Dihydroorotate	('(S)-dihydroorotate', 100)	('(S)-dihydroorotate', 100)	('(S)-dihydroorotate', 100)	('(S)-4,5-dihydroorotate', 95)	('dihydroorotate', 95)	('4,5-dihydroorotate', 91)	('oro', 90)	('orotate', 90)	('(S)-dihydroorotate:fumarate oxidoreductase inhibitors', 90)	('(S)-dihydroorotate:fumarate oxidoreductase inhibitor', 90)
Putrescine	('Putrescine', 100)	('putrescine', 100)	('putrescine', 100)	('putrescine', 100)	('putrescines', 95)	('Putrescin', 95)	('N-Caffeoylputrescine', 90)	('N-Carbamoylputrescine', 90)	('N-Methylputrescine', 90)	('Escin', 90)
5'-Thymidylic acid	"(""5'-Thymidylic acid"", 100)"	"(""5'-thymidylic acid"", 100)"	('Thymidylic acid', 95)	"(""L-5'-thymidylic acid"", 95)"	"(""5'-thymidylic acid residue"", 95)"	"(""3'-thymidylic acid"", 94)"	('Acid', 90)	('Thy', 90)	('thymidyl', 90)	('acid', 90)
Lanosterol	('Lanosterol', 100)	('LANOSTEROL', 100)	('lanosterol', 100)	('lanosterol', 100)	('lanosterol', 100)	('lanosterols', 95)	('24,25-Dihydrolanosterol', 90)	('NO', 90)	('14-Demethyllanosterol', 90)	('Sterol', 90)
D-Ribulose 5-phosphate	('D-Ribulose 5-phosphate', 100)	('D-ribulose 5-phosphate', 100)	('D-ribulose 5-phosphate', 100)	('D-ribulose 5-phosphate', 100)	('D-ribulose 5-phosphate(2-)', 96)	('D-Ribose 5-phosphate', 95)	('L-Ribulose 5-phosphate', 95)	('ribulose phosphate', 95)	('D-Ribose 5-phosphate', 95)	('L-ribulose 5-phosphate', 95)
Formic acid	('Formic acid', 100)	('formic acid', 100)	('FORMIC ACID', 100)	('formic acid', 100)	('formic acids', 96)	('formylic acid', 92)	('Benzylformic acid', 90)	('Phenylformic acid', 90)	('Acid', 90)	('Benzoylformic acid', 90)
AICAR	('AICAR', 100)	('AICAr', 100)	('FAICAR', 91)	('SAICAR', 91)	('Amicar', 91)	('SAICAR', 91)	('I-', 90)	('C', 90)	('A', 90)	('Phosphoribosyl-formimino-AICAR-phosphate', 90)
NADH	('NADH', 100)	('NADH', 100)	('NADH', 100)	('NADH', 100)	('H+', 90)	('A', 90)	('Na+', 90)	('A', 90)	('Na(+)', 90)	('A', 90)
Dimethylallylpyrophosphate	('Dimethylallyl pyrophosphate', 98)	('dimethylallyl pyrophosphate', 98)	('Dimethylallyl pyrophosphate', 98)	('3,3-dimethylallyl pyrophosphate', 91)	('Phosphate', 90)	('phosphate', 90)	('Pyrophosphate', 90)	('methyl', 90)	('methyl', 90)	('ethyl', 90)
SAICAR	('SAICAR', 100)	('SAICAR', 100)	('SAICAR(4-)', 95)	('AICAR', 91)	('AICAr', 91)	('I-', 90)	('C', 90)	('A', 90)	('R', 90)	('S', 90)
Acetyl-[acyl-carrier protein]	('Acetyl-[acyl-carrier protein]', 100)	('acetyl-[acyl-carrier protein]', 100)	('acetyl-[acyl-carrier protein]', 100)	('Acyl-[acyl-carrier protein]', 96)	('acyl-[acyl-carrier protein]', 96)	('[Acyl-carrier protein]', 95)	('Acyl-carrier protein', 95)	('acyl-carrier protein', 95)	('Acetoacetyl-[acyl-carrier protein]', 92)	('Octanoyl-[acyl-carrier protein]', 90)
Glutathione	('Glutathione', 100)	('glutathione', 100)	('glutathione', 100)	('(Glutathione', 100)	('(glutathione)', 100)	('glutathione', 100)	('CoA-glutathione', 95)	('R-S-Glutathione', 95)	('CoA-glutathione', 95)	('Glutathione-SH', 95)
Ferrocytochrome C	('Ferrocytochrome c', 100)	('ferrocytochrome c', 100)	('Ferrocytochrome c2', 97)	('Ferrocytochrome c3', 97)	('ferrocytochrome c2', 97)	('ferrocytochrome c3', 97)	('Ferrocytochrome', 95)	('Ferrocytochrome c-552.5', 95)	('Ferrocytochrome c-553', 95)	('ferrocytochrome c-552.5', 95)
5,10-Methylene-THF	('5,10-Methylene-THF', 100)	('Ethylene', 90)	('THF', 90)	('THF', 90)	('Met', 90)	('methyl', 90)	('methyl', 90)	('ethyl', 90)	('ethylene', 90)	('Met', 90)
Acetoacetyl-CoA	('Acetoacetyl-CoA', 100)	('acetoacetyl-CoA', 100)	('acetoacetyl-CoA', 100)	('acetoacetyl-CoA', 100)	('acetoacetyl-CoAs', 97)	('3-Acetoacetyl-CoA', 95)	('acetoacetyl', 95)	('S-acetoacetyl-CoA', 95)	('acetoacetyl-CoA(4-)', 95)	('CoA', 90)
2-Oxoglutaramate	('2-oxoglutaramate', 100)	('2-oxoglutaramate', 100)	('2-oxoglutaramate', 100)	('oxoglutaramate', 95)	('4-oxoglutaramate', 94)	('2-oxoglutarate', 93)	('2-oxoglutarate', 93)	('2-Oxoglutamate', 93)	('N-Methyl-2-oxoglutaramate', 90)	('Glu', 90)
(R)-3-Hydroxypalmitoyl-[acyl-carrier protein]	('(3R)-3-hydroxypalmitoyl-[acyl-carrier protein]', 99)	('[Acyl-carrier protein]', 90)	('Acyl-carrier protein', 90)	('Protein', 90)	('hydroxy', 90)	('palmitoyl', 90)	('PALMITOYL', 90)	('carrier', 90)	('acyl-carrier protein', 90)	('(protein)', 90)
L-Glutamate 5-semialdehyde	('L-Glutamate 5-semialdehyde', 100)	('L-glutamate 5-semialdehyde', 100)	('L-glutamate 5-semialdehyde', 100)	('L-Glutamate 1-semialdehyde', 96)	('N-Acetyl-L-glutamate 5-semialdehyde', 95)	('N-acetyl-L-glutamate 5-semialdehyde', 95)	('N-Acetyl-L-glutamate 5-semialdehyde', 95)	('N-Succinyl-L-glutamate 5-semialdehyde', 95)	('N-succinyl-L-glutamate 5-semialdehyde', 95)	('N-acetyl-L-glutamate 5-semialdehyde', 95)
