GeneId	Rxns
YAL068C	[]
YAL067W-A	[]
YAL067C	[]
YAL065C	[]
YAL064W-B	[]
YAL064C-A	[]
YAL064W	[]
YAL063C-A	[]
YAL063C	[]
YAL062W	['R00248']
YAL061W	['R02855', 'R02946', 'R10504']
YAL060W	['R02855', 'R02946', 'R10504']
YAL059W	[]
YAL058W	[]
YAL056W	[]
YAL055W	[]
YAL054C	['R00926', 'R00316', 'R01354', 'R00925', 'R00236', 'R00235']
YAL053W	[]
YAL051W	[]
YAL049C	[]
YAL048C	[]
YAL047C	[]
YAL046C	[]
YAL044W-A	[]
YAL044C	['R01221']
YAL043C	[]
YAL042W	[]
YAL041W	[]
YAL040C	[]
YAL039C	['R02480']
YAL038W	['R01138', 'R01858', 'R00430', 'R00200', 'R02320']
YAL037C-A	[]
YAL037W	[]
YAL036C	[]
YAL035W	[]
YAL034W-A	[]
YAL034C	[]
YAL033W	[]
YAL032C	[]
YAL031C	[]
YAL030W	[]
YAL029C	[]
YAL028W	[]
YAL027W	[]
YAL026C	[]
HRA1	[]
YAL025C	[]
YAL024C	[]
YAL023C	['R07620', 'R04072', 'R11399']
YAL022C	[]
YAL021C	[]
YAL020C	[]
YAL019W	[]
YAL018C	[]
YAL017W	[]
YAL016W	[]
YAL015C	[]
YAL014C	[]
YAL013W	[]
YAL012W	['R09366', 'R02408', 'R04770', 'R04930', 'R00782', 'R01001']
YAL011W	[]
YAL010C	[]
YAL009W	[]
YAL008W	[]
YAL007C	[]
tP_UGG_A	[]
YAL005C	[]
YAL003W	[]
snR18	[]
YAL002W	[]
YAL001C	[]
YAR002W	[]
YAR002C-A	[]
YAR003W	[]
YAR007C	[]
YAR008W	[]
YAR009C	[]
YAR010C	[]
tA_UGC_A	[]
YAR014C	[]
YAR015W	['R04591']
YAR018C	[]
YAR019C	[]
YAR020C	[]
YAR023C	[]
tL_CAA_A	[]
tS_AGA_A	[]
YAR027W	[]
YAR028W	[]
YAR029W	[]
YAR031W	[]
YAR033W	[]
YAR035W	[]
YAR035C-A	[]
YAR042W	[]
YAR050W	[]
YAR064W	[]
YAR066W	[]
YAR068W	[]
YAR071W	['R00548', 'R02135']
YBL113C	[]
YBL112C	[]
YBL111C	[]
YBL108C-A	[]
tL_UAA_B1	[]
YBL107C	[]
YBL106C	[]
YBL105C	[]
YBL104C	[]
YBL103C	[]
YBL102W	[]
YBL101C	[]
YBL100W-C	[]
YBL100W-B	[]
YBL100W-A	[]
tF_GAA_B	[]
YBL099W	[]
YBL098W	['R01960']
YBL097W	[]
YBL095W	[]
YBL093C	[]
YBL092W	[]
YBL091C-A	[]
YBL091C	[]
YBL090W	[]
YBL089W	[]
YBL088C	[]
YBL087C	[]
YBL086C	[]
YBL085W	[]
YBL084C	[]
YBL082C	['R06258']
YBL081W	[]
YBL080C	[]
YBL079W	[]
YBL078C	[]
YBL076C	[]
YBL075C	[]
YBL074C	[]
snR56	[]
YBL072C	[]
YBL071C-B	[]
YBL071W-A	[]
YBL071C	[]
YBL069W	[]
YBL068W	['R01049']
YBL067C	[]
YBL066C	[]
YBL064C	['R12578']
YBL063W	[]
YBL061C	[]
YBL060W	[]
YBL059C-A	[]
YBL059W	[]
YBL058W	[]
YBL057C	[]
YBL056W	[]
YBL055C	[]
YBL054W	[]
YBL052C	[]
YBL051C	[]
YBL050W	[]
YBL049W	[]
YBL048W	[]
YBL047C	[]
YBL046W	[]
YBL045C	[]
YBL044W	[]
YBL043W	[]
YBL042C	[]
YBL041W	[]
YBL040C	[]
YBL039W-B	[]
YBL039C	['R00573', 'R00571']
YBL038W	[]
YBL037W	[]
YBL036C	[]
YBL035C	[]
YBL034C	[]
YBL033C	['R00425']
YBL032W	[]
YBL031W	[]
YBL030C	[]
YBL029C-A	[]
YBL029W	[]
YBL028C	[]
YBL027W	[]
YBL026W	[]
YBL025W	[]
YBL024W	[]
YBL023C	[]
YBL022C	[]
YBL021C	[]
YBL020W	[]
YBL019W	[]
YBL018C	[]
YBL017C	[]
YBL016W	[]
YBL015W	['R00227']
tI_AAU_B	[]
tG_GCC_B	[]
YBL014C	[]
YBL013W	['R03940']
YBL011W	['R09380', 'R00851']
YBL010C	[]
YBL009W	[]
YBL008W-A	[]
YBL008W	[]
YBL007C	[]
YBL006C	[]
YBL005W	[]
YBL005W-B	[]
YBL005W-A	[]
tS_AGA_B	[]
YBL004W	[]
YBL003C	[]
YBL002W	[]
YBL001C	[]
YBR001C	['R00010']
YBR002C	['R05556']
YBR003W	['R09245', 'R09246']
YBR004C	[]
YBR005W	[]
YBR006W	['R00713', 'R00714', 'R02401']
YBR007C	[]
YBR008C	[]
YBR009C	[]
YBR010W	[]
YBR011C	[]
YBR012W-B	[]
YBR012W-A	[]
YBR013C	[]
tT_AGU_B	[]
YBR014C	[]
YBR015C	[]
YBR016W	[]
YBR017C	[]
YBR018C	['R00955']
YBR019C	['R00291', 'R10619', 'R02984', 'R01602']
YBR020W	['R01092']
YBR021W	[]
YBR022W	[]
YBR023C	['R02335', 'R06028']
YBR024W	[]
YBR025C	[]
YBR026C	['R01404', 'R04725', 'R07162', 'R04962', 'R06985', 'R04753', 'R03856', 'R01278', 'R03989', 'R04956', 'R03776', 'R04430', 'R04967', 'R04959', 'R04970']
YBR027C	[]
YBR028C	[]
YBR029C	['R01799']
YBR030W	[]
YBR031W	[]
YBR032W	[]
YBR033W	[]
YBR034C	[]
YBR035C	['R01710', 'R00277', 'R00278', 'R01711']
snR161	[]
TLC1	[]
YBR036C	[]
YBR037C	[]
YBR038W	['R02335', 'R06028']
YBR039W	[]
YBR040W	[]
YBR041W	[]
YBR042C	[]
YBR043C	[]
YBR044C	[]
tV_UAC_B	[]
YBR045C	[]
YBR046C	[]
YBR047W	[]
YBR048W	[]
YBR049C	[]
YBR050C	[]
YBR052C	['R03643', 'R02964', 'R03816']
YBR053C	[]
YBR054W	[]
YBR055C	[]
tL_UAA_B2	[]
YBR056W	[]
tQ_UUG_B	[]
YBR056W-A	[]
YBR057C	[]
YBR058C	[]
YBR058C-A	[]
YBR059C	[]
YBR060C	[]
YBR061C	[]
YBR062C	[]
YBR063C	[]
YBR065C	[]
YBR066C	[]
YBR067C	[]
YBR068C	[]
YBR069C	[]
YBR070C	['R05970']
YBR071W	[]
YBR072W	[]
YBR072C-A	[]
YBR073W	[]
YBR074W	[]
YBR076W	[]
YBR077C	[]
YBR078W	[]
YBR079C	[]
YBR080C	[]
YBR081C	[]
tR_UCU_B	[]
tD_GUC_B	[]
YBR082C	[]
YBR083W	[]
YBR084W	['R01655', 'R00943', 'R01220']
YBR084C-A	[]
YBR085W	[]
YBR085C-A	[]
YBR086C	[]
YBR087W	[]
YBR088C	[]
YBR089C-A	[]
YBR090C	[]
YBR091C	[]
YBR092C	['R00548', 'R02135']
YBR093C	['R00548', 'R02135']
YBR094W	[]
YBR095C	[]
YBR096W	[]
YBR097W	[]
YBR098W	[]
YBR101C	[]
YBR102C	[]
YBR103W	[]
YBR104W	[]
YBR105C	[]
YBR106W	[]
YBR107C	[]
YBR108W	[]
YBR109C	[]
YBR110W	['R05972']
YBR111C	['R01054']
YBR111W-A	[]
YBR112C	[]
YBR114W	[]
YBR115C	['R04863', 'R11679', 'R03098', 'R04390']
YBR117C	['R06590', 'R01641', 'R01830', 'R01067']
YBR118W	[]
YBR119W	[]
YBR120C	[]
YBR121C	[]
YBR122C	[]
YBR123C	[]
YBR125C	[]
YBR126C	['R11783', 'R02737']
YBR126W-A	[]
YBR127C	[]
YBR128C	[]
YBR129C	[]
YBR130C	[]
YBR131W	[]
YBR132C	[]
YBR133C	[]
YBR135W	[]
YBR136W	[]
YBR137W	[]
YBR138C	[]
YBR139W	[]
YBR140C	[]
YBR141C	[]
YBR142W	[]
YBR143C	[]
YBR144C	[]
YBR145W	['R00754', 'R05234', 'R06917', 'R04880', 'R07105', 'R06927', 'R00623', 'R05233', 'R02124', 'R08310', 'R08281', 'R08306']
YBR146W	[]
YBR147W	[]
YBR148W	[]
YBR149W	['R01574', 'R01575']
YBR150C	[]
YBR151W	[]
YBR152W	[]
YBR153W	['R09376', 'R09375']
YBR154C	[]
YBR155W	[]
YBR156C	[]
YBR157C	[]
YBR158W	[]
YBR159W	['R04681', 'R07759', 'R04682', 'R02353', 'R08980', 'R10826', 'R02352', 'R08945']
YBR160W	[]
YBR161W	[]
YBR162C	[]
YBR162W-A	[]
YBR163W	[]
YBR164C	[]
YBR165W	[]
YBR166C	['R01730']
YBR167C	[]
YBR168W	[]
YBR169C	[]
YBR170C	[]
YBR171W	[]
YBR172C	[]
YBR173C	[]
YBR175W	[]
YBR176W	['R01226']
YBR177C	[]
YBR179C	[]
YBR180W	[]
YBR181C	[]
YBR182C	[]
YBR182C-A	[]
YBR183W	[]
YBR184W	[]
YBR185C	[]
YBR186W	[]
YBR187W	[]
YBR188C	[]
YBR189W	[]
YBR191W	[]
YBR192W	[]
YBR193C	[]
YBR194W	[]
YBR195C	[]
YBR196C	['R02740', 'R02739', 'R00771', 'R03321']
YBR196C-A	[]
YBR196C-B	[]
YBR197C	[]
YBR198C	[]
YBR199W	[]
YBR200W	[]
YBR200W-A	[]
YBR201W	[]
YBR201C-A	[]
YBR202W	[]
YBR203W	[]
YBR204C	[]
YBR205W	[]
YBR207W	[]
YBR208C	['R00774', 'R00005']
YBR209W	[]
tC_GCA_B	[]
tE_UUC_B	[]
YBR210W	[]
YBR211C	[]
YBR212W	[]
YBR213W	['R03947', 'R02864']
YBR214W	[]
YBR215W	[]
YBR216C	[]
YBR217W	[]
YBR218C	['R00344']
YBR219C	[]
YBR220C	[]
YBR221C	['R00014', 'R01699', 'R03270', 'R00209']
YBR221W-A	[]
YBR222C	['R01558']
YBR223C	[]
YBR225W	[]
YBR227C	[]
YBR228W	[]
YBR229C	['R05981', 'R05980']
YBR230C	[]
YBR230W-A	[]
LSR1	[]
YBR231C	[]
YBR233W	[]
YBR233W-A	[]
YBR234C	[]
YBR235W	[]
YBR236C	[]
YBR237W	[]
YBR238C	[]
YBR239C	[]
YBR240C	[]
YBR241C	[]
YBR242W	[]
YBR243C	['R05969']
YBR244W	[]
YBR245C	[]
YBR246W	[]
YBR247C	[]
YBR248C	['R04558']
YBR249C	['R01826']
YBR250W	[]
YBR251W	[]
YBR252W	['R02100', 'R11896']
YBR253W	[]
YBR254C	[]
YBR255W	[]
YBR255C-A	[]
YBR256C	['R00066']
YBR257W	[]
YBR258C	[]
YBR259W	[]
YBR260C	[]
YBR261C	[]
YBR262C	[]
YBR263W	['R00945', 'R09099']
YBR264C	[]
YBR265W	['R02978']
YBR267W	[]
YBR268W	[]
YBR269C	[]
YBR270C	[]
YBR271W	[]
YBR272C	[]
YBR273C	[]
YBR274W	[]
YBR275C	[]
YBR276C	[]
YBR278W	[]
YBR279W	[]
YBR280C	[]
YBR281C	[]
YBR282W	[]
YBR283C	[]
YBR284W	[]
YBR285W	[]
YBR286W	[]
YBR287W	[]
YBR288C	[]
YBR289W	[]
YBR290W	[]
YBR291C	[]
YBR292C	[]
YBR293W	[]
YBR294W	[]
YBR295W	[]
YBR296C	[]
YBR296C-A	[]
YBR297W	[]
YBR298C	[]
YBR298C-A	[]
YBR299W	['R01791', 'R06199', 'R00801', 'R01718']
YBR301W	[]
YBR302C	[]
YCL073C	[]
YCL069W	[]
YCL068C	[]
YCL067C	[]
YCL066W	[]
YCL064C	['R00220', 'R00590', 'R00996']
YCL063W	[]
YCL061C	[]
YCL059C	[]
YCL058C	[]
YCL058W-A	[]
YCL057C-A	[]
YCL057W	[]
YCL056C	[]
YCL055W	[]
YCL054W-A	[]
YCL054W	[]
YCL052C	['R05919']
YCL051W	[]
YCL050C	['R00126', 'R00530', 'R01618']
YCL049C	[]
YCL048W-A	[]
YCL048W	[]
YCL047C	['R03005', 'R00137']
YCL045C	[]
YCL044C	[]
YCL043C	[]
YCL042W	[]
YCL040W	['R01961', 'R01786', 'R00299', 'R01600', 'R03920', 'R01326', 'R00760', 'R00867']
YCL039W	[]
YCL038C	[]
YCL037C	[]
YCL036W	[]
YCL035C	[]
YCL034W	[]
YCL033C	[]
YCL032W	[]
YCL031C	[]
YCL030C	['R03012', 'R01163', 'R01158', 'R04037', 'R04035']
YCL029C	[]
YCL028W	[]
YCL027W	[]
YCL026C-B	[]
YCL026C-A	[]
YCL025C	[]
YCL024W	[]
tE_UUC_C	[]
YCL021W-A	[]
YCL019W	[]
YCL020W	[]
tL_CAA_C	[]
YCL018W	['R10052', 'R00994', 'R04426']
YCL017C	['R11529', 'R07460', 'R11528']
YCL016C	[]
YCL014W	[]
YCL012C	[]
YCL011C	[]
YCL010C	[]
YCL009C	['R03050', 'R00014', 'R00226', 'R00006', 'R04673', 'R08648', 'R04672']
YCL008C	[]
YCL005W-A	[]
snR43	[]
YCL005W	[]
YCL004W	['R01801']
YCL002C	[]
YCL001W	[]
YCL001W-A	[]
YCL001W-B	[]
YCR001W	[]
YCR002C	[]
YCR003W	[]
YCR004C	['R03643', 'R02964', 'R03816']
YCR005C	['R00351']
YCR006C	[]
tP_AGG_C	[]
YCR007C	[]
tN_GUU_C	[]
YCR008W	[]
YCR009C	[]
YCR010C	[]
YCR011C	[]
YCR012W	['R01512']
YCR014C	[]
YCR015C	[]
snR33	[]
tG_GCC_C	[]
YCR016W	[]
YCR017C	[]
YCR018C	[]
tM_CAU_C	[]
tK_CUU_C	[]
YCR019W	[]
YCR020C	[]
YCR020C-A	[]
YCR020W-B	[]
YCR021C	[]
YCR022C	[]
YCR023C	[]
YCR024C	[]
YCR024C-B	[]
YCR024C-A	[]
YCR025C	[]
YCR026C	[]
YCR027C	[]
tQ_UUG_C	[]
YCR028C	[]
YCR028C-A	[]
YCR030C	[]
snR65	[]
YCR031C	[]
snR189	[]
YCR032W	[]
YCR033W	[]
YCR034W	['R07762', 'R07758', 'R10825', 'R09419']
YCR035C	[]
YCR036W	['R01051', 'R02750']
YCR037C	[]
YCR038C	[]
YCR039C	[]
YCR040W	[]
YCR041W	[]
YCR042C	[]
YCR043C	[]
YCR044C	[]
YCR045C	[]
YCR046C	[]
YCR047C	[]
YCR048W	['R01461']
YCR050C	[]
YCR051W	[]
YCR052W	[]
YCR053W	['R01466', 'R05086']
YCR054C	[]
YCR057C	[]
YCR059C	[]
YCR060W	[]
YCR061W	[]
tS_CGA_C	[]
YCR063W	[]
YCR065W	[]
YCR066W	[]
YCR067C	[]
YCR068W	['R02250', 'R02687']
YCR069W	[]
YCR071C	[]
YCR072C	[]
YCR073C	[]
YCR073W-A	['R02035']
YCR075C	[]
YCR075W-A	[]
YCR076C	[]
YCR077C	[]
YCR079W	[]
YCR081W	[]
YCR082W	[]
YCR083W	[]
YCR084C	[]
YCR085W	[]
YCR086W	[]
YCR087C-A	[]
YCR088W	[]
YCR089W	[]
YCR090C	[]
YCR091W	[]
YCR092C	[]
YCR093W	[]
YCR094W	[]
YCR095C	[]
YCR095W-A	[]
YCR096C	[]
YCR097W	[]
tT_AGU_C	[]
YCR098C	[]
YCR099C	[]
YCR100C	[]
YCR101C	[]
YCR102C	[]
YCR104W	[]
YCR105W	['R01481', 'R05231', 'R00746', 'R01041']
YCR106W	[]
YCR107W	[]
YCR108C	[]
YDL248W	[]
YDL247W	[]
YDL246C	['R00875', 'R01896']
YDL245C	[]
YDL244W	['R10686']
YDL243C	[]
YDL242W	[]
YDL241W	[]
YDL240W	[]
YDL239C	[]
YDL238C	['R01676']
YDL237W	[]
YDL236W	[]
YDL235C	[]
YDL234C	[]
YDL233W	[]
YDL232W	['R05976']
YDL231C	[]
YDL230W	[]
YDL229W	[]
YDL227C	[]
YDL226C	[]
YDL225W	[]
YDL224C	[]
YDL223C	[]
YDL222C	[]
YDL220C	[]
YDL219W	[]
YDL218W	[]
YDL217C	[]
YDL216C	[]
YDL215C	['R00243']
YDL214C	[]
YDL213C	[]
YDL212W	[]
YDL211C	[]
tG_GCC_D1	[]
YDL210W	[]
YDL209C	[]
YDL208W	[]
YDL207W	[]
YDL206W	[]
YDL205C	['R00084']
YDL204W	[]
YDL203C	[]
YDL202W	[]
YDL201W	[]
YDL200C	[]
YDL199C	[]
YDL198C	[]
YDL197C	[]
YDL195W	[]
YDL194W	[]
YDL193W	['R05556']
YDL192W	[]
YDL191W	[]
YDL190C	[]
YDL189W	[]
YDL188C	[]
YDL186W	[]
YDL185W	[]
YDL184C	[]
YDL183C	[]
YDL182W	['R00271']
YDL181W	[]
YDL180W	[]
YDL179W	[]
YDL178W	['R11593']
YDL177C	[]
YDL176W	[]
YDL175C	[]
YDL174C	['R00197']
YDL173W	[]
YDL171C	['R00093']
YDL170W	[]
YDL169C	[]
YDL168W	['R00754', 'R05234', 'R06917', 'R04880', 'R07105', 'R06983', 'R06927', 'R00623', 'R05233', 'R02124', 'R08310', 'R08281', 'R08306']
YDL167C	[]
YDL166C	['R01547', 'R00127']
YDL165W	[]
YDL164C	[]
YDL161W	[]
YDL160C-A	[]
YDL160C	[]
YDL159W-A	[]
YDL159W	[]
YDL157C	[]
YDL156W	[]
YDL155W	[]
YDL154W	[]
YDL153C	[]
YDL150W	[]
YDL149W	[]
YDL148C	[]
YDL147W	[]
YDL146W	[]
YDL145C	[]
YDL144C	[]
YDL143W	[]
YDL142C	['R02030']
YDL141W	['R05145', 'R01074']
YDL140C	[]
YDL139C	[]
YDL138W	[]
YDL137W	[]
YDL136W	[]
YDL135C	[]
YDL134C	[]
YDL133C-A	[]
YDL133W	[]
YDL132W	[]
YDL131W	['R00271']
YDL130W-A	[]
YDL130W	[]
YDL129W	[]
YDL128W	[]
YDL127W	[]
YDL126C	[]
YDL125C	[]
YDL124W	[]
YDL123W	[]
YDL122W	[]
YDL121C	[]
YDL120W	['R00078']
YDL119C	[]
YDL117W	[]
YDL116W	[]
YDL115C	[]
YDL114W	[]
YDL113C	[]
YDL112W	[]
YDL111C	[]
YDL110C	[]
YDL109C	[]
YDL108W	[]
YDL107W	[]
YDL106C	[]
YDL105W	[]
YDL104C	[]
YDL103C	['R00416']
YDL102W	[]
YDL101C	[]
YDL100C	[]
YDL099W	[]
YDL098C	[]
YDL097C	[]
YDL095W	['R07620', 'R04072', 'R11399']
YDL093W	['R07620', 'R04072', 'R11399']
YDL092W	[]
YDL091C	[]
YDL090C	['R09844']
YDL089W	[]
YDL088C	[]
YDL087C	[]
YDL086W	[]
YDL085C-A	[]
YDL085W	[]
YDL084W	[]
YDL083C	[]
YDL082W	[]
YDL081C	[]
YDL080C	['R00755', 'R00014']
YDL079C	[]
YDL078C	['R07136', 'R00342']
YDL077C	[]
YDL076C	[]
YDL075W	[]
snR63	[]
YDL074C	[]
YDL073W	[]
YDL072C	[]
YDL070W	[]
YDL069C	[]
YDL067C	[]
YDL066W	['R01899', 'R00268', 'R00267']
YDL065C	[]
YDL064W	[]
YDL063C	[]
YDL061C	[]
YDL060W	[]
YDL059C	[]
YDL058W	[]
YDL057W	[]
YDL056W	[]
YDL055C	['R00885']
tK_UUU_D	[]
YDL054C	[]
YDL053C	[]
YDL052C	['R09381', 'R02241']
YDL051W	[]
YDL049C	[]
YDL048C	[]
YDL047W	[]
YDL046W	[]
YDL045W-A	[]
YDL045C	['R00161']
YDL044C	[]
YDL043C	[]
YDL042C	['R10634', 'R10633']
YDL040C	[]
YDL039C	[]
YDL037C	[]
YDL036C	[]
YDL035C	[]
YDL033C	[]
YDL031W	[]
YDL030W	[]
YDL029W	[]
YDL028C	[]
YDL027C	[]
YDL025C	[]
YDL024C	['R00548', 'R02135']
YDL022C-A	[]
tA_AGC_D	[]
YDL022W	['R00842']
YDL021W	['R01518']
YDL020C	[]
YDL019C	[]
YDL018C	[]
YDL017W	[]
YDL015C	['R10828', 'R07761', 'R09449']
YDL014W	[]
YDL013W	[]
YDL012C	[]
YDL010W	[]
YDL009C	[]
YDL008W	[]
tT_AGU_D	[]
YDL007C-A	[]
tS_AGA_D1	[]
YDL007W	[]
YDL006W	[]
YDL005C	[]
YDL004W	[]
YDL003W	[]
YDL002C	[]
YDL001W	[]
YDR001C	['R00010']
YDR002W	[]
YDR003W	[]
YDR003W-A	[]
YDR004W	[]
YDR005C	[]
YDR006C	[]
YDR007W	['R03509']
YDR009W	['R01092']
YDR010C	[]
YDR011W	[]
YDR012W	[]
YDR013W	[]
YDR014W	[]
YDR014W-A	[]
YDR016C	[]
YDR017C	[]
YDR018C	[]
YDR019C	['R01221', 'R04125', 'R02300']
YDR020C	['R08232', 'R01549', 'R02372', 'R02097', 'R00970', 'R02091', 'R00962', 'R02371', 'R02332', 'R01548', 'R00964', 'R02096', 'R00517', 'R02327', 'R00967', 'R01880', 'R00516', 'R00513', 'R00968']
YDR021W	[]
YDR022C	[]
tV_UAC_D	[]
YDR023W	[]
YDR025W	[]
YDR026C	[]
YDR027C	[]
YDR028C	[]
YDR029W	[]
YDR030C	[]
YDR031W	[]
YDR032C	['R03643', 'R02964', 'R03816']
YDR033W	[]
YDR034C	[]
YDR034C-D	[]
YDR034C-C	[]
tL_UAA_D	[]
YDR034C-A	[]
tQ_UUG_D1	[]
YDR034W-B	[]
YDR035W	['R01826']
YDR036C	['R03158', 'R05064']
YDR037W	[]
YDR038C	[]
YDR039C	[]
YDR040C	[]
YDR041W	[]
YDR042C	[]
snR47	[]
YDR043C	[]
YDR044W	['R03220']
YDR045C	[]
YDR046C	[]
YDR047W	['R03197', 'R04972']
YDR049W	[]
YDR050C	['R01015']
YDR051C	[]
YDR052C	[]
YDR054C	[]
YDR055W	[]
YDR056C	[]
YDR057W	[]
YDR058C	['R02250', 'R02687']
tR_UCU_D	[]
tD_GUC_D	[]
YDR059C	[]
YDR060W	[]
YDR061W	[]
YDR062W	['R01281']
YDR063W	[]
YDR064W	[]
YDR065W	[]
YDR066C	[]
YDR067C	[]
YDR068W	[]
YDR069C	[]
YDR070C	[]
YDR071C	[]
YDR072C	[]
YDR073W	[]
YDR074W	['R02778', 'R02737']
YDR075W	[]
YDR076W	[]
YDR077W	[]
YDR078C	[]
YDR079W	[]
YDR079C-A	[]
YDR080W	[]
YDR081C	[]
YDR082W	[]
YDR083W	[]
YDR084C	[]
YDR085C	[]
YDR086C	[]
YDR087C	[]
YDR088C	[]
tR_ACG_D	[]
YDR089W	[]
YDR090C	[]
YDR091C	[]
YDR092W	[]
YDR093W	[]
YDR096W	[]
YDR097C	[]
YDR098C	[]
tQ_UUG_D2	[]
YDR098C-B	[]
YDR098C-A	[]
YDR099W	[]
YDR100W	[]
YDR101C	[]
YDR102C	[]
YDR103W	[]
YDR104C	[]
YDR105C	[]
YDR106W	[]
tI_AAU_D	[]
YDR107C	[]
YDR108W	[]
YDR109C	[]
YDR110W	[]
YDR111C	['R00258']
YDR113C	[]
YDR114C	[]
YDR115W	[]
YDR116C	[]
YDR117C	[]
YDR118W	[]
YDR119W	[]
YDR119W-A	[]
YDR120C	[]
YDR121W	[]
YDR122W	[]
YDR123C	[]
YDR124W	[]
YDR125C	[]
YDR126W	[]
YDR127W	['R03460', 'R02412', 'R03083', 'R03084', 'R02413']
YDR128W	[]
YDR129C	[]
YDR130C	[]
YDR131C	[]
YDR132C	[]
YDR135C	[]
YDR137W	[]
YDR138W	[]
YDR139C	[]
YDR140W	[]
YDR141C	[]
YDR142C	[]
YDR143C	[]
YDR144C	[]
YDR145W	[]
YDR146C	[]
YDR147W	['R01468']
YDR148C	['R02571', 'R02570', 'R01933', 'R08549']
YDR150W	[]
YDR151C	[]
YDR152W	[]
YDR153C	[]
YDR155C	[]
YDR156W	[]
YDR157W	[]
YDR158W	['R02291']
YDR159W	[]
YDR160W	[]
YDR161W	[]
YDR162C	[]
YDR163W	[]
YDR164C	[]
YDR165W	[]
YDR166C	[]
YDR167W	[]
YDR168W	[]
YDR169C	[]
YDR169C-A	[]
YDR170C	[]
tQ_UUG_D3	[]
YDR170W-A	[]
YDR171W	[]
YDR172W	[]
YDR173C	['R03478', 'R05800', 'R10065', 'R10953', 'R05801']
YDR174W	[]
YDR175C	[]
YDR176W	[]
YDR177W	[]
YDR178W	['R02164']
YDR179C	[]
YDR179W-A	[]
YDR180W	[]
YDR181C	[]
YDR182W	[]
YDR182W-A	[]
YDR183W	[]
YDR184C	[]
YDR185C	[]
YDR186C	[]
YDR188W	[]
YDR189W	[]
YDR190C	[]
YDR191W	['R10634', 'R10633']
YDR192C	[]
YDR194C	[]
YDR194W-A	[]
YDR195W	[]
YDR196C	['R00130']
YDR197W	[]
YDR198C	[]
YDR200C	[]
YDR201W	[]
YDR202C	[]
YDR204W	[]
YDR205W	[]
YDR206W	[]
YDR207C	[]
YDR208W	['R03469']
YDR209C	[]
YDR210W	[]
YDR210W-B	[]
YDR210W-A	[]
YDR210C-D	[]
YDR210C-C	[]
tI_UAU_D	[]
YDR211W	[]
YDR212W	[]
YDR213W	[]
YDR214W	[]
YDR215C	[]
YDR216W	[]
YDR217C	[]
YDR218C	[]
YDR219C	[]
YDR221W	[]
YDR222W	[]
YDR223W	[]
YDR224C	[]
YDR225W	[]
YDR226W	['R11319', 'R01547', 'R00127']
YDR227W	[]
YDR228C	[]
YDR229W	[]
YDR231C	[]
YDR232W	['R00830']
YDR233C	[]
YDR234W	['R04371']
YDR235W	[]
YDR236C	['R00549']
YDR237W	[]
YDR238C	[]
YDR239C	[]
YDR240C	[]
tY_GUA_D	[]
YDR242W	['R05551', 'R03180', 'R02540', 'R05590', 'R03909', 'R03096']
YDR243C	[]
YDR244W	[]
YDR245W	[]
YDR246W	[]
YDR246W-A	[]
YDR247W	[]
YDR248C	['R01737']
YDR249C	[]
YDR251W	[]
YDR252W	[]
YDR253C	[]
YDR254W	[]
YDR255C	[]
YDR256C	['R00602', 'R00009', 'R02670']
YDR257C	[]
YDR258C	[]
YDR259C	[]
YDR260C	[]
YDR261C	['R03115', 'R00308']
tS_AGA_D2	[]
YDR261W-B	[]
YDR261W-A	[]
YDR261C-D	[]
YDR261C-C	[]
tG_GCC_D2	[]
YDR262W	[]
YDR263C	[]
YDR264C	[]
YDR265W	[]
YDR266C	[]
YDR267C	[]
YDR268W	[]
YDR270W	[]
YDR272W	['R01736']
YDR273W	[]
YDR274C	[]
YDR275W	[]
YDR276C	[]
YDR277C	[]
YDR278C	[]
tE_CUC_D	[]
YDR279W	[]
YDR280W	[]
YDR281C	[]
YDR282C	[]
YDR283C	[]
YDR284C	['R02239']
YDR285W	[]
YDR286C	[]
YDR287W	['R01186', 'R01185', 'R01187']
YDR288W	[]
YDR289C	[]
YDR291W	[]
YDR292C	[]
YDR293C	[]
YDR294C	['R02464', 'R06516']
YDR295C	[]
YDR296W	[]
YDR297W	['R06525', 'R06526']
YDR298C	[]
YDR299W	[]
YDR300C	['R00239']
YDR301W	[]
YDR302W	['R08107', 'R12702', 'R05924']
YDR303C	[]
YDR304C	[]
YDR305C	['R00187']
YDR306C	[]
tV_CAC_D	[]
YDR307W	['R07620', 'R04072', 'R11399']
YDR308C	[]
YDR309C	[]
YDR310C	[]
YDR311W	[]
YDR312W	[]
YDR313C	[]
YDR314C	[]
YDR315C	['R05202']
YDR316W	[]
tF_GAA_D	[]
YDR316W-B	[]
YDR316W-A	[]
YDR317W	[]
YDR318W	[]
YDR319C	[]
YDR320C	[]
YDR320C-A	[]
YDR321W	['R00485']
YDR322W	[]
YDR322C-A	[]
YDR323C	[]
YDR324C	[]
YDR325W	[]
YDR326C	[]
YDR328C	[]
YDR329C	[]
YDR330W	[]
YDR331W	[]
YDR332W	[]
YDR333C	[]
YDR334W	[]
YDR335W	[]
YDR336W	[]
YDR337W	[]
YDR338C	[]
YDR339C	[]
tX_XXX_D	[]
YDR341C	[]
YDR342C	[]
YDR343C	[]
YDR344C	[]
YDR345C	[]
YDR346C	[]
YDR347W	[]
YDR348C	[]
YDR349C	[]
tM_CAU_D	[]
YDR350C	[]
YDR351W	[]
YDR352W	[]
YDR353W	['R03596', 'R09372', 'R02016']
YDR354W	['R01073']
YDR356W	[]
YDR357C	[]
YDR358W	[]
YDR359C	[]
YDR361C	[]
YDR362C	[]
YDR363W	[]
tK_CUU_D1	[]
YDR363W-A	[]
YDR364C	[]
YDR365C	[]
YDR365W-B	[]
YDR365W-A	[]
YDR366C	[]
YDR367W	[]
YDR368W	[]
YDR369C	[]
YDR370C	[]
YDR371W	['R01206', 'R02334']
YDR372C	[]
YDR373W	[]
YDR374C	[]
YDR374W-A	[]
YDR375C	[]
YDR376W	[]
YDR377W	[]
YDR378C	[]
YDR379W	[]
YDR379C-A	[]
YDR380W	[]
YDR381W	[]
YDR381C-A	[]
YDR382W	[]
YDR383C	[]
YDR384C	[]
YDR385W	[]
YDR386W	[]
YDR387C	[]
YDR388W	[]
YDR389W	[]
YDR390C	[]
tG_CCC_D	[]
YDR391C	[]
YDR392W	[]
YDR393W	[]
YDR394W	[]
YDR395W	[]
YDR397C	[]
YDR398W	[]
YDR399W	['R02142', 'R01132', 'R01229']
YDR400W	['R01080', 'R01273', 'R10046']
YDR402C	[]
YDR403W	[]
YDR404C	[]
YDR405W	[]
YDR406W	[]
YDR407C	[]
YDR408C	['R04326', 'R04325']
YDR409W	[]
YDR410C	['R04496']
YDR411C	[]
YDR412W	[]
YDR414C	[]
YDR415C	[]
YDR416W	[]
YDR418W	[]
YDR419W	[]
tS_AGA_D3	[]
YDR420W	[]
YDR421W	[]
YDR422C	[]
YDR423C	[]
YDR424C	[]
YDR425W	[]
YDR427W	[]
YDR428C	['R00988', 'R01959', 'R04911']
YDR429C	[]
YDR430C	[]
YDR432W	[]
YDR434W	[]
YDR435C	[]
YDR436W	[]
YDR437W	['R05916']
YDR438W	[]
YDR439W	[]
YDR440W	['R04867', 'R04866', 'R03875']
YDR441C	['R04378', 'R00190', 'R01229']
YDR443C	[]
YDR444W	[]
tK_CUU_D2	[]
YDR446W	[]
YDR447C	[]
YDR448W	[]
YDR449C	[]
YDR450W	[]
YDR451C	[]
YDR452W	[]
YDR453C	[]
YDR454C	['R00332', 'R02090']
YDR456W	[]
YDR457W	[]
YDR458C	[]
YDR459C	[]
YDR460W	[]
YDR461W	[]
YDR461C-A	[]
YDR462W	[]
YDR463W	[]
YDR464W	[]
YDR465C	[]
YDR466W	[]
YDR468C	[]
YDR469W	[]
YDR470C	[]
YDR471W	[]
snR13	[]
YDR472W	[]
YDR473C	[]
YDR475C	[]
YDR476C	[]
YDR477W	[]
YDR478W	[]
YDR479C	[]
YDR480W	[]
YDR481C	['R04620', 'R02135']
YDR482C	[]
YDR483W	[]
YDR484W	[]
YDR485C	[]
YDR486C	[]
YDR487C	['R07281']
YDR488C	[]
YDR489W	[]
YDR490C	[]
YDR492W	[]
YDR493W	[]
YDR494W	[]
YDR495C	[]
YDR496C	[]
YDR497C	[]
YDR498C	[]
YDR499W	[]
YDR500C	[]
YDR501W	[]
YDR502C	['R04771', 'R00177']
YDR503C	['R02239']
YDR504C	[]
YDR505C	[]
YDR506C	[]
tL_CAA_D	[]
YDR507C	[]
YDR508C	[]
YDR510W	[]
YDR511W	[]
YDR512C	[]
YDR513W	[]
YDR514C	[]
YDR515W	[]
YDR516C	['R01961', 'R01786', 'R00299', 'R01600', 'R03920', 'R01326', 'R00760', 'R00867']
YDR517W	[]
YDR518W	[]
YDR519W	[]
YDR520C	[]
YDR522C	[]
YDR523C	[]
YDR524C	[]
YDR524W-C	[]
YDR524C-B	[]
YDR525W	[]
YDR525W-A	[]
YDR527W	[]
snR84	[]
YDR528W	[]
YDR529C	[]
YDR530C	['R00126', 'R00530', 'R01618']
YDR531W	['R04391', 'R03018', 'R02971']
YDR532C	[]
YDR533C	['R09796']
YDR534C	[]
YDR536W	[]
YDR538W	['R04986', 'R01238', 'R02952', 'R04985', 'R11225', 'R03367']
YDR539W	[]
YDR540C	[]
YDR541C	[]
YDR542W	[]
YDR545W	[]
YEL077C	[]
YEL076C-A	[]
YEL076C	[]
YEL075C	[]
YEL073C	[]
YEL072W	[]
YEL071W	['R11593']
YEL070W	['R00868']
YEL069C	[]
YEL068C	[]
YEL067C	[]
YEL066W	['R03903']
YEL065W	[]
YEL064C	[]
YEL063C	[]
YEL062W	[]
YEL061C	[]
YEL060C	[]
YEL059C-A	[]
YEL058W	['R08193']
YEL057C	[]
YEL056W	[]
YEL055C	[]
snR80	[]
YEL054C	[]
YEL053C	[]
YEL052W	[]
YEL051W	[]
YEL050C	[]
snR67	[]
snR53	[]
tG_GCC_E	[]
YEL049W	[]
YEL048C	[]
YEL047C	[]
YEL046C	['R06171', 'R00751']
YEL044W	[]
YEL043W	[]
YEL042W	[]
YEL041W	[]
YEL040W	[]
YEL039C	[]
YEL038W	['R07395']
YEL037C	[]
YEL036C	[]
YEL035C	[]
YEL034W	[]
YEL033W	[]
tS_AGA_E	[]
YEL032W	[]
YEL031W	[]
YEL030W	[]
YEL029C	['R01909', 'R02493', 'R00174']
YEL028W	[]
tM_CAU_E	[]
YEL027W	[]
YEL026W	[]
YEL025C	[]
YEL024W	[]
YEL023C	[]
YEL022W	[]
YEL021W	['R00965']
YEL020W-A	[]
RPR1	[]
YEL020C	[]
YEL019C	[]
YEL018W	[]
YEL017C-A	[]
YEL017W	[]
YEL016C	[]
YEL015W	[]
YEL014C	[]
YEL013W	[]
tQ_UUG_E2	[]
YEL012W	[]
YEL011W	['R02110']
tK_CUU_E1	[]
YEL009C-A	[]
tR_UCU_E	[]
YEL009C	[]
YEL008W	[]
YEL007W	[]
YEL006W	[]
YEL005C	[]
YEL004W	[]
YEL003W	[]
YEL002C	['R05976']
YEL001C	[]
YER001W	[]
YER002W	[]
YER003C	['R01819']
YER004W	[]
YER005W	['R00569', 'R00122', 'R00328', 'R00719', 'R00335', 'R02092', 'R00514', 'R00961', 'R00086', 'R00155', 'R02095', 'R00159']
YER006W	[]
YER007W	[]
YER007C-A	[]
snR14	[]
YER008C	[]
YER009W	[]
YER010C	[]
YER011W	[]
tE_UUC_E1	[]
YER012W	[]
YER013W	[]
YER014W	['R04178', 'R03222']
YER014C-A	[]
YER015W	['R00390', 'R01280']
YER016W	[]
YER017C	[]
YER018C	[]
YER019W	['R02541']
YER019C-A	[]
YER020W	[]
YER021W	[]
YER022W	[]
YER023W	['R03293', 'R01248', 'R03291', 'R01251']
YER024W	[]
YER025W	[]
tH_GUG_E1	[]
YER026C	['R01800']
YER027C	[]
YER028C	[]
YER029C	[]
YER030W	[]
YER031C	[]
YER032W	[]
YER033C	[]
YER034W	[]
YER035W	[]
YER036C	[]
YER037W	['R11527']
YER038C	[]
YER038W-A	[]
YER039C	[]
YER039C-A	[]
YER040W	[]
YER041W	[]
YER042W	[]
YER043C	['R00192', 'R04936']
YER044C	[]
YER044C-A	[]
YER045C	[]
YER046W	[]
YER047C	[]
YER048C	[]
tQ_UUG_E1	[]
YER048W-A	[]
YER049W	[]
YER050C	[]
YER051W	[]
YER052C	['R00480']
YER053C	[]
YER053C-A	[]
YER054C	[]
YER055C	['R01071']
YER056C	[]
YER056C-A	[]
YER057C	[]
YER058W	[]
YER059W	[]
YER060W	[]
YER060W-A	[]
YER061C	['R02768', 'R07762', 'R10115', 'R10119', 'R04968', 'R04952', 'R04355', 'R04726', 'R04963', 'R04957', 'R04960']
YER062C	['R00841']
YER063W	[]
YER064C	[]
YER065C	['R00479']
tS_UGA_E	[]
YER066W	[]
YER067W	[]
YER068W	[]
YER069W	['R03443', 'R02649']
YER070W	['R11893', 'R08364', 'R08363', 'R02017', 'R02019', 'R02024']
YER071C	[]
YER072W	[]
YER073W	['R04065', 'R03283', 'R01986', 'R05238', 'R02678', 'R00710', 'R05237', 'R02957', 'R06366', 'R01752', 'R00264', 'R03869', 'R08146', 'R04903', 'R05050', 'R00904', 'R02549', 'R00631', 'R02940', 'R04506', 'R05286']
YER074W	[]
YER074W-A	[]
YER075C	[]
tA_UGC_E	[]
YER076C	[]
YER077C	[]
YER078C	[]
YER078W-A	[]
YER079W	[]
YER080W	[]
SRG1	[]
YER081W	['R01513']
YER082C	[]
YER083C	[]
YER084W	[]
YER085C	[]
YER086W	['R00220', 'R00996']
YER087W	[]
YER087C-B	[]
YER088C	[]
YER089C	[]
YER090W	['R00985', 'R00986']
YER091C	['R04405', 'R09365']
YER092W	[]
YER093C	[]
YER093C-A	[]
YER094C	[]
YER095W	[]
YER096W	[]
tE_UUC_E2	[]
YER098W	[]
YER099C	['R01049']
YER100W	[]
YER101C	[]
YER102W	[]
YER103W	[]
YER104W	[]
YER105C	[]
YER106W	[]
YER107C	[]
YER110C	[]
YER111C	[]
YER112W	[]
YER113C	[]
YER114C	[]
YER115C	[]
YER116C	[]
YER117W	[]
YER118C	[]
YER119C	[]
YER120W	[]
YER121W	[]
YER122C	[]
YER123W	[]
YER124C	[]
YER125W	[]
YER126C	[]
YER127W	[]
YER128W	[]
YER129W	[]
YER130C	[]
YER131W	[]
snR4	[]
YER132C	[]
snR52	[]
YER133W	[]
tH_GUG_E2	[]
tK_CUU_E2	[]
YER134C	[]
YER135C	[]
tV_AAC_E1	[]
YER136W	[]
YER137C	[]
SCR1	[]
tI_AAU_E1	[]
YER138C	[]
YER137C-A	[]
YER138W-A	[]
YER139C	[]
YER140W	[]
YER141W	['R07412']
YER142C	[]
YER143W	[]
YER144C	[]
YER145C	[]
YER145C-A	[]
YER146W	[]
YER147C	[]
YER148W	[]
YER149C	[]
YER150W	[]
tV_AAC_E2	[]
YER151C	[]
YER152C	[]
YER153C	[]
YER154W	[]
YER155C	[]
YER156C	[]
YER157W	[]
tE_UUC_E3	[]
YER158C	[]
YER159C	[]
tR_ACG_E	[]
YER160C	[]
YER159C-A	[]
YER161C	[]
YER162C	[]
YER163C	['R11861']
YER164W	[]
YER165W	[]
YER166W	[]
YER167W	[]
YER168C	[]
YER169W	[]
YER170W	['R11319', 'R01547', 'R00127']
YER171W	[]
YER172C	[]
YER173W	[]
YER174C	[]
YER175C	[]
YER175W-A	[]
YER176W	[]
YER177W	[]
YER178W	['R00014', 'R01699', 'R03270', 'R00209']
YER179W	[]
YER180C	[]
YER180C-A	[]
tI_AAU_E2	[]
YER181C	[]
YER182W	[]
YER183C	['R02301']
YER184C	[]
YER185W	[]
YER186C	[]
YER187W	[]
YER188W	[]
YER188C-A	[]
YER189W	[]
YER190W	[]
YER190C-B	[]
YFL068W	[]
YFL067W	[]
YFL066C	[]
YFL065C	[]
YFL064C	[]
YFL062W	[]
YFL061W	['R00778']
YFL060C	['R10089', 'R07456']
YFL059W	['R10089', 'R07456']
YFL058W	['R10686']
YFL055W	[]
YFL054C	[]
YFL053W	['R01059', 'R01011']
YFL052W	[]
YFL051C	[]
YFL050C	[]
YFL049W	[]
YFL048C	[]
YFL047W	[]
YFL046W	[]
YFL045C	['R01818']
YFL044C	[]
YFL042C	[]
YFL041W-A	[]
YFL041W	[]
YFL040W	[]
YFL039C	[]
YFL038C	[]
YFL037W	[]
RUF21	[]
YFL036W	[]
YFL034C-B	[]
YFL034C-A	[]
YFL034W	[]
YFL033C	[]
YFL031W	[]
YFL030W	['R00588', 'R00372', 'R00369', 'R00585']
YFL029C	[]
YFL028C	[]
YFL027C	[]
YFL026W	[]
YFL025C	[]
YFL024C	[]
YFL023W	[]
YFL022C	[]
YFL021W	[]
YFL020C	[]
YFL019C	[]
tP_UGG_F	[]
YFL018C	['R03815', 'R07618', 'R01221', 'R01933', 'R00209', 'R01698', 'R08549']
YFL017W-A	[]
YFL017C	['R02058']
YFL016C	[]
YFL015C	[]
YFL014W	[]
YFL013C	[]
YFL012W	[]
YFL011W	[]
YFL010W-A	[]
YFL010C	[]
YFL009W	[]
YFL008W	[]
YFL007W	[]
YFL005W	[]
RUF20	[]
YFL004W	[]
YFL003C	[]
tN_GUU_F	[]
YFL002W-A	[]
YFL002W-B	[]
YFL002C	[]
YFL001W	[]
YFR001W	[]
YFR002W	[]
YFR003C	[]
YFR004W	[]
YFR005C	[]
YFR006W	[]
tF_GAA_F	[]
YFR007W	[]
YFR008W	[]
tG_GCC_F1	[]
YFR009W	[]
YFR010W	[]
YFR011C	[]
tY_GUA_F1	[]
YFR012W	[]
YFR012W-A	[]
YFR013W	[]
YFR014C	[]
YFR015C	['R00292']
YFR016C	[]
tG_GCC_F2	[]
YFR017C	[]
YFR018C	[]
YFR019W	['R10951', 'R05802']
tS_GCU_F	[]
YFR020W	[]
YFR021W	[]
YFR022W	[]
RUF22	[]
YFR023W	[]
YFR024C-A	[]
YFR025C	['R03013']
tA_AGC_F	[]
YFR026C	[]
YFR027W	[]
YFR028C	[]
tY_GUA_F2	[]
YFR029W	[]
YFR030W	['R00858']
YFR031C	[]
YFR031C-A	[]
RUF23	[]
YFR032C	[]
YFR032C-A	[]
YFR032C-B	[]
YFR033C	[]
YFR034C	[]
YFR035C	[]
tK_CUU_F	[]
YFR036W	[]
YFR037C	[]
YFR038W	[]
YFR039C	[]
YFR040W	[]
YFR041C	[]
YFR042W	[]
YFR043C	[]
YFR044C	[]
YFR045W	[]
YFR046C	[]
YFR047C	['R03348']
YFR048W	[]
YFR049W	[]
YFR050C	[]
YFR051C	[]
YFR052W	[]
YFR053C	['R01961', 'R01786', 'R00299', 'R01600', 'R03920', 'R01326', 'R00760', 'R00867']
YFR054C	[]
YFR055W	['R02408', 'R12188', 'R04941', 'R00782', 'R01286']
YFR057W	[]
YGL263W	[]
YGL262W	[]
YGL261C	[]
YGL260W	[]
YGL259W	[]
YGL258W-A	[]
YGL258W	[]
YGL257C	[]
YGL256W	['R00754', 'R05234', 'R06917', 'R04880', 'R06927', 'R00623', 'R05233']
YGL255W	[]
YGL254W	[]
YGL253W	['R01961', 'R01786', 'R00299', 'R01600', 'R03920', 'R01326', 'R00760', 'R00867']
YGL252C	[]
YGL251C	[]
YGL250W	[]
YGL249W	[]
RME3	[]
YGL248W	['R00191', 'R01234']
YGL247W	[]
YGL246C	[]
YGL245W	['R05578']
YGL244W	[]
YGL243W	[]
YGL242C	[]
YGL241W	[]
YGL240W	[]
YGL238W	[]
YGL237C	[]
YGL236C	[]
YGL235W	[]
YGL234W	['R04144', 'R04208']
YGL233W	[]
YGL232W	[]
YGL231C	[]
YGL230C	[]
YGL229C	[]
YGL228W	[]
YGL227W	[]
YGL226C-A	['R05976']
YGL226W	[]
tV_AAC_G3	[]
YGL225W	[]
YGL224C	[]
YGL223C	[]
YGL222C	[]
YGL221C	[]
YGL220W	[]
YGL219C	[]
YGL216W	[]
YGL215W	[]
YGL213C	[]
YGL212W	[]
YGL211W	[]
YGL210W	[]
YGL209W	[]
YGL208W	[]
YGL207W	[]
YGL206C	[]
YGL205W	['R07892', 'R12356', 'R04751', 'R03990', 'R07896', 'R07934', 'R03857', 'R07950', 'R04754', 'R01175', 'R07888', 'R01279', 'R03777']
tH_GUG_G1	[]
YGL204C	[]
YGL203C	[]
tK_UUU_G1	[]
YGL202W	['R00734', 'R01939', 'R00694']
YGL201C	[]
tK_CUU_G1	[]
YGL200C	[]
YGL198W	[]
YGL197W	[]
YGL196W	['R00221']
YGL195W	[]
YGL194C-A	[]
YGL194C	[]
RME2	[]
YGL193C	[]
YGL192W	[]
YGL191W	[]
YGL190C	[]
YGL189C	[]
YGL188C-A	[]
YGL187C	[]
YGL186C	[]
YGL185C	[]
YGL184C	['R02408', 'R12188', 'R04941', 'R00782', 'R01286']
YGL183C	[]
YGL181W	[]
YGL180W	[]
YGL179C	[]
YGL178W	[]
YGL176C	[]
YGL175C	[]
YGL174W	[]
YGL173C	[]
YGL172W	[]
YGL171W	[]
YGL170C	[]
tK_CUU_G2	[]
YGL169W	[]
YGL168W	[]
YGL167C	[]
YGL166W	[]
YGL164C	[]
YGL163C	[]
YGL162W	[]
YGL161C	[]
YGL160W	[]
YGL159W	[]
tL_CAA_G1	[]
YGL158W	[]
YGL157W	[]
YGL156W	[]
YGL155W	[]
YGL154C	[]
YGL153W	[]
YGL151W	[]
YGL150C	[]
YGL149W	[]
YGL148W	['R01714']
YGL147C	[]
YGL146C	[]
YGL145W	[]
YGL144C	[]
YGL143C	[]
YGL142C	[]
YGL141W	[]
YGL140C	[]
YGL139W	[]
YGL138C	[]
YGL137W	[]
YGL136C	[]
YGL135W	[]
YGL134W	[]
YGL133W	[]
YGL131C	[]
YGL130W	[]
YGL129C	[]
YGL128C	[]
YGL127C	[]
YGL126W	[]
YGL125W	['R01224']
YGL124C	[]
YGL123W	[]
YGL122C	[]
YGL121C	[]
YGL120C	[]
YGL119W	[]
tW_CCA_G1	[]
YGL118C	[]
YGL117W	[]
YGL116W	[]
YGL115W	[]
YGL114W	[]
YGL113W	[]
YGL112C	[]
YGL111W	[]
YGL110C	[]
YGL108C	[]
YGL107C	[]
YGL106W	[]
YGL105W	[]
YGL104C	[]
YGL103W	[]
YGL101W	[]
YGL100W	[]
YGL099W	[]
snR82	[]
YGL098W	[]
tH_GUG_G2	[]
YGL097W	[]
YGL096W	[]
tE_UUC_G1	[]
YGL095C	[]
YGL094C	[]
YGL093W	[]
YGL092W	[]
YGL091C	[]
YGL090W	[]
YGL089C	[]
YGL088W	[]
snR10	[]
YGL087C	[]
YGL086W	[]
YGL085W	[]
YGL084C	[]
YGL083W	[]
YGL082W	[]
YGL081W	[]
YGL080W	[]
YGL079W	[]
YGL078C	[]
YGL077C	[]
YGL076C	[]
snR39	[]
snR39B	[]
YGL075C	[]
YGL073W	[]
YGL071W	[]
YGL070C	[]
YGL068W	[]
YGL067W	['R03004', 'R11104', 'R00103']
YGL066W	[]
YGL065C	['R06238', 'R05973']
YGL064C	[]
YGL063W	[]
YGL062W	['R00344']
YGL061C	[]
YGL060W	[]
YGL059W	[]
YGL058W	[]
YGL057C	[]
YGL056C	[]
YGL055W	['R02222', 'R12173']
YGL054C	[]
tE_UUC_G2	[]
YGL053W	[]
YGL051W	[]
tR_UCU_G1	[]
YGL050W	[]
YGL049C	[]
YGL048C	[]
YGL047W	['R05970']
tV_AAC_G1	[]
YGL045W	[]
YGL044C	[]
YGL043W	[]
YGL041C-B	[]
YGL041W-A	[]
YGL040C	['R00036']
tL_CAA_G2	[]
YGL039W	[]
YGL038C	['R08599']
YGL037C	['R01268']
YGL036W	[]
YGL035C	[]
YGL034C	[]
YGL033W	[]
YGL032C	[]
YGL031C	[]
YGL030W	[]
YGL029W	[]
tF_GAA_G	[]
YGL028C	[]
YGL027C	['R05979']
YGL026C	['R02722']
YGL025C	[]
YGL023C	[]
YGL022W	['R04216', 'R05976']
YGL021W	[]
YGL020C	[]
YGL019W	[]
YGL018C	[]
YGL017W	[]
YGL016W	[]
YGL015C	[]
YGL014W	[]
YGL013C	[]
YGL012W	['R05641']
YGL011C	[]
YGL010W	[]
YGL009C	['R04001', 'R10170', 'R03968']
YGL008C	[]
YGL007C-A	[]
YGL007W	[]
YGL006W-A	[]
YGL006W	[]
YGL005C	[]
YGL004C	[]
YGL003C	[]
YGL002W	[]
YGL001C	['R12404', 'R07494']
YGR001C	[]
YGR002C	[]
YGR003W	[]
YGR004W	[]
YGR005C	[]
YGR006W	[]
YGR007W	['R02038', 'R04247']
YGR008C	[]
YGR009C	[]
YGR010W	['R03005', 'R00137']
YGR012W	['R07274', 'R00897', 'R04859', 'R03601']
YGR013W	[]
YGR014W	[]
YGR015C	[]
YGR016W	[]
YGR017W	['R01710', 'R00277', 'R00278', 'R01711']
YGR018C	[]
YGR019W	['R01648', 'R04188', 'R00908']
YGR020C	[]
YGR021W	[]
YGR023W	[]
tD_GUC_G1	[]
YGR024C	[]
YGR025W	[]
YGR026W	[]
YGR027C	[]
YGR027W-B	[]
YGR027W-A	[]
tE_UUC_G3	[]
YGR028W	[]
YGR029W	[]
tD_GUC_G2	[]
snR46	[]
YGR030C	[]
YGR031W	[]
YGR031C-A	[]
YGR032W	['R03118']
YGR033C	[]
YGR034W	[]
YGR035C	[]
YGR035W-A	[]
YGR036C	['R01004']
YGR037C	[]
YGR038W	[]
tS_AGA_G	[]
YGR038C-B	[]
YGR038C-A	[]
YGR039W	[]
YGR040W	[]
YGR041W	[]
YGR042W	[]
YGR043C	['R01827']
YGR044C	[]
YGR045C	[]
YGR046W	[]
YGR047C	[]
YGR048W	[]
YGR049W	[]
YGR050C	[]
YGR052W	[]
YGR053C	[]
YGR054W	[]
YGR055W	[]
YGR056W	[]
YGR057C	[]
YGR058W	[]
YGR059W	[]
snR48	[]
YGR060W	['R12403', 'R07509', 'R10057']
YGR061C	['R04463']
YGR062C	[]
YGR063C	[]
YGR065C	[]
YGR066C	[]
YGR067C	[]
YGR068C	[]
YGR070W	[]
YGR071C	[]
YGR072W	[]
YGR074W	[]
YGR075C	[]
YGR076C	[]
YGR077C	[]
YGR078C	[]
YGR079W	[]
YGR080W	[]
YGR081C	[]
YGR082W	[]
YGR083C	[]
YGR084C	[]
YGR085C	[]
YGR086C	[]
YGR087C	['R00755', 'R00014']
YGR088W	['R00602', 'R00009', 'R02670']
YGR089W	[]
tT_UGU_G1	[]
YGR090W	[]
YGR091W	[]
YGR092W	[]
YGR093W	[]
YGR094W	[]
YGR095C	[]
YGR096W	[]
YGR097W	[]
YGR098C	[]
YGR099W	[]
YGR100W	[]
YGR101W	[]
YGR102C	[]
YGR103W	[]
YGR104C	[]
YGR105W	[]
YGR106C	[]
tL_GAG_G	[]
tK_UUU_G2	[]
YGR108W	[]
YGR109C	[]
tC_GCA_G	[]
YGR109W-B	[]
YGR109W-A	[]
YGR110W	[]
YGR111W	[]
YGR112W	[]
YGR113W	[]
YGR116W	[]
YGR117C	[]
YGR118W	[]
YGR119C	[]
YGR120C	[]
tN_GUU_G	[]
YGR121C	[]
YGR121W-A	[]
YGR122W	[]
tR_UCU_G3	[]
YGR123C	[]
tI_AAU_G	[]
YGR124W	['R00578']
YGR125W	[]
YGR126W	[]
YGR127W	[]
YGR128C	[]
YGR129W	[]
YGR130C	[]
YGR131W	[]
YGR132C	[]
YGR133W	[]
YGR134W	[]
YGR135W	[]
YGR136W	[]
YGR138C	[]
YGR140W	[]
YGR141W	[]
YGR142W	[]
tA_AGC_G	[]
YGR143W	[]
tG_UCC_G	[]
YGR144W	['R10685']
YGR145W	[]
YGR146C	[]
YGR146C-A	[]
YGR147C	[]
YGR148C	[]
YGR149W	[]
YGR150C	[]
tA_UGC_G	[]
YGR152C	[]
YGR153W	[]
YGR154C	[]
YGR155W	['R00891', 'R04942', 'R01290']
YGR156W	[]
YGR157W	['R02056']
YGR158C	[]
YGR159C	[]
YGR161C	[]
YGR161W-C	[]
YGR161W-B	[]
YGR161W-A	[]
YGR161C-D	[]
YGR161C-C	[]
tV_AAC_G2	[]
YGR162W	[]
YGR163W	[]
YGR164W	[]
tR_UCU_G2	[]
YGR165W	[]
YGR166W	[]
YGR167W	[]
YGR168C	[]
YGR169C	[]
YGR169C-A	[]
YGR170W	['R02055']
YGR171C	['R04773', 'R03659']
YGR172C	[]
YGR173W	[]
tG_GCC_G1	[]
YGR174C	[]
YGR174W-A	[]
YGR175C	['R02874']
YGR177C	[]
YGR178C	[]
YGR179C	[]
YGR180C	['R11893', 'R08364', 'R08363', 'R02017', 'R02019', 'R02024']
tL_CAA_G3	[]
YGR181W	[]
YGR183C	[]
YGR184C	[]
YGR185C	[]
YGR186W	[]
YGR187C	[]
YGR188C	[]
tK_CUU_G3	[]
YGR189C	[]
tW_CCA_G2	[]
YGR191W	[]
YGR192C	['R01061']
YGR193C	[]
YGR194C	['R01639']
YGR195W	[]
YGR196C	[]
YGR197C	[]
YGR198W	[]
YGR199W	['R07620', 'R04072', 'R11399']
YGR200C	[]
YGR201C	[]
YGR202C	['R01890', 'R02590']
YGR203W	[]
YGR204W	['R01655', 'R00943', 'R01220']
YGR204C-A	[]
YGR205W	['R01514']
YGR206W	[]
YGR207C	[]
YGR208W	['R00582']
YGR209C	[]
YGR210C	[]
YGR211W	[]
YGR212W	[]
YGR213C	[]
YGR214W	[]
YGR215W	[]
YGR216C	['R05916']
YGR217W	[]
tG_GCC_G2	[]
YGR218W	[]
YGR220C	[]
YGR221C	[]
snR7-L	[]
snR7-S	[]
YGR222W	[]
YGR223C	[]
YGR224W	[]
YGR225W	[]
YGR227W	['R06264']
YGR229C	[]
YGR230W	[]
YGR231C	[]
YGR232W	[]
YGR233C	[]
YGR234W	[]
YGR235C	[]
YGR236C	[]
YGR237C	[]
YGR238C	[]
YGR239C	[]
YGR240C	['R03237', 'R03238', 'R03239', 'R03236', 'R00756', 'R04779']
YGR240C-A	[]
YGR241C	[]
YGR243W	[]
YGR244C	['R00727', 'R00432']
YGR245C	[]
YGR246C	[]
YGR247W	[]
YGR248W	['R02035']
YGR249W	[]
YGR250C	[]
YGR251W	[]
YGR252W	[]
YGR253C	[]
YGR254W	['R00658']
YGR255C	[]
tT_UGU_G2	[]
YGR256W	['R01528', 'R10221']
YGR257C	[]
YGR258C	[]
YGR260W	[]
YGR261C	[]
YGR262C	[]
YGR263C	[]
YGR264C	['R04773', 'R03659']
YGR266W	[]
YGR267C	['R05048', 'R04639', 'R00428', 'R05046', 'R00424']
YGR268C	[]
YGR270W	[]
YGR271W	[]
YGR271C-A	[]
YGR273C	[]
YGR274C	[]
YGR275W	[]
YGR276C	[]
YGR277C	['R03035']
YGR278W	[]
YGR279C	[]
YGR280C	[]
YGR281W	[]
YGR282C	['R03115', 'R00308']
YGR283C	[]
YGR284C	[]
YGR285C	[]
YGR286C	['R01078']
YGR287C	['R01791', 'R06199', 'R00801', 'R01718']
YGR288W	[]
YGR289C	[]
YGR292W	['R01791', 'R06199', 'R00801', 'R01718']
YGR294W	[]
YGR295C	[]
YGR296W	[]
YHL050C	[]
YHL049C	[]
YHL048C-A	[]
YHL048W	[]
YHL047C	[]
YHL046C	[]
YHL044W	[]
YHL043W	[]
YHL042W	[]
YHL041W	[]
YHL040C	[]
YHL039W	[]
YHL038C	[]
YHL037C	[]
YHL036W	[]
YHL035C	[]
YHL034C	[]
YHL033C	[]
YHL032C	['R00847']
YHL031C	[]
YHL030W	[]
YHL029C	[]
YHL028W	[]
YHL027W	[]
YHL026C	[]
YHL025W	[]
YHL024W	[]
YHL023C	[]
tH_GUG_H	[]
YHL022C	[]
YHL021C	[]
YHL020C	[]
YHL019C	[]
YHL018W	['R04734']
YHL017W	[]
YHL016C	[]
YHL015W-A	[]
YHL015W	[]
YHL014C	[]
YHL013C	[]
YHL012W	['R00289']
YHL011C	['R01049']
YHL010C	[]
YHL009C	[]
tV_AAC_H	[]
YHL009W-B	[]
YHL009W-A	[]
YHL008C	[]
YHL007C	[]
YHL006C	[]
YHL005C	[]
YHL004W	[]
YHL003C	['R06527', 'R06517']
YHL002W	[]
YHL001W	[]
YHR001W	[]
YHR001W-A	[]
YHR002W	[]
YHR003C	[]
YHR004C	[]
YHR005C	[]
YHR005C-A	[]
tT_AGU_H	[]
YHR006W	[]
YHR007C	['R12323', 'R05731', 'R05640']
YHR007C-A	[]
YHR008C	[]
YHR009C	[]
YHR010W	[]
YHR011W	[]
YHR012W	[]
YHR013C	[]
YHR014W	[]
tS_AGA_H	[]
tQ_UUG_H	[]
YHR015W	[]
YHR016C	[]
YHR017W	[]
YHR018C	['R01086']
YHR019C	[]
YHR020W	[]
tA_AGC_H	[]
YHR021C	[]
YHR021W-A	[]
YHR022C	[]
YHR022C-A	[]
YHR023W	[]
YHR024C	[]
YHR025W	['R01771']
YHR026W	[]
YHR027C	[]
YHR028C	[]
YHR029C	[]
YHR030C	[]
YHR031C	[]
YHR032W	[]
YHR033W	['R00239']
YHR034C	[]
YHR035W	[]
YHR036W	[]
YHR037W	['R04445', 'R00245', 'R04444', 'R00707', 'R00708', 'R05051']
YHR038W	[]
YHR039C	[]
YHR039C-A	[]
YHR040W	[]
YHR041C	[]
YHR042W	[]
YHR043C	[]
YHR044C	[]
YHR045W	[]
YHR046C	['R01186', 'R01185', 'R01187']
YHR047C	[]
YHR048W	[]
YHR049W	[]
YHR050W	[]
YHR050W-A	[]
YHR051W	[]
YHR052W	[]
RUF5-1	[]
YHR053C	[]
YHR054C	[]
RUF5-2	[]
YHR055C	[]
YHR056C	[]
YHR057C	[]
YHR058C	[]
YHR059W	[]
YHR060W	[]
YHR061C	[]
YHR062C	[]
YHR063C	['R02472']
YHR064C	[]
YHR065C	[]
YHR066W	[]
YHR067W	[]
YHR068W	[]
YHR069C	[]
YHR070W	[]
YHR071W	[]
tF_GAA_H1	[]
YHR072W	['R03199']
YHR072W-A	[]
YHR073W	[]
YHR074W	['R00257']
YHR075C	[]
YHR076W	[]
YHR077C	[]
YHR078W	[]
YHR079C	[]
YHR079C-A	[]
YHR080C	[]
YHR081W	[]
YHR082C	[]
YHR083W	[]
YHR084W	[]
YHR085W	[]
YHR086W	[]
YHR086W-A	[]
YHR087W	[]
YHR088W	[]
YHR089C	[]
YHR090C	[]
YHR091C	[]
YHR092C	[]
YHR093W	[]
YHR094C	[]
YHR096C	[]
YHR097C	[]
YHR098C	[]
YHR099W	[]
YHR100C	['R02029']
YHR101C	[]
YHR102W	[]
YHR103W	[]
YHR104W	['R09477', 'R01431']
YHR105W	[]
YHR106W	['R03596', 'R09372', 'R02016']
YHR107C	[]
YHR108W	[]
YHR109W	['R04867', 'R04866', 'R03875']
YHR110W	[]
YHR111W	[]
YHR112C	[]
YHR113W	[]
YHR114W	[]
YHR115C	[]
YHR116W	[]
YHR117W	[]
YHR118C	[]
YHR119W	['R04867', 'R04866', 'R03875']
YHR120W	[]
YHR121W	[]
YHR122W	[]
YHR123W	['R07384', 'R06364', 'R04920', 'R02057']
YHR124W	[]
tF_GAA_H2	[]
YHR125W	[]
YHR126C	[]
YHR127W	[]
YHR128W	['R00966']
YHR129C	[]
YHR130C	[]
YHR131C	[]
YHR132C	[]
YHR132W-A	[]
YHR133C	[]
YHR134W	[]
YHR135C	[]
YHR136C	[]
YHR137W	['R09254', 'R00734', 'R00692', 'R00694']
YHR138C	[]
YHR139C	[]
YHR139C-A	[]
YHR140W	[]
snR32	[]
YHR141C	[]
YHR142W	[]
YHR143W	[]
YHR143W-A	[]
YHR144C	['R01663']
tP_UGG_H	[]
YHR146W	[]
YHR147C	[]
YHR148W	[]
YHR149C	[]
YHR150W	[]
YHR151C	[]
YHR152W	[]
YHR153C	[]
YHR154W	[]
YHR155W	[]
snR71	[]
YHR156C	[]
YHR157W	[]
YHR158C	[]
YHR159W	[]
YHR160C	[]
YHR161C	[]
YHR162W	[]
YHR163W	['R02035']
YHR164C	[]
YHR165C	[]
YHR166C	[]
YHR167W	[]
YHR168W	[]
YHR169W	[]
YHR170W	[]
YHR171W	[]
YHR172W	[]
YHR173C	[]
YHR174W	['R00658']
YHR175W	[]
YHR175W-A	[]
YHR176W	[]
YHR177W	[]
YHR178W	[]
YHR179W	[]
YHR180W	[]
tT_UGU_H	[]
YHR181W	[]
YHR182W	[]
YHR183W	['R01528', 'R10221']
YHR184W	[]
YHR185C	[]
tV_CAC_H	[]
YHR186C	[]
YHR187W	[]
YHR188C	[]
YHR189W	[]
YHR190W	['R00702', 'R06223', 'R02872']
YHR191C	[]
YHR192W	[]
YHR193C	[]
YHR194W	[]
YHR195W	[]
YHR196W	[]
YHR197W	[]
YHR198C	[]
YHR199C	[]
YHR199C-A	[]
YHR200W	[]
YHR201C	['R03409']
YHR202W	[]
YHR203C	[]
YHR204W	[]
YHR205W	[]
YHR206W	[]
YHR207C	[]
YHR208W	['R01214', 'R02199', 'R01090', 'R10991', 'R08626', 'R08622']
YHR209W	[]
YHR210C	[]
YHR211W	[]
YHR212W-A	[]
YHR213W	[]
YHR213W-A	[]
YHR213W-B	[]
YHR214W	[]
YHR214C-B	[]
YHR214C-C	[]
YHR214C-D	[]
YHR214C-E	[]
YHR215W	['R00548', 'R02135']
YHR216W	['R08240', 'R01130']
YHR218W	[]
YHR219W	[]
YIL177C	[]
YIL176C	[]
YIL173W	[]
YIL172C	['R01791', 'R06199', 'R00801', 'R01718']
YIL169C	[]
YIL166C	[]
YIL165C	[]
YIL164C	['R03542', 'R07855', 'R05591', 'R00540', 'R03093', 'R01887']
YIL163C	[]
YIL162W	['R00802', 'R00801', 'R03921', 'R03635', 'R02410', 'R06088']
YIL161W	[]
YIL160C	['R04546', 'R07899', 'R03778', 'R03858', 'R07937', 'R00927', 'R04742', 'R07891', 'R00238', 'R01177', 'R04747', 'R07895', 'R07953', 'R03991']
YIL159W	[]
YIL158W	[]
YIL157C	[]
YIL156W-B	[]
YIL156W	[]
YIL155C	['R00848']
YIL154C	[]
YIL153W	[]
YIL152W	[]
YIL151C	[]
YIL150C	[]
YIL149C	[]
YIL148W	[]
YIL147C	[]
YIL146C	[]
YIL145C	['R02473']
YIL144W	[]
YIL143C	[]
YIL142W	[]
YIL140W	[]
YIL139C	[]
YIL138C	[]
YIL137C	[]
YIL136W	[]
YIL135C	[]
YIL134C-A	[]
snR68	[]
YIL134W	[]
YIL133C	[]
YIL132C	[]
YIL131C	[]
YIL130W	[]
YIL129C	[]
YIL128W	[]
YIL127C	[]
YIL126W	[]
YIL125W	['R08549', 'R01700', 'R00621', 'R03316']
YIL124W	['R02756', 'R04360']
YIL123W	[]
YIL122W	[]
YIL121W	[]
YIL120W	[]
YIL119C	[]
YIL118W	[]
YIL117C	[]
YIL116W	['R00734', 'R03243', 'R00694']
YIL115C	[]
YIL114C	[]
YIL113W	[]
YIL112W	[]
YIL111W	[]
YIL110W	[]
YIL109C	[]
YIL108W	[]
YIL107C	['R02732']
YIL106W	[]
YIL105C	[]
YIL105W-A	[]
YIL104C	[]
YIL103W	[]
YIL102C-A	[]
YIL102C	[]
tT_AGU_I1	[]
YIL101C	[]
YIL099W	['R01791', 'R06199', 'R01790']
YIL098C	[]
YIL097W	[]
YIL096C	[]
tI_AAU_I1	[]
YIL095W	[]
YIL094C	['R01934', 'R04862', 'R01936']
YIL093C	[]
YIL092W	[]
YIL091C	[]
YIL090W	[]
YIL089W	[]
tE_CUC_I	[]
YIL088C	[]
YIL087C	[]
YIL086C	[]
YIL085C	[]
YIL084C	[]
YIL083C	['R04230']
YIL082W-A	[]
tI_AAU_I2	[]
YIL079C	[]
YIL078W	[]
YIL077C	[]
YIL076W	[]
YIL075C	[]
YIL074C	['R01513']
YIL073C	[]
YIL072W	[]
YIL071C	[]
YIL070C	[]
YIL069C	[]
YIL068C	[]
YIL067C	[]
YIL066C	['R11893', 'R08364', 'R08363', 'R02017', 'R02019', 'R02024']
YIL065C	[]
YIL064W	[]
YIL063C	[]
YIL062C	[]
YIL061C	[]
YIL060W	[]
YIL057C	[]
tS_UGA_I	[]
YIL056W	[]
YIL055C	[]
YIL054W	[]
YIL053W	['R00841']
YIL052C	[]
YIL051C	[]
YIL050W	[]
YIL049W	['R02497', 'R08954', 'R10242', 'R12299', 'R02208']
YIL048W	[]
YIL047C	[]
YIL046W-A	[]
YIL046W	[]
YIL045W	[]
YIL044C	[]
YIL043C	['R00100']
YIL042C	[]
YIL041W	[]
YIL040W	[]
YIL039W	[]
YIL038C	[]
YIL037C	[]
YIL036W	[]
YIL035C	[]
YIL034C	[]
YIL033C	[]
YIL031W	[]
YIL030C	[]
tK_CUU_I	[]
YIL029C	[]
YIL027C	[]
YIL026C	[]
YIL024C	[]
YIL023C	[]
YIL022W	[]
YIL021W	[]
YIL020C	['R04640']
YIL019W	[]
YIL018W	[]
YIL017C	[]
YIL016W	[]
YIL015W	[]
tD_GUC_I1	[]
YIL014C-A	[]
tT_AGU_I2	[]
YIL014W	[]
YIL013C	[]
YIL012W	[]
YIL011W	[]
YIL010W	[]
YIL009C-A	[]
tD_GUC_I2	[]
YIL009W	['R00390', 'R01280']
YIL008W	[]
YIL007C	[]
YIL006W	[]
YIL005W	[]
YIL004C	[]
YIL003W	[]
YIL002W-A	[]
YIL002C	['R04404', 'R09827']
YIL001W	[]
YIR001C	[]
YIR002C	[]
YIR003W	[]
YIR004W	[]
YIR005W	[]
YIR006C	[]
tE_UUC_I	[]
YIR007W	[]
YIR008C	[]
YIR009W	[]
YIR010W	[]
YIR011C	[]
YIR012W	[]
YIR013C	[]
YIR014W	[]
YIR015W	[]
YIR016W	[]
YIR017C	[]
YIR018W	[]
YIR018C-A	[]
YIR019C	[]
ICR1	[]
YIR020C	[]
PWR1	[]
YIR021W	[]
YIR021W-A	[]
YIR022W	[]
YIR023W	[]
YIR024C	[]
YIR025W	[]
YIR026C	[]
YIR027C	['R02425']
YIR028W	[]
YIR029W	['R02422']
YIR030C	[]
YIR031C	['R00472']
YIR032C	['R00776']
YIR033W	[]
YIR034C	['R00715']
YIR035C	[]
YIR036C	[]
YIR037W	[]
YIR038C	['R07003', 'R07116', 'R07070', 'R07025', 'R09409', 'R07026', 'R07083', 'R07092', 'R07069', 'R07093', 'R07023', 'R07084', 'R03522', 'R11905', 'R07024', 'R07094', 'R07091', 'R08280', 'R07004', 'R07100', 'R07002', 'R07113']
YIR039C	[]
YIR041W	[]
YIR042C	[]
YJL225C	[]
YJL223C	[]
YJL222W	[]
YJL221C	['R01791', 'R06199', 'R00801', 'R01718']
YJL219W	[]
YJL218W	[]
YJL217W	[]
YJL216C	['R01791', 'R06199', 'R00801', 'R01718']
YJL214W	[]
YJL213W	[]
YJL212C	[]
YJL210W	[]
YJL209W	[]
YJL208C	[]
YJL207C	[]
YJL206C	[]
YJL205C	[]
YJL204C	[]
YJL203W	[]
YJL201W	[]
YJL200C	[]
tT_AGU_J	[]
YJL199C	[]
YJL198W	[]
YJL197W	[]
YJL196C	['R07762', 'R07758', 'R10825', 'R09419']
YJL194W	[]
YJL193W	[]
YJL192C	[]
YJL191W	[]
YJL190C	[]
YJL189W	[]
YJL187C	[]
YJL186W	[]
YJL185C	[]
YJL184W	[]
YJL183W	[]
YJL181W	[]
YJL180C	[]
YJL179W	[]
YJL178C	[]
YJL177W	[]
YJL176C	[]
YJL174W	[]
YJL173C	[]
YJL172W	[]
YJL171C	[]
YJL170C	[]
YJL168C	['R04867', 'R04866', 'R03875']
YJL167W	['R02003', 'R01658']
YJL166W	[]
YJL165C	[]
YJL164C	[]
YJL163C	[]
YJL162C	[]
tE_UUC_J	[]
YJL161W	[]
YJL160C	[]
YJL159W	[]
YJL158C	[]
YJL157C	[]
YJL156C	[]
YJL155C	[]
YJL154C	[]
YJL153C	['R07324']
YJL151C	[]
YJL149W	[]
snR128	[]
snR190	[]
YJL148W	[]
YJL147C	[]
YJL146W	[]
YJL145W	[]
YJL144W	[]
YJL143W	[]
YJL141C	[]
YJL140W	[]
YJL139C	[]
YJL138C	[]
YJL137C	['R00292', 'R03681']
YJL136W-A	[]
YJL136C	[]
YJL134W	[]
YJL133C-A	[]
YJL133W	[]
YJL132W	['R06623']
YJL131C	[]
YJL130C	['R00575', 'R10949', 'R00256', 'R01397', 'R10948', 'R01395']
YJL129C	[]
YJL128C	[]
YJL127C-B	[]
YJL127C	[]
YJL126W	[]
YJL125C	[]
YJL124C	[]
YJL123C	[]
YJL122W	[]
YJL121C	['R01529']
YJL118W	[]
YJL117W	[]
YJL116C	[]
YJL115W	[]
tA_AGC_J	[]
YJL114W	[]
YJL113W	[]
tD_GUC_J1	[]
YJL112W	[]
YJL111W	[]
YJL110C	[]
YJL109C	[]
YJL108C	[]
YJL107C	[]
YJL106W	[]
YJL105W	[]
YJL104W	[]
snR37	[]
YJL103C	[]
YJL102W	[]
tR_ACG_J	[]
YJL101C	['R10993', 'R00894']
YJL100W	['R03361']
YJL099W	[]
YJL098W	[]
YJL097W	['R10827', 'R07760']
YJL096W	[]
YJL095W	[]
YJL094C	[]
YJL093C	[]
YJL092W	[]
YJL091C	[]
YJL090C	[]
YJL089W	[]
YJL088W	['R01398']
YJL087C	[]
YJL085W	[]
YJL084C	[]
YJL083W	[]
YJL082W	[]
YJL081C	[]
YJL080C	[]
YJL079C	[]
YJL078C	[]
YJL077W-B	[]
YJL077C	[]
YJL077W-A	[]
YJL076W	[]
YJL074C	[]
YJL073W	[]
YJL072C	[]
YJL071W	['R00259']
YJL070C	[]
YJL069C	[]
YJL068C	['R00527']
YJL066C	[]
YJL065C	[]
YJL063C	[]
YJL062W-A	[]
YJL062W	[]
YJL061W	[]
YJL060W	['R01956', 'R04171']
YJL059W	[]
YJL058C	[]
YJL057C	[]
YJL056C	[]
YJL055W	[]
YJL054W	[]
YJL053W	[]
YJL052C-A	[]
YJL052W	['R01061']
YJL051W	[]
YJL050W	[]
YJL049W	[]
YJL048C	[]
YJL047C-A	[]
snR60	[]
YJL047C	[]
YJL046W	[]
tY_GUA_J1	[]
tR_UCU_J1	[]
tD_GUC_J2	[]
YJL045W	['R02164']
YJL044C	[]
YJL043W	[]
YJL042W	[]
YJL041W	[]
YJL039C	[]
tD_GUC_J3	[]
tR_UCU_J2	[]
YJL038C	[]
YJL037W	[]
tV_AAC_J	[]
YJL036W	[]
YJL035C	[]
YJL034W	[]
YJL033W	[]
YJL031C	[]
YJL030W	[]
YJL029C	[]
tM_CAU_J1	[]
YJL028W	[]
YJL027C	[]
YJL026W	['R11893', 'R08364', 'R08363', 'R02017', 'R02019', 'R02024']
YJL025W	[]
YJL024C	[]
tG_GCC_J1	[]
YJL023C	[]
YJL020C	[]
YJL019W	[]
YJL016W	[]
YJL014W	[]
YJL013C	[]
YJL012C	[]
YJL011C	[]
tK_CUU_J	[]
tW_CCA_J	[]
YJL010C	[]
YJL008C	[]
YJL007C	[]
tM_CAU_J2	[]
YJL006C	[]
tL_UAA_J	[]
YJL005W	['R00434', 'R00089']
YJL004C	[]
YJL003W	[]
YJL002C	['R05976']
YJL001W	[]
YJR001W	[]
YJR002W	[]
YJR003C	[]
YJR004C	[]
YJR005W	[]
YJR005C-A	[]
YJR006W	[]
YJR007W	[]
YJR008W	[]
YJR009C	['R01061']
YJR010W	['R04929', 'R00529']
YJR010C-A	[]
YJR011C	[]
YJR012C	[]
YJR013W	[]
YJR014W	[]
YJR015W	[]
YJR016C	['R01209', 'R04441', 'R05070']
YJR017C	[]
YJR019C	['R08181', 'R08180', 'R08183', 'R08174', 'R08182', 'R08177', 'R09450', 'R08175', 'R01274', 'R08178', 'R08176', 'R08179']
YJR021C	[]
YJR022W	[]
YJR024C	['R07392']
YJR025C	['R02665']
YJR027W	[]
YJR026W	[]
YJR029W	[]
YJR028W	[]
YJR030C	[]
YJR031C	[]
YJR032W	[]
YJR033C	[]
YJR034W	[]
YJR035W	[]
YJR036C	[]
YJR039W	[]
YJR040W	[]
YJR041C	[]
YJR042W	[]
YJR043C	[]
tM_CAU_J3	[]
YJR044C	[]
YJR045C	[]
YJR046W	[]
tS_AGA_J	[]
YJR047C	[]
YJR048W	[]
YJR049C	['R00104']
YJR050W	[]
YJR051W	[]
tG_GCC_J2	[]
YJR052W	[]
YJR053W	[]
YJR054W	[]
tR_CCU_J	[]
YJR055W	[]
tD_GUC_J4	[]
YJR056C	[]
tY_GUA_J2	[]
YJR057W	['R02098', 'R02094']
YJR058C	[]
YJR059W	[]
YJR060W	[]
YJR061W	[]
YJR062C	[]
YJR063W	[]
YJR064W	[]
YJR065C	[]
YJR066W	[]
YJR067C	[]
YJR068W	[]
YJR069C	[]
YJR070C	[]
YJR072C	[]
YJR073C	['R03424', 'R02056', 'R01320']
YJR074W	[]
YJR075W	[]
YJR076C	[]
YJR077C	[]
YJR078W	['R02702', 'R02909', 'R00678', 'R03628']
YJR079W	[]
YJR080C	[]
YJR082C	[]
YJR083C	[]
YJR084W	[]
YJR085C	[]
YJR086W	[]
YJR088C	[]
YJR089W	[]
YJR090C	[]
YJR091C	[]
YJR092W	[]
YJR093C	[]
YJR094C	[]
IRT1	[]
YJR094W-A	[]
YJR095W	[]
YJR096W	[]
YJR097W	[]
YJR098C	[]
YJR099W	[]
YJR100C	[]
tL_UAG_J	[]
YJR101W	[]
YJR102C	[]
YJR103W	['R00573', 'R00571']
YJR104C	[]
YJR105W	['R00185']
YJR106W	[]
YJR107W	[]
YJR108W	[]
YJR109C	['R00575', 'R10949', 'R00256', 'R10948', 'R01395']
YJR110W	['R10928']
YJR111C	[]
YJR112W	[]
YJR112W-A	[]
YJR113C	[]
YJR115W	[]
YJR116W	[]
YJR117W	['R09845']
YJR118C	[]
YJR119C	[]
YJR120W	[]
YJR121W	[]
YJR122W	[]
YJR123W	[]
YJR124C	[]
YJR125C	[]
YJR126C	[]
YJR127C	[]
YJR128W	[]
snR3	[]
YJR129C	[]
YJR130C	['R01288', 'R02508', 'R03217', 'R04946', 'R04945', 'R03260', 'R04944', 'R00999', 'R02026']
YJR131W	['R06722']
YJR132W	[]
YJR133W	[]
YJR134C	[]
YJR135C	[]
YJR135W-A	[]
YJR136C	[]
YJR137C	['R00858']
YJR138W	[]
YJR139C	['R01773', 'R01775']
YJR140C	[]
YJR141W	[]
YJR142W	[]
YJR143C	['R07620', 'R04072', 'R11399']
YJR144W	[]
YJR145C	[]
YJR146W	[]
YJR147W	[]
YJR148W	['R01214', 'R02199', 'R01090', 'R10991', 'R08626', 'R08622']
YJR149W	['R00025']
YJR150C	[]
YJR151C	[]
YJR151W-A	[]
YJR152W	[]
YJR153W	['R01982', 'R02360']
YJR154W	[]
YJR155W	[]
YJR156C	['R10686']
YJR158W	[]
YJR159W	['R00875', 'R01896']
YJR160C	[]
YJR161C	[]
YKL224C	[]
YKL222C	[]
YKL221W	[]
YKL220C	[]
YKL219W	[]
YKL218C	[]
YKL217W	[]
YKL216W	['R01867']
YKL215C	['R00251']
YKL214C	[]
YKL213C	[]
YKL212W	[]
YKL211C	['R03508', 'R00985', 'R00986']
snR64	[]
YKL210W	[]
YKL209C	[]
tT_CGU_K	[]
YKL208W	[]
YKL207W	[]
YKL206C	[]
YKL205W	[]
YKL204W	[]
YKL203C	[]
YKL201C	[]
YKL198C	[]
YKL197C	[]
tN_GUU_K	[]
YKL196C	[]
YKL195W	[]
YKL194C	[]
YKL193C	[]
YKL192C	[]
YKL191W	[]
YKL190W	[]
tL_UAA_K	[]
YKL189W	[]
YKL188C	[]
YKL187C	[]
YKL186C	[]
YKL185W	[]
YKL184W	['R00670']
YKL183C-A	[]
YKL183W	[]
YKL182W	['R01404', 'R04725', 'R04568', 'R01624', 'R04537', 'R04962', 'R04965', 'R01626', 'R05190', 'R04956', 'R04428', 'R04954', 'R04430', 'R04967', 'R04959', 'R04970', 'R04544', 'R10700', 'R04535']
YKL181W	['R01049']
YKL180W	[]
YKL179C	[]
YKL178C	[]
YKL176C	[]
YKL175W	[]
YKL174C	[]
YKL173W	[]
YKL172W	[]
YKL171W	[]
YKL170W	[]
YKL168C	[]
YKL167C	[]
YKL166C	[]
YKL165C	[]
tE_UUC_K	[]
YKL164C	[]
YKL163W	[]
YKL162C	[]
YKL161C	[]
YKL160W	[]
YKL159C	[]
YKL157W	[]
YKL156W	[]
YKL155C	[]
YKL154W	[]
tR_UCU_K	[]
YKL152C	['R01518']
YKL151C	[]
YKL150W	['R00100']
YKL149C	[]
YKL148C	['R02164']
YKL146W	[]
YKL145W	[]
YKL144C	[]
YKL143W	[]
YKL142W	[]
YKL141W	['R02164']
YKL140W	['R01462']
YKL139W	[]
YKL138C-A	[]
YKL138C	[]
YKL137W	[]
YKL135C	[]
YKL134C	[]
YKL133C	[]
YKL132C	['R02237']
YKL130C	[]
YKL129C	[]
YKL128C	[]
tK_CUU_K	[]
YKL127W	['R08639', 'R00959', 'R01057']
YKL126W	[]
YKL125W	[]
YKL124W	[]
YKL122C	[]
YKL121W	[]
YKL120W	[]
YKL119C	[]
tA_AGC_K1	[]
YKL117W	[]
YKL116C	[]
YKL114C	[]
YKL113C	[]
YKL112W	[]
YKL110C	[]
YKL109W	[]
YKL108W	[]
YKL107W	[]
YKL106C-A	[]
YKL106W	['R02619', 'R02433', 'R00694', 'R00734', 'R05052', 'R00355', 'R00896']
YKL105C	[]
YKL104C	['R00768']
YKL103C	[]
YKL102C	[]
YKL101W	[]
YKL100C	[]
YKL099C	[]
YKL098W	[]
YKL097C	[]
YKL096C-B	[]
YKL096W-A	[]
YKL096W	[]
YKL095W	[]
YKL094W	['R01351']
YKL093W	[]
YKL092C	[]
YKL091C	[]
YKL090W	[]
YKL089W	[]
YKL088W	['R03269']
YKL087C	['R02480']
YKL086W	[]
YKL085W	['R07136', 'R00342']
YKL084W	[]
YKL082C	[]
YKL081W	[]
snR38	[]
YKL080W	[]
YKL079W	[]
YKL078W	[]
YKL077W	[]
YKL075C	[]
YKL074C	[]
YKL073W	[]
YKL072W	[]
tW_CCA_K	[]
YKL071W	[]
YKL070W	[]
YKL069W	['R02025']
tV_AAC_K1	[]
YKL068W-A	[]
YKL068W	[]
tH_GUG_K	[]
YKL067W	['R11895', 'R02331', 'R00570', 'R01137', 'R00722', 'R01857', 'R02093', 'R02326', 'R00156', 'R00330', 'R00124', 'R00139', 'R03530', 'R11894']
YKL065W-A	[]
YKL065C	[]
YKL064W	[]
YKL063C	[]
YKL062W	[]
YKL061W	[]
YKL060C	['R02568', 'R01829', 'R01068', 'R01070']
YKL059C	[]
YKL058W	[]
YKL057C	[]
YKL056C	[]
YKL055C	['R04533', 'R04566', 'R04543', 'R02767', 'R07763', 'R04953', 'R04964', 'R04534', 'R11671', 'R10120', 'R10116', 'R04536']
YKL054C	[]
YKL053C-A	[]
YKL052C	[]
YKL051W	[]
YKL050C	[]
YKL049C	[]
YKL048C	[]
YKL047W	[]
YKL046C	[]
YKL045W	[]
YKL044W	[]
YKL043W	[]
YKL042W	[]
YKL041W	[]
YKL040C	[]
YKL039W	[]
snR69	[]
YKL038W	[]
YKL037W	[]
YKL035W	['R00289']
YKL034W	[]
YKL033W-A	[]
YKL033W	[]
tV_AAC_K2	[]
YKL032C	[]
YKL029C	['R00214']
YKL028W	[]
YKL027W	[]
YKL026C	[]
YKL025C	[]
YKL024C	['R01665', 'R11891', 'R11892', 'R00158', 'R00512']
YKL023C-A	[]
YKL023W	[]
YKL022C	[]
YKL021C	[]
YKL020C	[]
YKL019W	['R09844']
YKL018C-A	[]
YKL018W	[]
YKL017C	[]
YKL016C	[]
YKL015W	[]
YKL014C	[]
YKL013C	[]
YKL012W	[]
YKL011C	[]
YKL010C	[]
YKL009W	[]
YKL008C	['R06527', 'R06517']
YKL007W	[]
YKL006C-A	[]
snR87	[]
YKL006W	[]
YKL005C	[]
YKL004W	[]
YKL003C	[]
YKL002W	[]
YKL001C	['R04928', 'R00509']
YKR001C	[]
YKR002W	[]
YKR003W	[]
YKR004C	[]
YKR005C	[]
YKR006C	[]
YKR007W	[]
YKR008W	[]
YKR009C	[]
tL_CAA_K	[]
YKR010C	[]
YKR011C	[]
YKR013W	[]
YKR014C	[]
YKR015C	[]
YKR016W	[]
YKR017C	[]
YKR018C	[]
YKR019C	[]
YKR020W	[]
YKR021W	[]
YKR022C	[]
YKR023W	[]
YKR024C	[]
YKR025W	[]
YKR026C	[]
tR_ACG_K	[]
YKR027W	[]
YKR028W	[]
YKR029C	[]
YKR030W	[]
YKR031C	['R02051', 'R07385', 'R01310']
YKR032W	[]
YKR034W	[]
YKR035W-A	[]
YKR036C	[]
YKR037C	[]
YKR038C	[]
tD_GUC_K	[]
YKR039W	[]
tA_AGC_K2	[]
YKR041W	[]
YKR042W	[]
YKR043C	[]
YKR044W	[]
YKR045C	[]
YKR046C	[]
YKR048C	[]
YKR049C	[]
YKR050W	[]
YKR051W	[]
YKR052C	[]
YKR053C	[]
YKR054C	[]
YKR055W	[]
YKR056W	[]
YKR057W	[]
YKR058W	['R00292', 'R03681']
YKR059W	[]
YKR060W	[]
YKR061W	[]
snR42	[]
YKR062W	[]
YKR063C	[]
YKR064W	[]
YKR065C	[]
YKR066C	[]
YKR067W	['R09380', 'R00851']
YKR068C	[]
YKR069W	['R03194']
YKR070W	[]
YKR071C	[]
YKR072C	[]
YKR073C	[]
tK_UUU_K	[]
YKR074W	[]
YKR075C	[]
YKR076W	[]
YKR077W	[]
YKR078W	[]
YKR079C	[]
YKR080W	['R01218']
YKR081C	[]
YKR082W	[]
YKR083C	[]
YKR084C	[]
YKR085C	[]
YKR086W	[]
YKR087C	[]
YKR088C	[]
YKR089C	['R01462', 'R07379', 'R07387', 'R01315', 'R02250', 'R01317', 'R07859', 'R07064', 'R02241', 'R02053', 'R02687']
YKR090W	[]
YKR091W	[]
YKR092C	[]
YKR093W	[]
YKR094C	[]
YKR095W	[]
YKR095W-A	[]
YKR096W	[]
YKR097W	['R00341']
YKR098C	[]
YKR099W	[]
YKR100C	[]
YKR101W	[]
YKR102W	[]
YKR103W	[]
YKR104W	[]
YKR105C	[]
YKR106W	[]
YLL067C	[]
YLL066W-B	[]
YLL066C	[]
YLL064C	[]
YLL063C	[]
YLL062C	['R00650']
YLL061W	[]
YLL060C	[]
YLL058W	['R01288', 'R02508', 'R03217', 'R04946', 'R04945', 'R03260', 'R04944', 'R00999', 'R02026']
YLL057C	[]
YLL056C	[]
YLL055W	[]
YLL054C	[]
YLL053C	[]
YLL052C	[]
YLL051C	[]
YLL050C	[]
YLL049W	[]
YLL048C	[]
YLL046C	[]
YLL045C	[]
YLL043W	[]
YLL042C	[]
YLL041C	['R02164']
YLL040C	[]
YLL039C	[]
YLL038C	[]
YLL036C	[]
YLL035W	[]
YLL034C	[]
YLL033W	[]
YLL032C	[]
YLL031C	[]
YLL030C	[]
YLL029W	[]
YLL028W	[]
YLL027W	[]
YLL026W	[]
tP_UGG_L	[]
YLL025W	[]
YLL024C	[]
YLL023C	[]
YLL022C	[]
YLL021W	[]
YLL019C	[]
YLL018C-A	[]
YLL018C	[]
YLL015W	[]
YLL014W	[]
YLL013C	[]
YLL012W	[]
YLL011W	[]
YLL010C	[]
YLL009C	[]
YLL008W	[]
YLL007C	[]
YLL006W-A	[]
YLL006W	[]
YLL005C	[]
YLL004W	[]
YLL003W	[]
YLL002W	[]
YLL001W	[]
YLR001C	[]
YLR002C	[]
YLR003C	[]
YLR004C	[]
YLR005W	[]
YLR006C	[]
YLR007W	[]
YLR008C	[]
YLR009W	[]
YLR010C	[]
tS_AGA_L	[]
YLR011W	[]
YLR012C	[]
YLR013W	[]
YLR014C	[]
YLR015W	[]
YLR016C	[]
YLR017W	['R01402']
YLR018C	[]
YLR019W	[]
YLR020C	[]
YLR021W	[]
YLR022C	[]
YLR023C	[]
YLR024C	[]
YLR025W	[]
YLR026C	[]
YLR027C	['R02619', 'R02433', 'R00694', 'R00734', 'R05052', 'R00355', 'R00896']
snR30	[]
YLR028C	['R04560', 'R01127']
YLR029C	[]
YLR030W	[]
YLR031W	[]
YLR032W	[]
YLR033W	[]
YLR034C	[]
YLR035C	[]
tA_UGC_L	[]
YLR035C-A	[]
YLR036C	[]
YLR037C	[]
YLR038C	[]
YLR039C	[]
YLR040C	[]
YLR042C	[]
YLR043C	[]
YLR044C	['R00755', 'R00014']
YLR045C	[]
YLR046C	[]
YLR047C	[]
YLR048W	[]
YLR049C	[]
YLR050C	[]
YLR051C	[]
YLR052W	[]
YLR053C	[]
YLR054C	[]
YLR055C	[]
YLR056W	['R07486', 'R07491', 'R07215', 'R07505']
YLR057W	['R12479']
YLR058C	['R00945', 'R09099']
YLR059C	[]
YLR060W	[]
YLR061W	[]
YLR063W	[]
YLR064W	[]
YLR065C	[]
YLR066W	[]
YLR067C	[]
YLR068W	[]
YLR069C	[]
YLR070C	['R01896']
YLR071C	[]
YLR072W	[]
YLR073C	[]
YLR074C	[]
YLR075W	[]
YLR077W	[]
YLR078C	[]
YLR079W	[]
YLR080W	[]
YLR081W	[]
YLR082C	[]
YLR083C	[]
YLR084C	[]
YLR085C	[]
YLR086W	[]
YLR087C	[]
YLR088W	[]
YLR089C	['R00258']
YLR090W	[]
YLR091W	[]
YLR092W	[]
YLR093C	[]
YLR094C	[]
YLR095C	[]
YLR096W	[]
YLR097C	[]
YLR098C	[]
YLR099C	[]
YLR099W-A	[]
YLR100W	['R07495', 'R12405']
YLR102C	[]
YLR103C	[]
YLR104W	[]
YLR105C	[]
snR79	[]
YLR106C	[]
YLR107W	[]
snR6	[]
YLR108C	[]
YLR109W	[]
YLR110C	[]
YLR111W	[]
YLR112W	[]
YLR113W	[]
tR_ACG_L	[]
YLR114C	[]
YLR115W	[]
YLR116W	[]
YLR117C	[]
YLR118C	[]
YLR119W	[]
YLR120C	[]
YLR121C	[]
YLR122C	[]
YLR125W	[]
YLR126C	[]
YLR127C	[]
YLR128W	[]
YLR129W	[]
YLR130C	[]
YLR131C	[]
YLR132C	[]
YLR133W	['R01021']
YLR134W	['R00755', 'R00014']
YLR135W	[]
YLR136C	[]
YLR137W	[]
YLR138W	[]
YLR139C	[]
YLR141W	[]
YLR142W	['R10507']
tD_GUC_L1	[]
YLR143W	[]
YLR144C	[]
YLR145W	[]
YLR146C	['R02869']
YLR146W-A	[]
YLR147C	[]
YLR148W	[]
YLR149C	[]
YLR150W	[]
YLR151C	[]
YLR152C	[]
YLR153C	['R00926', 'R00316', 'R01354', 'R00925', 'R00236', 'R00235']
YLR154C	[]
tQ_UUG_L	[]
RDN25-1	[]
YLR154W-C	[]
RDN58-1	[]
RDN18-1	[]
RDN5-1	[]
RDN25-2	[]
YLR154C-G	[]
RDN58-2	[]
RDN18-2	[]
RDN5-2	[]
YLR154C-H	[]
YLR155C	['R00485']
YLR156W	[]
RDN5-3	[]
YLR156C-A	[]
YLR157C	['R00485']
YLR157W-D	[]
YLR157C-B	[]
YLR157C-A	[]
YLR157W-E	[]
RDN5-4	[]
YLR157C-C	[]
YLR158C	['R00485']
YLR159W	[]
RDN5-5	[]
YLR159C-A	[]
YLR160C	['R00485']
YLR161W	[]
RDN5-6	[]
YLR162W	[]
YLR162W-A	[]
YLR163C	[]
YLR164W	['R02164']
YLR165C	[]
YLR166C	[]
YLR167W	[]
YLR168C	[]
YLR170C	[]
YLR172C	[]
YLR173W	[]
YLR174W	['R01899', 'R00268', 'R00267']
YLR175W	[]
YLR176C	[]
YLR177W	[]
YLR178C	[]
YLR179C	[]
YLR180W	['R04771', 'R00177']
YLR181C	[]
YLR182W	[]
YLR183C	[]
YLR185W	[]
YLR186W	[]
YLR187W	[]
YLR188W	[]
YLR189C	[]
YLR190W	[]
YLR191W	[]
YLR192C	[]
YLR193C	[]
YLR194C	[]
YLR195C	[]
YLR196W	[]
YLR197W	[]
YLR199C	[]
YLR200W	[]
YLR201C	[]
YLR203C	[]
YLR204W	[]
YLR205C	[]
YLR206W	[]
YLR207W	[]
YLR208W	[]
YLR209C	['R08368', 'R02295', 'R02484', 'R02557', 'R02748', 'R02294', 'R01969', 'R01863', 'R02297', 'R10244', 'R02147', 'R01561']
YLR210W	[]
YLR211C	[]
YLR212C	[]
YLR213C	[]
YLR214W	[]
YLR215C	[]
YLR216C	[]
YLR218C	[]
YLR219W	[]
YLR220W	[]
YLR221C	[]
YLR222C	[]
YLR223C	[]
YLR224W	[]
YLR225C	[]
YLR226W	[]
YLR227C	[]
tL_UAG_L1	[]
YLR227W-B	[]
YLR227W-A	[]
YLR228C	[]
YLR229C	[]
tI_UAU_L	[]
YLR231C	['R00987', 'R03936', 'R02668']
YLR233C	[]
YLR234W	[]
YLR236C	[]
YLR237W	[]
YLR238W	[]
YLR239C	['R12428']
YLR240W	['R03362']
YLR241W	[]
YLR242C	[]
YLR243W	[]
YLR244C	[]
YLR245C	['R02485', 'R01878', 'R08221']
YLR246W	[]
tL_CAA_L	[]
YLR247C	[]
YLR248W	[]
YLR249W	[]
YLR250W	[]
YLR251W	[]
YLR253W	[]
YLR254C	[]
YLR255C	[]
YLR256W	[]
YLR256W-A	[]
tA_AGC_L	[]
YLR257W	[]
YLR258W	['R00292']
YLR259C	[]
YLR260W	['R02976', 'R01926']
YLR261C	[]
YLR262C	[]
YLR262C-A	[]
YLR263W	[]
YLR264W	[]
YLR264C-A	[]
YLR265C	[]
YLR266C	[]
YLR267W	[]
YLR268W	[]
YLR270W	[]
YLR271W	[]
YLR272C	[]
tV_AAC_L	[]
YLR273C	[]
YLR274W	[]
YLR275W	[]
YLR276C	[]
YLR277C	[]
YLR278C	[]
YLR281C	[]
YLR283W	[]
YLR284C	['R04756']
YLR285W	[]
YLR285C-A	[]
YLR286C	['R01206', 'R02334']
YLR287C	[]
YLR287C-A	[]
YLR288C	[]
YLR289W	[]
YLR290C	[]
YLR291C	[]
YLR292C	[]
YLR293C	[]
YLR295C	[]
YLR296W	[]
YLR297W	[]
YLR298C	[]
YLR299W	['R00494', 'R04935', 'R03970', 'R03867', 'R01262', 'R03971', 'R01687', 'R03916']
YLR300W	['R03115', 'R00308']
YLR301W	[]
tL_UAG_L2	[]
YLR302C	[]
YLR303W	['R00897', 'R04859']
tI_AAU_L1	[]
YLR304C	['R01325', 'R01900', 'R01324']
YLR305C	['R03361']
YLR306W	[]
YLR307W	['R02333']
YLR307C-A	[]
YLR308W	['R02333']
YLR309C	[]
YLR310C	[]
YLR312C	[]
YLR312W-A	[]
YLR313C	[]
YLR314C	[]
YLR315W	[]
YLR316C	[]
YLR318W	[]
YLR319C	[]
YLR320W	[]
YLR321C	[]
YLR323C	[]
YLR324W	[]
YLR325C	[]
YLR326W	[]
YLR327C	[]
tX_XXX_L	[]
YLR328W	['R03005', 'R00137']
YLR329W	[]
YLR330W	[]
YLR331C	[]
YLR332W	[]
tD_GUC_L2	[]
snR61	[]
snR55	[]
snR57	[]
YLR333C	[]
tE_UUC_L	[]
YLR335W	[]
YLR336C	[]
YLR337C	[]
YLR340W	[]
YLR341W	[]
YLR342W	['R03118']
YLR342W-A	[]
YLR343W	[]
tR_CCG_L	[]
YLR344W	[]
YLR345W	[]
YLR346C	[]
YLR347C	[]
YLR348C	[]
YLR350W	[]
YLR351C	['R00348', 'R00269']
YLR352W	[]
YLR353W	[]
YLR354C	['R01827']
YLR355C	['R04439', 'R05069', 'R05068', 'R05071', 'R04440', 'R03051']
YLR356W	[]
YLR357W	[]
YLR358C	[]
YLR359W	['R04559', 'R01083']
YLR360W	[]
YLR361C	[]
YLR361C-A	[]
YLR362W	[]
YLR363C	[]
YLR363W-A	[]
YLR364W	[]
YLR365W	[]
YLR367W	[]
snR44	[]
YLR368W	[]
YLR369W	[]
YLR370C	[]
YLR371W	[]
YLR372W	['R07762', 'R07758', 'R10825', 'R09419']
YLR373C	[]
YLR375W	[]
YLR376C	[]
YLR377C	['R00762', 'R04780']
tK_UUU_L	[]
YLR378C	[]
YLR380W	[]
YLR381W	[]
YLR382C	[]
YLR383W	[]
YLR384C	[]
YLR385C	[]
YLR386W	[]
YLR387C	[]
YLR388W	[]
snR34	[]
YLR389C	[]
YLR390W	[]
YLR390W-A	[]
YLR392C	[]
YLR393W	[]
YLR394W	[]
YLR395C	[]
YLR396C	[]
YLR397C	[]
YLR398C	[]
YLR399C	[]
YLR401C	[]
YLR403W	[]
YLR404W	[]
YLR405W	[]
YLR406C	[]
YLR406C-A	[]
YLR407W	[]
YLR408C	[]
YLR409C	[]
YLR410W	[]
YLR410W-B	[]
YLR410W-A	[]
YLR411W	[]
YLR412W	[]
YLR412C-A	[]
YLR413W	[]
YLR414C	[]
YLR415C	[]
YLR417W	[]
YLR418C	[]
YLR419W	[]
tL_UAA_L	[]
YLR420W	['R01993']
YLR421C	[]
YLR422W	[]
YLR423C	[]
YLR424W	[]
tN_GUU_L	[]
YLR425W	[]
YLR426W	[]
YLR427W	[]
YLR429W	[]
YLR430W	[]
YLR431C	[]
YLR432W	['R08240', 'R01130']
YLR433C	[]
YLR435W	[]
YLR436C	[]
YLR437C	[]
YLR438W	['R00667']
YLR438C-A	[]
YLR439W	[]
YLR440C	[]
YLR441C	[]
YLR442C	[]
YLR443W	[]
YLR445W	[]
YLR446W	['R01961', 'R01786', 'R00299', 'R01600', 'R03920', 'R01326', 'R00760', 'R00867']
YLR447C	[]
YLR448W	[]
YLR449W	[]
YLR450W	['R02082']
YLR451W	[]
YLR452C	[]
YLR453C	[]
YLR454W	[]
tI_AAU_L2	[]
YLR455W	[]
YLR456W	[]
YLR457C	[]
YLR459W	[]
YLR460C	[]
YLR461W	[]
YLR462W	[]
YLR464W	[]
YLR466W	[]
YLR467W	[]
YML133C	[]
YML132W	[]
YML131W	[]
YML130C	[]
YML129C	[]
YML128C	[]
YML127W	[]
YML126C	['R01978']
YML125C	['R00100']
YML124C	[]
YML123C	[]
YML122C	[]
YML121W	[]
YML120C	[]
YML119W	[]
YML118W	[]
YML117W	[]
YML116W	[]
YML115C	[]
YML114C	[]
YML113W	[]
YML112W	[]
YML111W	[]
YML110C	['R09737']
YML109W	[]
YML108W	[]
YML107C	[]
YML106W	['R01870']
YML105C	[]
YML104C	[]
YML103C	[]
snR85	[]
YML102W	[]
YML101C	[]
YML100W-A	[]
YML100W	[]
YML099C	[]
YML098W	[]
YML097C	[]
YML096W	[]
YML095C	[]
YML094W	[]
YML093W	[]
YML092C	[]
YML091C	[]
ZOD1	[]
YML088W	[]
YML087C	['R00100']
YML086C	['R02715']
YML085C	[]
YML083C	[]
YML082W	['R01288', 'R02508', 'R03217', 'R04946', 'R04945', 'R03260', 'R04944', 'R00999', 'R02026']
YML081C-A	[]
YML081W	[]
YML080W	[]
YML079W	[]
YML078W	[]
YML077W	[]
YML076C	[]
YML075C	['R02082']
YML074C	[]
YML073C	[]
YML072C	[]
YML071C	[]
tR_UCU_M2	[]
YML070W	['R01059', 'R01011']
YML069W	[]
YML068W	[]
YML067C	[]
YML066C	[]
YML065W	[]
YML064C	[]
YML063W	[]
YML062C	[]
YML061C	[]
YML060W	[]
YML059C	['R03417', 'R02747', 'R03416', 'R02746']
YML058W-A	[]
YML058W	[]
YML057W	[]
YML056C	['R08240', 'R01130']
snR54	[]
YML055W	[]
YML054C	['R00196']
YML054C-A	[]
tY_GUA_M1	[]
YML053C	[]
YML052W	[]
YML051W	[]
YML050W	[]
YML049C	[]
YML048W	[]
YML047C	[]
YML046W	[]
tG_GCC_M	[]
YML045W	[]
YML045W-A	[]
YML043C	[]
YML042W	[]
YML041C	[]
tP_UGG_M	[]
YML039W	[]
YML040W	[]
YML038C	[]
YML037C	[]
YML036W	[]
YML035C	['R00181']
YML034W	[]
YML032C	[]
YML031W	[]
YML030W	[]
YML029W	[]
YML028W	[]
YML027W	[]
YML026C	[]
YML025C	[]
YML024W	[]
YML023C	[]
YML022W	['R04378', 'R00190', 'R01229']
YML021C	[]
YML020W	[]
YML019W	['R05976']
YML018C	[]
YML017W	[]
YML016C	[]
YML015C	[]
YML014W	[]
YML013W	[]
YML012W	[]
YML011C	[]
YML010W	[]
YML009C	[]
YML008C	['R04427', 'R07481']
YML007C-A	[]
YML007W	[]
YML006C	[]
tS_AGA_M	[]
YML005W	[]
YML004C	['R02530']
YML003W	[]
YML002W	[]
YML001W	[]
YMR001C	[]
YMR001C-A	[]
YMR002W	[]
YMR003W	[]
YMR004W	[]
YMR005W	[]
YMR006C	[]
YMR007W	[]
YMR008C	[]
YMR009W	['R07364', 'R07363']
YMR010W	[]
YMR011W	[]
tE_UUC_M	[]
YMR012W	[]
YMR013C	['R01018']
snR78	[]
snR77	[]
snR76	[]
snR75	[]
snR74	[]
snR73	[]
snR72	[]
YMR014W	[]
YMR015C	['R07506']
YMR016C	[]
YMR017W	[]
YMR018W	[]
YMR019W	[]
YMR020W	['R09077', 'R09074', 'R09076', 'R03899']
YMR021C	[]
YMR022W	[]
YMR023C	[]
tA_AGC_M1	[]
YMR024W	[]
YMR025W	[]
YMR026C	[]
YMR027W	[]
YMR028W	[]
YMR029C	[]
YMR030W	[]
YMR031C	[]
YMR032W	[]
YMR030W-A	[]
YMR033W	[]
YMR034C	[]
YMR035W	[]
YMR036C	[]
YMR037C	[]
YMR038C	[]
YMR039C	[]
YMR040W	[]
YMR041C	['R01574']
tF_GAA_M	[]
YMR042W	[]
YMR043W	[]
YMR044W	[]
YMR045C	[]
YMR046C	[]
tH_GUG_M	[]
YMR047C	[]
YMR048W	[]
YMR049C	[]
tV_AAC_M1	[]
YMR050C	[]
YMR051C	[]
tW_CCA_M	[]
YMR052W	[]
YMR053C	[]
YMR054W	[]
YMR055C	[]
YMR056C	[]
YMR058W	[]
YMR059W	[]
YMR060C	[]
YMR061W	[]
YMR062C	['R00259', 'R02282']
YMR063W	[]
YMR064W	[]
YMR065W	[]
YMR066W	[]
YMR067C	[]
YMR068W	[]
YMR069W	[]
YMR070W	[]
YMR071C	[]
YMR072W	[]
YMR073C	[]
YMR074C	[]
YMR075W	[]
YMR076C	[]
tV_AAC_M2	[]
YMR077C	[]
YMR078C	[]
YMR079W	[]
YMR080C	[]
YMR081C	[]
YMR082C	[]
YMR083W	['R00754', 'R05234', 'R06917', 'R04880', 'R07105', 'R06927', 'R00623', 'R05233', 'R02124', 'R08310', 'R08281', 'R08306']
YMR084W	['R00768']
YMR085W	[]
YMR086W	[]
YMR087W	[]
YMR088C	[]
YMR089C	[]
YMR090W	[]
YMR091C	[]
YMR092C	[]
YMR093W	[]
YMR094W	[]
YMR095C	['R10089', 'R07456']
YMR096W	['R10089', 'R07456']
YMR097C	[]
YMR098C	[]
tD_GUC_M	[]
YMR099C	['R02739']
YMR100W	[]
YMR101C	['R05556']
YMR102C	[]
YMR103C	[]
YMR104C	[]
YMR105C	['R08639', 'R00959', 'R01057']
YMR105W-A	[]
YMR106C	[]
tK_CUU_M	[]
YMR107W	[]
YMR108W	['R03050', 'R00014', 'R00226', 'R00006', 'R04673', 'R08648', 'R04672']
YMR109W	[]
YMR110C	['R04065', 'R03283', 'R01986', 'R05238', 'R02678', 'R00710', 'R05237', 'R02957', 'R06366', 'R01752', 'R00264', 'R03869', 'R08146', 'R04903', 'R05050', 'R00904', 'R02549', 'R00631', 'R02940', 'R04506', 'R05286']
YMR111C	[]
YMR112C	[]
YMR113W	['R02237']
YMR114C	[]
YMR115W	[]
YMR116C	[]
snR24	[]
YMR117C	[]
YMR118C	['R02164']
tL_CAA_M	[]
YMR119W	[]
YMR120C	['R04560', 'R01127']
YMR121C	[]
YMR122C	[]
YMR122W-A	[]
YMR123W	[]
YMR124W	[]
YMR125W	[]
YMR126C	[]
YMR127C	[]
YMR128W	[]
YMR129W	[]
YMR130W	[]
YMR131C	[]
YMR132C	[]
YMR133W	[]
YMR134W	[]
YMR135C	[]
YMR136W	[]
YMR137C	[]
YMR138W	[]
YMR139W	[]
YMR140W	[]
YMR141C	[]
YMR142C	[]
YMR143W	[]
YMR144W	[]
YMR145C	[]
YMR146C	[]
YMR147W	[]
YMR148W	[]
YMR149W	['R05976']
YMR150C	[]
YMR152W	[]
YMR153W	[]
YMR154C	[]
YMR155W	[]
YMR156C	[]
YMR157C	[]
YMR158W	[]
tM_CAU_M	[]
YMR158C-A	[]
YMR159C	[]
YMR160W	[]
YMR161W	[]
YMR162C	[]
YMR163C	[]
tV_AAC_M3	[]
YMR164C	[]
YMR165C	['R02239']
YMR166C	[]
YMR167W	[]
YMR168C	[]
YMR169C	['R04065', 'R03283', 'R01986', 'R05238', 'R02678', 'R00710', 'R05237', 'R02957', 'R06366', 'R01752', 'R00264', 'R03869', 'R08146', 'R04903', 'R05050', 'R00904', 'R02549', 'R00631', 'R02940', 'R04506', 'R05286']
YMR170C	['R04065', 'R03283', 'R01986', 'R05238', 'R02678', 'R00710', 'R05237', 'R02957', 'R06366', 'R01752', 'R00264', 'R03869', 'R08146', 'R04903', 'R05050', 'R00904', 'R02549', 'R00631', 'R02940', 'R04506', 'R05286']
YMR171C	[]
YMR172W	[]
YMR173W	[]
YMR174C	[]
YMR175W	[]
YMR175W-A	[]
YMR176W	[]
YMR177W	[]
YMR178W	[]
YMR179W	[]
YMR180C	[]
YMR181C	[]
YMR182C	[]
YMR182W-A	[]
snR83	[]
YMR183C	[]
YMR184W	[]
YMR185W	[]
YMR186W	[]
YMR187C	[]
YMR188C	[]
YMR189W	['R01221', 'R03425']
YMR190C	[]
YMR191W	[]
YMR192W	[]
YMR193W	[]
YMR194W	[]
snR11	[]
YMR194C-B	[]
YMR195W	[]
YMR196W	[]
YMR197C	[]
YMR198W	[]
YMR199W	[]
YMR200W	[]
YMR201C	[]
RNA170	[]
YMR202W	[]
YMR203W	[]
YMR204C	[]
YMR205C	['R03237', 'R03238', 'R03239', 'R03236', 'R00756', 'R04779']
YMR206W	[]
YMR207C	['R04385', 'R04386', 'R00742']
YMR208W	['R02245']
YMR209C	[]
YMR210W	[]
YMR211W	[]
YMR212C	[]
YMR213W	[]
YMR214W	[]
YMR215W	[]
YMR216C	[]
YMR217W	['R01230', 'R01231', 'R08244']
YMR218C	[]
YMR219W	[]
YMR220W	['R03245']
YMR221C	[]
YMR222C	[]
YMR223W	[]
YMR224C	[]
YMR225C	[]
YMR226C	['R09289', 'R10852', 'R10851']
YMR227C	[]
YMR228W	[]
YMR229C	[]
YMR230W	[]
YMR230W-A	[]
YMR231W	[]
YMR232W	[]
YMR233W	[]
YMR234W	[]
YMR235C	[]
YMR236W	[]
YMR237W	[]
YMR238W	[]
tR_UCU_M1	[]
YMR239C	[]
YMR240C	[]
YMR241W	[]
YMR242C	[]
YMR242W-A	[]
YMR243C	[]
YMR244W	[]
YMR244C-A	[]
YMR246W	['R00390', 'R01280']
snR86	[]
YMR247C	[]
tA_AGC_M2	[]
YMR247W-A	[]
YMR250W	['R02466', 'R00261', 'R00489', 'R01682']
YMR251W	[]
YMR251W-A	[]
YMR252C	[]
YMR253C	[]
YMR254C	[]
YMR255W	[]
YMR256C	[]
YMR257C	[]
YMR258C	[]
YMR259C	[]
YMR260C	[]
YMR261C	[]
YMR262W	[]
YMR263W	[]
YMR264W	[]
YMR265C	[]
YMR266W	[]
YMR267W	[]
YMR268C	[]
YMR269W	[]
YMR270C	[]
YMR271C	['R01870']
tQ_CUG_M	[]
YMR272C	[]
YMR272W-B	[]
YMR273C	[]
YMR274C	[]
YMR275C	[]
YMR276W	[]
YMR277W	[]
YMR278W	['R08639', 'R00959', 'R01057']
YMR279C	[]
YMR280C	[]
YMR281W	['R05917']
YMR282C	[]
YMR283C	[]
tY_GUA_M2	[]
YMR284W	[]
YMR285C	[]
YMR286W	[]
YMR287C	[]
YMR288W	[]
YMR289W	['R05553']
YMR290C	[]
YMR291W	[]
YMR292W	[]
YMR293C	[]
YMR294W	[]
YMR295C	[]
YMR296C	['R01281']
YMR297W	[]
YMR298W	[]
YMR299C	[]
YMR300C	['R01072']
YMR301C	[]
YMR302C	[]
YMR303C	['R00754', 'R05234', 'R06917', 'R04880', 'R07105', 'R06927', 'R00623', 'R05233', 'R02124', 'R08310', 'R08281', 'R08306']
YMR304W	[]
YMR305C	[]
YMR306W	['R03118']
YMR307W	[]
YMR308C	[]
YMR309C	[]
YMR310C	[]
YMR311C	[]
YMR312W	[]
YMR313C	['R02250', 'R02687']
YMR314W	[]
YMR315W	[]
YMR315W-A	[]
YMR316W	[]
YMR316C-A	[]
YMR317W	[]
YMR318C	['R01481', 'R05231', 'R00746', 'R01041']
YMR319C	[]
YMR320W	[]
YMR321C	[]
YMR322C	['R09796']
YMR323W	['R00658']
YMR325W	[]
YNL339C	[]
YNL336W	[]
YNL335W	['R00778']
YNL334C	['R10089', 'R07456']
YNL333W	['R10089', 'R07456']
YNL332W	['R10686']
YNL331C	[]
YNL330C	[]
YNL329C	[]
YNL328C	[]
YNL327W	[]
YNL326C	[]
YNL325C	[]
YNL323W	[]
YNL322C	[]
YNL321W	[]
YNL320W	[]
YNL318C	[]
YNL317W	[]
YNL316C	['R00691', 'R01373']
YNL315C	[]
YNL314W	[]
YNL313C	[]
YNL312W	[]
YNL311C	[]
YNL310C	[]
YNL309W	[]
YNL308C	[]
YNL307C	[]
YNL306W	[]
YNL305C	[]
YNL304W	[]
YNL302C	[]
YNL301C	[]
YNL300W	[]
YNL299W	[]
YNL298W	[]
YNL297C	[]
YNL295W	[]
YNL294C	[]
YNL293W	[]
YNL292W	[]
YNL291C	[]
YNL290W	[]
YNL289W	[]
snR40	[]
YNL288W	[]
YNL287W	[]
YNL286W	[]
tG_UCC_N	[]
YNL284C-B	[]
YNL284C-A	[]
tN_GUU_N1	[]
YNL284C	[]
tT_AGU_N1	[]
YNL283C	[]
YNL282W	[]
YNL281W	[]
YNL280C	['R05639', 'R07483']
YNL279W	[]
YNL278W	[]
YNL277W-A	[]
YNL277W	['R01777', 'R01776']
YNL275W	[]
YNL274C	['R00717', 'R01388']
YNL273W	[]
YNL272C	[]
YNL271C	[]
YNL270C	[]
YNL269W	[]
YNL268W	[]
YNL267W	['R03361']
YNL265C	[]
YNL264C	[]
YNL263C	[]
YNL262W	[]
YNL261W	[]
YNL260C	[]
YNL259C	[]
YNL258C	[]
YNL257C	[]
YNL256W	['R03067', 'R03066', 'R03504', 'R03503']
YNL255C	[]
YNL254C	[]
YNL253W	[]
YNL252C	[]
YNL251C	[]
YNL250W	[]
YNL249C	[]
YNL248C	[]
YNL247W	[]
YNL246W	[]
YNL245C	[]
YNL244C	[]
YNL243W	[]
YNL242W	[]
YNL241C	['R02736', 'R10907', 'R00835']
YNL240C	[]
YNL239W	[]
YNL238W	[]
YNL237W	[]
YNL236W	[]
YNL234W	[]
YNL233W	[]
YNL232W	[]
YNL231C	[]
YNL230C	[]
YNL229C	['R07003', 'R07116', 'R07070', 'R07025', 'R09409', 'R07026', 'R07083', 'R07092', 'R07069', 'R07093', 'R07023', 'R07084', 'R03522', 'R11905', 'R07024', 'R07094', 'R07091', 'R08280', 'R07004', 'R07100', 'R07002', 'R07113']
YNL227C	[]
YNL225C	[]
YNL224C	[]
YNL223W	[]
YNL222W	[]
snR19	[]
YNL221C	[]
YNL220W	['R01135']
YNL219C	['R06259', 'R06261']
YNL218W	[]
YNL217W	[]
YNL216W	[]
YNL215W	[]
YNL214W	[]
YNL213C	[]
YNL212W	[]
YNL211C	[]
YNL210W	[]
YNL209W	[]
YNL208W	[]
YNL207W	[]
YNL206C	[]
YNL204C	[]
YNL202W	[]
YNL201C	[]
YNL200C	[]
YNL199C	[]
YNL197C	[]
YNL196C	[]
YNL195C	[]
YNL194C	[]
YNL193W	[]
YNL192W	['R02335', 'R06028']
YNL191W	[]
YNL190W	[]
YNL189W	[]
YNL188W	[]
YNL187W	[]
YNL186W	[]
YNL185C	[]
YNL184C	[]
YNL183C	[]
YNL182C	[]
YNL181W	[]
YNL180C	[]
YNL178W	[]
YNL177C	[]
YNL176C	[]
YNL175C	[]
YNL173C	[]
YNL172W	[]
YNL169C	['R02055']
YNL168C	['R01085']
YNL167C	[]
YNL166C	[]
YNL165W	[]
YNL164C	[]
YNL163C	[]
YNL162W-A	[]
YNL162W	[]
YNL161W	[]
YNL160W	[]
YNL159C	[]
YNL158W	[]
YNL157W	[]
YNL156C	[]
YNL155W	[]
YNL154C	[]
YNL153C	[]
YNL152W	[]
YNL151C	[]
YNL149C	[]
YNL148C	[]
YNL147W	[]
YNL146C-A	[]
YNL146W	[]
YNL145W	[]
YNL144C	[]
YNL143C	[]
YNL142W	[]
YNL141W	['R01560', 'R02556']
YNL140C	[]
YNL139C	[]
YNL138W-A	[]
YNL138W	[]
YNL137C	[]
YNL136W	[]
YNL135C	[]
YNL134C	[]
YNL133C	[]
tF_GAA_N	[]
YNL132W	[]
YNL131W	[]
YNL130C	['R04321', 'R04922', 'R07389', 'R01321']
YNL130C-A	[]
YNL129W	['R02324', 'R03347']
YNL128W	['R03363', 'R04513']
YNL127W	[]
YNL126W	[]
YNL125C	[]
YNL124W	[]
YNL123W	[]
YNL122C	[]
YNL121C	[]
YNL119W	[]
YNL118C	[]
YNL117W	['R00472']
YNL116W	[]
YNL115C	[]
YNL113W	[]
YNL112W	[]
YNL111C	[]
YNL110C	[]
YNL108C	[]
YNL107W	[]
YNL106C	['R04404', 'R09827']
YNL104C	['R01213']
YNL103W	[]
YNL102W	[]
YNL101W	[]
YNL100W	[]
YNL099C	[]
YNL098C	[]
YNL097C-B	[]
YNL097C	[]
tL_CAA_N	[]
YNL096C	[]
YNL095C	[]
YNL094W	[]
YNL093W	[]
YNL092W	['R02144']
YNL091W	[]
YNL090W	[]
YNL088W	[]
YNL087W	[]
YNL086W	[]
YNL085W	[]
YNL084C	[]
YNL083W	[]
YNL082W	[]
YNL081C	[]
YNL080C	[]
YNL079C	[]
YNL078W	[]
YNL077W	[]
YNL076W	[]
YNL075W	[]
YNL074C	[]
YNL073W	[]
YNL072W	[]
YNL071W	['R02569', 'R00209']
YNL070W	[]
YNL069C	[]
YNL068C	[]
YNL067W-B	[]
YNL067W	[]
YNL066W	[]
YNL065W	[]
YNL064C	[]
YNL063W	[]
YNL062C	[]
YNL061W	[]
YNL059C	[]
YNL058C	[]
YNL056W	[]
YNL055C	[]
tD_GUC_N	[]
YNL054W-B	[]
YNL054W-A	[]
YNL054W	[]
YNL053W	[]
YNL052W	[]
YNL051W	[]
YNL050C	[]
YNL049C	[]
YNL048W	['R06128', 'R06127']
YNL047C	[]
YNL046W	[]
YNL045W	['R03057']
YNL044W	[]
tP_UGG_N1	[]
YNL042W-B	[]
YNL042W	[]
YNL041C	[]
YNL040W	[]
YNL039W	[]
YNL038W	['R05916']
YNL037C	['R00709']
YNL036W	['R00132', 'R10092']
tT_AGU_N2	[]
tP_UGG_N2	[]
YNL035C	[]
tI_AAU_N1	[]
YNL034W	[]
YNL033W	[]
YNL032W	[]
YNL031C	[]
YNL030W	[]
YNL029C	[]
YNL027W	[]
YNL026W	[]
YNL025C	[]
NME1	[]
snR66	[]
YNL024C-A	[]
YNL024C	[]
YNL023C	[]
YNL022C	[]
YNL021W	[]
YNL020C	[]
YNL019C	[]
YNL018C	[]
tI_AAU_N2	[]
YNL016W	[]
YNL015W	[]
YNL014W	[]
YNL012W	[]
YNL011C	[]
YNL010W	[]
YNL009W	['R01899', 'R00268', 'R00267']
YNL008C	[]
YNL007C	[]
YNL006W	[]
YNL005C	[]
YNL004W	[]
YNL003C	[]
YNL002C	[]
YNL001W	[]
YNR001C	['R00351']
tP_AGG_N	[]
tN_GUU_N2	[]
YNR002C	[]
YNR003C	[]
YNR004W	[]
YNR006W	[]
YNR007C	[]
YNR008W	['R05333']
YNR009W	[]
YNR010W	[]
YNR011C	[]
YNR012W	['R08232', 'R01549', 'R02372', 'R02097', 'R00970', 'R02091', 'R00962', 'R02371', 'R02332', 'R01548', 'R00964', 'R02096', 'R00517', 'R02327', 'R00967', 'R01880', 'R00516', 'R00513', 'R00968']
YNR013C	[]
YNR014W	[]
YNR015W	[]
YNR016C	['R04385', 'R04386', 'R00742']
YNR017W	[]
YNR018W	[]
YNR019W	['R01461']
YNR020C	[]
YNR021W	[]
YNR022C	[]
YNR023W	[]
YNR024W	[]
YNR026C	[]
YNR027W	['R01909', 'R02493', 'R00174']
YNR028W	[]
YNR029C	[]
YNR030W	['R06260']
YNR031C	[]
YNR032W	[]
YNR032C-A	[]
YNR033W	['R01716']
YNR034W	['R02035']
YNR034W-A	[]
YNR035C	[]
YNR036C	[]
YNR037C	[]
YNR038W	[]
YNR039C	[]
YNR040W	[]
YNR041C	['R07273', 'R05000', 'R05616']
YNR043W	['R01121']
YNR044W	[]
YNR045W	[]
YNR046W	[]
YNR047W	[]
YNR048W	[]
YNR049C	[]
YNR050C	['R02315']
snR49	[]
YNR051C	[]
YNR052C	[]
YNR053C	[]
snR191	[]
YNR054C	[]
tL_UAA_N	[]
YNR055C	[]
YNR056C	[]
YNR057C	['R03182']
YNR058W	['R03231']
YNR059W	[]
YNR060W	[]
YNR061C	[]
YNR062C	[]
YNR063W	[]
YNR064C	[]
YNR065C	[]
YNR066C	[]
YNR067C	[]
YNR068C	[]
YNR069C	[]
YNR070W	[]
YNR071C	[]
YNR072W	[]
YNR073C	['R00868']
YNR074C	[]
YNR075W	[]
YNR075C-A	[]
YNR076W	[]
YNR077C	[]
YOL166W-A	[]
YOL165C	[]
YOL164W-A	[]
YOL164W	[]
YOL163W	[]
YOL162W	[]
YOL161C	[]
YOL160W	[]
YOL159C-A	[]
YOL159C	[]
YOL158C	[]
YOL157C	['R01791', 'R06199', 'R00801', 'R01718']
YOL156W	[]
YOL155W-A	[]
YOL155C	[]
YOL154W	[]
YOL152W	[]
YOL151W	['R02260']
YOL149W	[]
YOL148C	[]
YOL147C	[]
YOL146W	[]
YOL145C	[]
YOL144W	[]
YOL143C	['R04457']
YOL142W	[]
YOL141W	[]
YOL140W	['R02283']
YOL139C	[]
YOL138C	[]
YOL137W	[]
YOL136C	['R02732']
YOL135C	[]
YOL133W	[]
YOL132W	[]
YOL131W	[]
YOL130W	[]
YOL129W	[]
YOL128C	[]
YOL127W	[]
YOL126C	['R07136', 'R00342']
YOL125W	[]
YOL124C	[]
YOL123W	[]
YOL122C	[]
YOL121C	[]
YOL120C	[]
YOL119C	[]
YOL118C	[]
YOL117W	[]
YOL116W	[]
YOL115W	[]
YOL114C	[]
YOL113W	[]
YOL112W	[]
YOL111C	[]
YOL110W	[]
YOL109W	[]
tG_UCC_O	[]
YOL108C	[]
YOL107W	[]
tT_AGU_O1	[]
YOL105C	[]
YOL104C	[]
YOL103W-B	[]
YOL103W-A	[]
YOL103W	[]
YOL102C	[]
YOL101C	[]
YOL100W	[]
YOL098C	[]
snR58	[]
YOL097W-A	[]
YOL097C	[]
YOL096C	['R12657', 'R04711', 'R08771']
YOL095C	[]
YOL094C	[]
YOL093W	[]
YOL092W	[]
YOL091W	[]
YOL090W	[]
YOL089C	[]
YOL088C	[]
YOL087C	[]
YOL086W-A	[]
YOL086C	['R00754', 'R05234', 'R06917', 'R04880', 'R07105', 'R06927', 'R00623', 'R05233', 'R02124', 'R08310', 'R08281', 'R08306']
YOL085C	[]
YOL084W	[]
YOL083W	[]
YOL082W	[]
YOL081W	[]
YOL080C	[]
YOL078W	[]
YOL077W-A	[]
YOL077C	[]
YOL076W	[]
YOL075C	[]
YOL073C	[]
YOL072W	[]
YOL071W	[]
YOL070C	[]
YOL069W	[]
YOL068C	['R10634', 'R10633']
YOL067C	[]
YOL066C	['R09377']
YOL065C	[]
YOL064C	['R00188', 'R00508']
YOL063C	[]
YOL062C	[]
YOL061W	['R01049']
YOL060C	[]
YOL059W	['R00842']
YOL058W	['R01954']
YOL057W	[]
YOL056W	['R01518']
YOL055C	['R03471', 'R09993', 'R04509', 'R02133']
tG_GCC_O1	[]
tN_GUU_O1	[]
YOL054W	[]
YOL053W	[]
YOL052C-A	[]
YOL052C	['R00178']
snR81	[]
YOL051W	[]
YOL049W	['R10994', 'R00497']
YOL048C	[]
YOL047C	[]
YOL045W	[]
YOL044W	[]
YOL043C	[]
YOL042W	[]
YOL041C	[]
YOL040C	[]
YOL039W	[]
YOL038C-A	[]
YOL038W	[]
YOL036W	[]
snR50	[]
YOL034W	[]
YOL033W	['R05578']
YOL032W	[]
YOL031C	[]
YOL030W	[]
YOL029C	[]
YOL028C	[]
YOL027C	[]
YOL026C	[]
tS_GCU_O	[]
YOL025W	[]
YOL024W	[]
YOL023W	[]
YOL022C	[]
tG_GCC_O2	[]
YOL021C	[]
YOL020W	[]
tY_GUA_O	[]
YOL019W-A	[]
YOL019W	[]
YOL018C	[]
YOL017W	[]
YOL016C	[]
YOL015W	[]
YOL014W	[]
YOL013W-A	[]
tP_UGG_O1	[]
YOL013C	[]
YOL012C	[]
YOL011W	[]
YOL010W	[]
YOL009C	[]
YOL008W	[]
YOL007C	[]
YOL006C	[]
YOL005C	[]
YOL004W	[]
YOL003C	[]
YOL002C	[]
YOL001W	[]
YOR001W	[]
YOR002W	['R06262']
YOR003W	[]
YOR004W	[]
YOR005C	[]
YOR006C	[]
YOR007C	[]
tR_ACG_O	[]
YOR008C	[]
YOR008C-A	[]
YOR009W	[]
YOR010C	[]
YOR011W	[]
tT_AGU_O2	[]
YOR011W-A	[]
YOR012W	[]
YOR014W	[]
YOR015W	[]
YOR016C	[]
YOR017W	[]
YOR018W	[]
YOR019W	[]
YOR020C	[]
YOR020W-A	[]
YOR021C	[]
YOR022C	[]
YOR023C	[]
YOR025W	['R10634', 'R10633']
YOR026W	[]
YOR027W	[]
YOR028C	[]
YOR029W	[]
YOR030W	[]
YOR032C	[]
YOR032W-A	[]
YOR033C	[]
YOR034C	[]
YOR034C-A	[]
YOR035C	[]
YOR036W	[]
YOR037W	[]
YOR038C	[]
YOR039W	[]
YOR040W	['R01736']
snR9	[]
YOR042W	[]
snR62	[]
YOR043W	[]
YOR044W	[]
YOR045W	[]
YOR046C	[]
YOR047C	[]
YOR048C	[]
YOR049C	[]
YOR051C	[]
YOR052C	[]
YOR054C	[]
YOR056C	[]
YOR057W	[]
YOR058C	[]
tK_UUU_O	[]
YOR059C	[]
YOR060C	[]
YOR061W	[]
YOR062C	[]
YOR063W	[]
YOR064C	[]
YOR065W	[]
YOR066W	[]
YOR067C	['R06263']
YOR069W	[]
YOR068C	[]
YOR070C	[]
YOR071C	[]
YOR072W	[]
tP_UGG_O2	[]
YOR072W-B	[]
YOR073W	[]
YOR074C	['R02101']
YOR075W	[]
YOR076C	[]
YOR077W	[]
YOR078W	[]
YOR079C	[]
YOR080W	[]
YOR081C	['R01462', 'R07379', 'R07387', 'R01315', 'R02250', 'R01317', 'R07859', 'R07064', 'R02241', 'R02053', 'R02687']
YOR083W	[]
YOR084W	[]
YOR085W	['R05976']
YOR086C	[]
tN_GUU_O2	[]
YOR087W	[]
YOR089C	[]
YOR090C	[]
YOR091W	[]
YOR092W	[]
YOR093C	[]
YOR094W	[]
YOR095C	['R01056']
YOR096W	[]
YOR097C	[]
YOR098C	[]
YOR099W	[]
YOR100C	[]
YOR101W	[]
YOR103C	['R05976']
YOR104W	[]
YOR105W	[]
YOR106W	[]
YOR107W	[]
YOR108W	['R01213']
YOR109W	['R04404', 'R09827']
YOR110W	[]
YOR111W	[]
YOR112W	[]
YOR113W	[]
YOR114W	[]
YOR115C	[]
YOR116C	[]
YOR117W	[]
YOR118W	[]
YOR119C	[]
YOR120W	['R01039']
YOR122C	[]
YOR123C	[]
YOR124C	[]
YOR125C	['R12067']
YOR126C	[]
YOR127W	[]
YOR128C	['R04209']
YOR129C	[]
YOR130C	[]
tD_GUC_O	[]
YOR131C	[]
YOR132W	[]
YOR133W	[]
YOR134W	[]
YOR136W	['R00709']
YOR137C	[]
YOR138C	[]
YOR140W	[]
YOR141C	[]
YOR142W	['R00727', 'R00432']
tG_CCC_O	[]
YOR142W-B	[]
YOR142W-A	[]
YOR143C	['R00619']
YOR144C	[]
YOR145C	[]
YOR147W	[]
YOR148C	[]
YOR149C	[]
YOR150W	[]
YOR151C	[]
YOR152C	[]
YOR153W	[]
YOR154W	[]
YOR155C	['R02323', 'R01126', 'R03346']
YOR156C	[]
YOR157C	[]
YOR158W	[]
YOR159C	[]
YOR160W	[]
YOR161C	[]
YOR161C-C	[]
YOR162C	[]
YOR163W	[]
YOR164C	[]
YOR165W	[]
YOR166C	[]
YOR167C	[]
YOR168W	[]
YOR171C	['R02976', 'R01926']
YOR172W	[]
YOR173W	[]
YOR174W	[]
YOR175C	['R03437', 'R04480', 'R09035', 'R09034', 'R01318', 'R09036', 'R02241', 'R09381']
YOR176W	['R00310', 'R11329']
tV_AAC_O	[]
YOR177C	[]
YOR178C	[]
YOR179C	[]
YOR180C	[]
YOR181W	[]
YOR182C	[]
YOR183W	[]
YOR184W	['R05085', 'R04173']
snR36	[]
YOR185C	[]
YOR186W	[]
YOR187W	[]
YOR188W	[]
YOR189W	[]
YOR190W	['R03115', 'R00308']
YOR191W	[]
YOR192C	[]
YOR192C-C	[]
YOR192C-B	[]
YOR192C-A	[]
tM_CAU_O1	[]
YOR193W	[]
YOR194C	[]
YOR195W	[]
YOR196C	['R12424', 'R07767', 'R12423']
YOR197W	[]
YOR198C	[]
YOR201C	[]
YOR202W	['R03457']
YOR204W	[]
YOR205C	[]
YOR206W	[]
YOR207C	[]
YOR208W	[]
YOR209C	['R01724']
YOR210W	[]
YOR211C	[]
YOR212W	[]
YOR213C	[]
YOR214C	[]
YOR215C	[]
YOR216C	[]
YOR217W	[]
YOR219C	[]
YOR220W	[]
YOR221C	['R11671', 'R01626']
YOR222W	[]
snR35	[]
YOR223W	[]
YOR224C	[]
YOR226C	[]
YOR227W	[]
YOR228C	[]
YOR229W	[]
YOR230W	[]
YOR231W	[]
YOR232W	[]
YOR233W	[]
YOR234C	[]
YOR235W	[]
snR17a	[]
YOR236W	['R00939', 'R11765', 'R00937', 'R02236', 'R02235', 'R00936', 'R00940']
YOR237W	[]
YOR238W	[]
YOR239W	[]
YOR241W	['R00942', 'R02237', 'R04241']
YOR242C	[]
YOR243C	[]
YOR244W	[]
YOR245C	['R03755', 'R03756']
YOR246C	[]
YOR247W	[]
YOR249C	[]
YOR250C	[]
YOR251C	['R03105', 'R01931']
YOR252W	[]
YOR253W	[]
YOR254C	[]
YOR255W	[]
YOR256C	[]
YOR257W	[]
YOR258W	[]
YOR259C	[]
YOR260W	[]
YOR261C	[]
YOR262W	[]
YOR264W	[]
YOR265W	[]
YOR266W	[]
YOR267C	[]
YOR268C	[]
YOR269W	['R04452']
YOR270C	[]
YOR271C	[]
snR8	[]
YOR272W	[]
YOR273C	[]
YOR274W	[]
YOR275C	[]
YOR276W	[]
snR31	[]
snR5	[]
YOR278W	['R03165']
YOR279C	[]
YOR280C	[]
YOR281C	[]
YOR283W	[]
YOR284W	[]
YOR285W	[]
YOR286W	[]
YOR287C	[]
YOR288C	[]
YOR289W	[]
tA_UGC_O	[]
YOR290C	[]
YOR291W	[]
YOR292C	[]
YOR293W	[]
YOR293C-A	[]
YOR294W	[]
YOR295W	[]
YOR296W	[]
YOR297C	[]
YOR298W	[]
YOR298C-A	[]
YOR299W	[]
YOR301W	[]
YOR302W	[]
YOR303W	['R00575', 'R10949', 'R00256', 'R10948', 'R01395']
YOR304W	[]
YOR304C-A	[]
YOR305W	[]
YOR306C	[]
YOR307C	[]
YOR308C	[]
YOR310C	[]
YOR311C	['R09944']
YOR312C	[]
YOR313C	[]
YOR314W	[]
YOR315W	[]
YOR316C	[]
YOR316C-A	[]
YOR317W	['R00390', 'R01280']
YOR319W	[]
YOR320C	[]
YOR321W	['R07620', 'R04072', 'R11399']
YOR322C	[]
YOR323C	['R03313']
YOR324C	[]
YOR326W	[]
YOR327C	[]
YOR328W	[]
YOR329C	[]
YOR330C	[]
YOR332W	[]
YOR334W	[]
YOR335C	[]
YOR336W	[]
YOR337W	[]
YOR338W	[]
YOR339C	[]
YOR340C	[]
YOR341W	[]
YOR342C	[]
YOR343C	[]
YOR343W-B	[]
YOR343W-A	[]
tM_CAU_O2	[]
YOR344C	[]
tP_UGG_O3	[]
YOR346W	[]
YOR347C	['R01138', 'R01858', 'R00430', 'R00200', 'R02320']
YOR348C	[]
YOR349W	[]
YOR350C	[]
YOR351C	[]
YOR352W	[]
YOR353C	[]
YOR354C	[]
YOR355W	[]
YOR356W	[]
YOR357C	[]
YOR358W	[]
YOR359W	[]
YOR360C	['R00191', 'R01234']
YOR361C	[]
YOR362C	[]
YOR363C	[]
YOR365C	[]
YOR367W	[]
YOR368W	[]
YOR369C	[]
YOR370C	[]
YOR371C	[]
YOR372C	[]
YOR373W	[]
YOR374W	['R04065', 'R03283', 'R01986', 'R05238', 'R02678', 'R00710', 'R05237', 'R02957', 'R06366', 'R01752', 'R00264', 'R03869', 'R08146', 'R04903', 'R05050', 'R00904', 'R02549', 'R00631', 'R02940', 'R04506', 'R05286']
YOR375C	['R00248']
YOR376W	[]
YOR376W-A	[]
YOR377W	[]
YOR378W	[]
YOR380W	[]
YOR381W	[]
YOR381W-A	[]
YOR382W	[]
YOR383C	[]
YOR384W	[]
YOR385W	[]
YOR386W	[]
YOR387C	[]
YOR388C	['R00519']
YOR389W	[]
YOR390W	[]
YOR391C	['R09796']
YOR393W	['R00658']
YOR394W	[]
YOR394C-A	[]
YOR396W	[]
YPL283C	[]
YPL282C	[]
YPL281C	['R00658']
YPL280W	['R09796']
YPL279C	[]
YPL278C	[]
YPL277C	[]
YPL274W	[]
YPL273W	['R00650']
YPL272C	[]
YPL271W	[]
YPL270W	[]
YPL269W	[]
YPL268W	['R10952', 'R03332', 'R03435']
YPL267W	[]
YPL266W	[]
YPL265W	[]
YPL264C	[]
YPL263C	[]
YPL262W	['R01082']
YPL261C	[]
YPL260W	[]
YPL259C	[]
YPL258C	['R03471', 'R09993', 'R04509', 'R02133']
tW_CCA_P	[]
YPL257W-B	[]
YPL257W-A	[]
YPL257W	[]
YPL256C	[]
YPL255W	[]
YPL254W	[]
YPL253C	[]
YPL252C	[]
YPL250C	[]
YPL249C-A	[]
YPL249C	[]
YPL248C	[]
YPL247C	[]
YPL246C	[]
YPL245W	[]
YPL244C	[]
YPL243W	[]
YPL242C	[]
YPL241C	[]
YPL240C	[]
YPL239W	[]
YPL237W	[]
YPL236C	[]
YPL235W	[]
YPL234C	[]
YPL233W	[]
YPL232W	[]
YPL231W	['R04533', 'R04566', 'R04543', 'R04968', 'R04952', 'R04355', 'R04726', 'R04953', 'R04964', 'R04534', 'R05190', 'R04963', 'R04536', 'R04957', 'R04960']
YPL230W	[]
YPL229W	[]
YPL228W	[]
YPL227C	['R01005']
YPL226W	[]
YPL225W	[]
YPL224C	[]
YPL223C	[]
YPL222W	[]
YPL221W	[]
YPL220W	[]
YPL219W	[]
YPL218W	[]
YPL217C	[]
YPL216W	[]
YPL215W	[]
YPL214C	['R04448', 'R10712', 'R03223']
YPL213W	[]
YPL212C	[]
YPL211W	[]
YPL210C	[]
YPL209C	[]
YPL208W	[]
YPL207W	[]
YPL206C	[]
YPL204W	[]
YPL203W	[]
YPL202C	[]
YPL201C	[]
YPL200W	[]
YPL199C	[]
YPL198W	[]
snR59	[]
YPL196W	[]
YPL195W	[]
YPL194W	[]
YPL193W	[]
YPL192C	[]
YPL191C	[]
YPL190C	[]
YPL189C-A	[]
YPL189W	[]
YPL188W	[]
YPL187W	[]
YPL186C	[]
YPL184C	[]
YPL183W-A	[]
YPL183C	[]
YPL181W	[]
YPL180W	[]
YPL179W	[]
tE_UUC_P	[]
YPL178W	[]
YPL177C	[]
YPL176C	[]
YPL175W	['R05916']
YPL174C	[]
YPL173W	[]
YPL172C	['R07411']
YPL171C	[]
YPL170W	[]
YPL169C	[]
YPL168W	[]
YPL167C	[]
YPL166W	[]
YPL165C	[]
YPL164C	[]
YPL163C	[]
YPL162C	[]
YPL161C	[]
YPL160W	[]
YPL159C	[]
YPL158C	[]
YPL157W	[]
YPL156C	[]
YPL155C	[]
YPL154C	[]
YPL153C	[]
YPL152W-A	[]
YPL152W	[]
YPL151C	[]
YPL150W	[]
YPL149W	[]
YPL148C	['R01625']
YPL147W	[]
YPL146C	[]
YPL145C	[]
YPL144W	[]
snR17b	[]
YPL143W	[]
YPL141C	[]
YPL140C	[]
YPL139C	[]
YPL138C	[]
YPL137C	[]
YPL135W	[]
YPL134C	[]
YPL133C	[]
YPL132W	[]
YPL131W	[]
YPL130W	[]
YPL129W	[]
YPL128C	[]
YPL127C	[]
YPL126W	[]
YPL125W	[]
YPL124W	[]
YPL123C	[]
YPL122C	[]
YPL121C	[]
YPL120W	[]
YPL119C-A	[]
YPL119C	[]
YPL118W	[]
YPL117C	['R01123']
YPL116W	[]
YPL115C	[]
YPL113C	[]
YPL112C	[]
tM_CAU_P	[]
YPL111W	['R00551']
YPL110C	['R01470', 'R01030']
YPL109C	[]
YPL108W	[]
YPL107W	[]
YPL106C	[]
YPL105C	[]
YPL104W	[]
YPL103C	[]
YPL101W	[]
YPL100W	[]
YPL099C	[]
YPL098C	[]
YPL097W	[]
YPL096C-A	['R05916']
YPL096W	[]
YPL095C	[]
YPL094C	[]
YPL093W	[]
YPL092W	[]
YPL091W	['R00094', 'R00115']
YPL090C	[]
YPL089C	[]
YPL088W	[]
YPL087W	[]
YPL086C	[]
YPL085W	[]
YPL084W	[]
YPL083C	[]
YPL082C	[]
YPL081W	[]
YPL080C	[]
YPL079W	[]
YPL078C	[]
YPL077C	[]
YPL076W	['R05916']
YPL075W	[]
YPL074W	[]
YPL072W	[]
YPL071C	[]
YPL070W	[]
YPL069C	['R02061', 'R02003', 'R01658']
YPL068C	[]
YPL067C	[]
YPL066W	[]
YPL065W	[]
YPL064C	[]
YPL063W	[]
YPL062W	[]
YPL061W	['R04065', 'R03283', 'R01986', 'R05238', 'R02678', 'R00710', 'R05237', 'R02957', 'R06366', 'R01752', 'R00264', 'R03869', 'R08146', 'R04903', 'R05050', 'R00904', 'R02549', 'R00631', 'R02940', 'R04506', 'R05286']
YPL060W	[]
tC_GCA_P1	[]
YPL060C-A	[]
YPL059W	[]
YPL058C	[]
YPL057C	[]
YPL056C	[]
YPL055C	[]
YPL054W	[]
YPL053C	[]
YPL052W	[]
YPL051W	[]
YPL050C	[]
YPL049C	[]
YPL048W	[]
YPL047W	[]
YPL046C	[]
YPL045W	[]
YPL043W	[]
YPL042C	[]
YPL041C	[]
YPL040C	[]
YPL039W	[]
YPL038W-A	[]
YPL038W	[]
YPL037C	[]
YPL036W	[]
YPL034W	[]
YPL033C	[]
YPL032C	[]
YPL031C	[]
YPL030W	[]
YPL029W	[]
YPL028W	['R00238', 'R01177']
YPL027W	[]
YPL026C	[]
YPL024W	[]
YPL023C	['R01224']
YPL022W	[]
YPL021W	[]
YPL020C	[]
YPL019C	[]
YPL018W	[]
YPL017C	[]
YPL016W	[]
YPL015C	['R10634', 'R10633']
YPL014W	[]
YPL013C	[]
YPL012W	[]
YPL011C	[]
YPL010W	[]
YPL009C	[]
YPL008W	[]
YPL007C	[]
YPL006W	[]
YPL005W	[]
YPL004C	[]
YPL003W	[]
YPL002C	[]
YPL001W	[]
YPR001W	['R00351']
YPR002W	['R04424']
tF_GAA_P1	[]
YPR003C	[]
YPR004C	[]
YPR005C	[]
YPR006C	['R00479']
YPR007C	[]
tG_GCC_P1	[]
YPR008W	[]
YPR009W	[]
YPR010C	[]
tK_CUU_P	[]
YPR010C-A	[]
YPR011C	[]
YPR013C	[]
YPR014C	[]
YPR015C	[]
YPR016C	[]
YPR017C	[]
YPR018W	[]
YPR019W	[]
YPR020W	[]
YPR021C	[]
YPR022C	[]
YPR023C	[]
YPR024W	[]
YPR025C	[]
YPR026W	['R00010']
YPR027C	[]
tF_GAA_P2	[]
YPR028W	[]
YPR029C	[]
YPR030W	[]
YPR031W	[]
YPR032W	[]
YPR033C	[]
YPR034W	[]
YPR035W	['R00253']
YPR036W	[]
YPR036W-A	[]
YPR037C	[]
YPR040W	[]
YPR041W	[]
YPR042C	[]
YPR043W	[]
YPR045C	[]
YPR046W	[]
YPR047W	[]
YPR048W	[]
YPR049C	[]
YPR051W	[]
YPR052C	[]
YPR053C	[]
YPR054W	[]
YPR055W	[]
YPR056W	[]
YPR057W	[]
YPR058W	[]
YPR060C	['R01715']
YPR061C	[]
YPR062W	['R02922', 'R00974', 'R01411']
YPR063C	[]
YPR064W	[]
YPR065W	[]
YPR066W	[]
YPR067W	[]
YPR068C	[]
YPR069C	['R01920', 'R08359']
YPR070W	[]
YPR071W	[]
tS_UGA_P	[]
YPR072W	[]
YPR073C	['R00548', 'R02135']
YPR074C	['R06590', 'R01641', 'R01830', 'R01067']
YPR075C	[]
YPR078C	[]
YPR079W	[]
YPR080W	[]
YPR081C	[]
YPR082C	[]
YPR083W	[]
YPR084W	[]
YPR085C	[]
YPR086W	[]
YPR088C	[]
YPR089W	[]
YPR091C	[]
snR51	[]
snR70	[]
snR41	[]
YPR093C	[]
YPR094W	[]
YPR095C	[]
YPR096C	[]
YPR097W	[]
YPR098C	[]
YPR100W	[]
YPR101W	[]
YPR102C	[]
YPR103W	[]
YPR104C	[]
YPR105C	[]
YPR106W	[]
YPR107C	[]
YPR108W	[]
YPR108W-A	[]
tT_UGU_P	[]
YPR109W	[]
YPR110C	[]
YPR111W	[]
YPR112C	[]
YPR113W	['R01802']
YPR114W	[]
YPR115W	[]
YPR116W	[]
YPR117W	[]
YPR118W	['R04420']
tK_UUU_P	[]
YPR119W	[]
YPR120C	[]
tC_GCA_P2	[]
YPR121W	[]
YPR122W	[]
YPR124W	[]
YPR125W	[]
YPR127W	['R01708']
YPR128C	[]
YPR129W	[]
YPR131C	[]
YPR132W	[]
YPR133C	[]
YPR133W-A	[]
YPR134W	[]
YPR135W	[]
YPR137W	[]
YPR137C-B	[]
YPR137C-A	[]
tN_GUU_P	[]
YPR138C	[]
YPR139C	['R02241']
YPR140W	[]
YPR141C	[]
YPR143W	[]
tI_AAU_P1	[]
YPR144C	[]
snR45	[]
YPR145W	['R00578']
YPR145C-A	[]
YPR147C	[]
YPR148C	[]
YPR149W	[]
YPR151C	[]
YPR152C	[]
YPR153W	[]
YPR154W	[]
YPR155C	[]
YPR156C	[]
YPR157W	[]
YPR158W	[]
YPR158W-B	[]
YPR158W-A	[]
YPR158C-D	[]
YPR158C-C	[]
tA_AGC_P	[]
YPR159W	[]
YPR159C-A	[]
tG_GCC_P2	[]
YPR160W	['R02111']
YPR161C	[]
YPR162C	[]
YPR163C	[]
YPR164W	[]
YPR165W	[]
YPR166C	[]
YPR167C	['R02021']
YPR168W	[]
YPR169W	[]
tI_AAU_P2	[]
YPR170W-B	[]
YPR171W	[]
YPR172W	[]
YPR173C	[]
YPR174C	[]
YPR175W	[]
YPR176C	[]
YPR178W	[]
YPR179C	[]
YPR180W	[]
YPR181C	[]
YPR182W	[]
YPR183W	['R01009']
YPR184W	['R02109', 'R02111']
YPR185W	[]
YPR186C	[]
YPR187W	[]
YPR188C	[]
YPR189W	[]
YPR190C	[]
YPR191W	[]
YPR192W	[]
YPR193C	['R03903']
YPR194C	[]
YPR195C	[]
YPR196W	[]
YPR198W	[]
YPR199C	[]
YPR200C	[]
YPR201W	[]
YPR202W	[]
YPR203W	[]
YPR204W	[]
tP_UGG_Q	[]
Q0020	[]
tW_UCA_Q	[]
Q0045	[]
Q0070	[]
Q0065	[]
Q0060	[]
Q0055	[]
Q0050	[]
Q0075	[]
Q0080	[]
Q0085	[]
tE_UUC_Q	[]
Q0105	[]
Q0120	[]
Q0115	[]
Q0110	[]
Q0130	[]
tS_UGA_Q2	[]
Q0140	[]
Q0158	[]
Q0160	[]
tT_UGU_Q1	[]
tC_GCA_Q	[]
tH_GUG_Q	[]
tL_UAA_Q	[]
tQ_UUG_Q	[]
tK_UUU_Q	[]
tR_UCU_Q1	[]
tG_UCC_Q	[]
tD_GUC_Q	[]
tS_GCU_Q1	[]
tR_ACG_Q2	[]
tA_UGC_Q	[]
tI_GAU_Q	[]
tY_GUA_Q	[]
tN_GUU_Q	[]
tM_CAU_Q1	[]
Q0250	[]
Q0255	[]
tF_GAA_Q	[]
tT_UAG_Q2	[]
tV_UAC_Q	[]
Q0275	[]
tM_CAU_Q2	[]
Q0285	[]
