Rxn	GPR
r_0001	YEL071W or YDL174C or YEL039C or YJR048W
r_0002	YDL178W or YEL039C or YJR048W
r_0003	YAL060W
r_0004	YEL039C or YML054C or YJR048W
r_0005	YGR032W or YCR034W or YLR342W or YMR306W
r_0006	YGR143W or YPR159W
r_0007	YIL020C
r_0012	YHR037W
r_0013	YEL038W or YMR009W
r_0014	YOL066C
r_0015	YBR153W
r_0016	YCL009C and YMR108W
r_0017	YNL256W
r_0018	YGL202W or YER152C or YJL060W
r_0019	YHR063C
r_0020	YDR035W or YBR249C
r_0021	(YDR204W and YOR125C and YGR255C and YLR201C and YOL096C and YML110C) or YGL119W
r_0022	(YDR204W and YOR125C and YGR255C and YLR201C and YOL096C and YML110C) or YGL119W
r_0023	YGL009C
r_0024	YOR108W or YNL104C
r_0025	YNL104C
r_0026	YGL202W or YJR148W or YHR208W or YHR137W
r_0027	YDR234W
r_0028	YPR001W
r_0029	YJR148W
r_0030	YHR208W
r_0032	YOL064C
r_0033	YOR360C or YGL248W
r_0034	YOR360C
r_0035	YOR360C
r_0036	YOR360C
r_0037	YOR360C
r_0038	YDR487C
r_0039	YDR127W
r_0040	YDR127W
r_0041	YBR265W
r_0042	YBR249C or YDR035W
r_0043	YDR376W or YPL252C
r_0044	YDR539W or YDR538W
r_0045	YLR231C
r_0057	YKR009C
r_0058	YJR025C
r_0059	YER175C
r_0060	YGL009C
r_0061	YCL018W
r_0062	YGR087C or YLR134W or YLR044C
r_0063	YBR176W
r_0064	(YDL080C and (YGR087C or YLR134W)) or YLR044C
r_0065	YDR127W
r_0066	YNR033W
r_0067	YMR289W
r_0068	YGR019W
r_0069	YCR053W
r_0070	
r_0072	YDL080C
r_0073	YLR410W or YOR163W
r_0074	YDR017C
r_0075	YLR017W
r_0076	YGL224C or YER037W
r_0077	YOR155C
r_0078	YGL224C or YER037W
r_0079	YGR061C
r_0080	YGL125W or YPL023C
r_0081	YDR232W
r_0082	YOR163W
r_0083	YDR017C
r_0084	YER183C
r_0085	YER091C
r_0086	YJR024C
r_0087	YPR118W
r_0088	YLR410W
r_0089	YLR410W
r_0090	YIL107C or YOL136C
r_0091	YGR248W or YHR163W
r_0092	YLR410W or YOR163W
r_0093	YDR017C
r_0094	YAR069W-A or YHR214W-F
r_0095	YGR087C or YLR134W or YLR044C
r_0096	YLR355C
r_0097	YCL009C and YMR108W
r_0099	YKL192C
r_0100	YIL160C
r_0101	YIL160C
r_0102	YIL160C
r_0103	YPL028W
r_0104	YPL028W
r_0105	YIL160C
r_0106	YIL160C
r_0107	YIL160C
r_0108	YMR207C
r_0109	YNR016C or YDL141W
r_0111	YBL015W
r_0112	YLR153C or YAL054C
r_0113	YAL054C
r_0114	YLR153C
r_0115	YER069W
r_0116	YHR215W or YBR092C or YBR093C or YAR071W
r_0117	YPR002W
r_0118	YOL140W
r_0119	YPL148C
r_0120	YGL205W
r_0121	YGL205W
r_0122	YGL205W
r_0123	YGL205W
r_0124	YGL205W
r_0125	YGL205W
r_0126	YCR048W
r_0127	YCR048W or YNR019W
r_0128	YCR048W
r_0129	YCR048W
r_0130	YCR048W
r_0131	YCR048W
r_0132	YCR048W or YNR019W
r_0133	YCR048W
r_0134	YCR048W
r_0135	YCR048W
r_0137	YJL091C
r_0138	YNL141W
r_0139	YDR441C or YML022W
r_0140	YNL141W
r_0142	YJR105W
r_0143	YML035C
r_0144	YER043C
r_0145	YOL052C
r_0146	YNR058W
r_0147	YJL005W
r_0148	YDR226W or YDL166C
r_0149	YER170W
r_0150	YER170W
r_0151	YLR359W
r_0152	YLR359W
r_0153	YNL220W
r_0154	YKL001C
r_0155	YGR247W
r_0156	YFL030W
r_0157	YOR335C
r_0158	YGR177C or YOR377W
r_0159	YGR177C or YOR377W
r_0160	YGR177C or YOR377W
r_0161	YGR177C or YOR377W
r_0162	YGR177C or YOR377W
r_0163	YMR303C
r_0164	YHR104W or YDR368W
r_0165	YGL256W or YMR083W
r_0166	YDL168W or YOL086C or YBR145W
r_0167	YGL256W or YMR083W
r_0168	YMR318C or YDR368W or YCR105W
r_0169	YDL168W or YOL086C or YBR145W
r_0170	YGL256W or YMR083W
r_0171	YMR318C or YCR105W
r_0172	YMR110C or YMR169C or YMR170C
r_0173	YPL061W
r_0174	YOR374W
r_0175	YER073W or YOR374W
r_0176	YOR374W
r_0177	YPL061W
r_0178	YER073W or YOR374W
r_0179	YDL168W or YOL086C or YBR145W
r_0180	YGL256W or YMR083W
r_0181	YMR318C or YCR105W
r_0182	YDL168W or YOL086C or YBR145W
r_0183	YGL256W or YMR083W
r_0184	YMR318C or YCR105W
r_0185	YMR169C or YMR170C
r_0186	YDL168W or YOL086C or YBR145W
r_0187	YGL256W or YMR083W
r_0188	YDR481C
r_0189	YIR029W
r_0190	YIR027C
r_0191	YBR208C
r_0192	YDR483W or YJL139C or YKR061W or YBR199W or YOR099W or YPL053C or YNL029C or YBR205W
r_0193	YPR026W or YBR001C
r_0194	YDR001C
r_0195	YDR074W and YBR126C and (YML100W or YMR261C)
r_0198	YGR287C or YGR292W or YJL221C or YBR299W or YIL172C or YJL216C
r_0199	YMR293C or YDR242W
r_0200	
r_0201	YOR374W
r_0202	YDR354W
r_0203	YER090W and YKL211C
r_0204	YDR305C
r_0205	YHR104W
r_0206	YPL111W
r_0207	YHR018C
r_0208	YOL058W
r_0209	YDR341C
r_0210	YHR091C
r_0211	YPR145W or YGR124W
r_0212	YHR019C
r_0213	YCR024C
r_0214	YJL130C
r_0215	YER052C
r_0216	YLR027C
r_0217	YKL106W
r_0218	YLR027C
r_0219	YDR158W
r_0220	YLL018C
r_0221	YPL104W
r_0222	YDR530C
r_0223	YCL050C
r_0224	YCL050C
r_0225	YER055C
r_0226	((Q0085 and YBL099W and YBR039W and YDR377W and Q0080 and YKL016C and YDL004W and YLR295C and YJR121W and YML081C-A and YPL271W and YPL078C and YPR020W and YDR298C and YDR322C-A and Q0130 and YOL077W-A) or (Q0085 and YLR295C and YKL016C and YCL005W-A) or (YJR121W and YBL099W and YNL315C) or (YBL099W and YJL180C)) or YLR393W
r_0227	(YGL008C and YCR024C-A) or (YEL017C-A and YER005W) or (YGL008C and YPL036W)
r_0228	YBR110W
r_0229	YGR286C
r_0230	YDL141W
r_0231	YNL280C
r_0233	YMR015C
r_0234	YGL001C
r_0235	YGL001C
r_0236	YLR100W
r_0237	YLR100W
r_0238	YGR060W
r_0239	YGR060W
r_0240	YGR060W
r_0241	YGR060W
r_0242	YLR056W
r_0243	YMR202W
r_0244	YGL012W
r_0249	YKL019W and YDL090C
r_0250	(YOR303W and YJR109C) or YJL130C
r_0252	YER024W or YAR035W
r_0253	YML042W
r_0254	YML042W
r_0255	YGR088W
r_0256	YDR256C
r_0259	YDR297W
r_0260	YMR272C
r_0261	YDR297W
r_0262	YMR272C
r_0263	YHL003C and YMR298W and YKL008C
r_0264	YHL003C and YMR298W and YKL008C
r_0265	YHL003C and YMR298W and YKL008C
r_0266	YHL003C and YMR298W and YKL008C
r_0267	YMR272C
r_0268	YMR272C
r_0269	YMR272C
r_0270	YMR272C
r_0271	YLR307W or YLR308W
r_0272	YNL192W or YBR038W or YBR023C
r_0273	YLR133W
r_0274	YGR202C
r_0278	YPR060C
r_0279	YGL148W
r_0280	YLR304C
r_0281	YBR002C or YMR101C
r_0282	YBR002C or YMR101C
r_0283	YBR002C or YMR101C
r_0284	YBR002C or YMR101C
r_0285	YBR002C or YMR101C
r_0286	YBR002C or YMR101C
r_0287	YBR002C or YMR101C
r_0288	YBR002C or YMR101C
r_0289	YBR002C or YMR101C
r_0290	YBR002C or YMR101C
r_0291	YBR002C or YMR101C
r_0292	YBR002C or YMR101C
r_0293	YBR002C or YMR101C
r_0294	YBR002C or YMR101C
r_0295	YBR002C or YMR101C
r_0296	YBR002C or YMR101C
r_0297	YBR002C or YMR101C
r_0298	YBR002C or YMR101C
r_0299	YBR002C or YMR101C
r_0300	YNR001C or YPR001W
r_0301	YCR005C
r_0302	YLR304C
r_0303	YLR304C
r_0304	YDR044W
r_0306	YJR103W or YBL039C
r_0307	YJR103W or YBL039C
r_0308	YFR055W or YGL184C
r_0309	YGR155W
r_0310	YAL012W
r_0311	YJR130C
r_0312	YLR303W
r_0313	YNL247W
r_0314	YLR245C
r_0315	YNR012W
r_0317	YHR007C or YHR042W
r_0318	YPR062W
r_0319	YML086C
r_0320	YMR041C
r_0321	YBR149W
r_0322	YKL060C
r_0323	YDL246C or YJR159W
r_0326	YHR144C
r_0327	YHR144C
r_0328	YNL141W
r_0329	YLR245C
r_0330	YDR454C
r_0331	YHR068W
r_0332	YCR036W
r_0334	YDR196C
r_0335	YNR057C
r_0340	YPL087W
r_0341	YPL087W
r_0342	YPL087W
r_0343	YPL087W
r_0344	YOR236W
r_0345	YOR236W
r_0346	YMR113W
r_0347	YNL256W
r_0348	YDL100C
r_0349	YLR420W
r_0350	YNL256W
r_0351	YNL256W
r_0352	YJR016C
r_0353	YJR016C
r_0354	YML070W or YFL053W
r_0355	YJL167W
r_0356	YKL152C
r_0357	YOR163W
r_0358	YDR017C
r_0359	YLR172C
r_0360	YMR013C
r_0361	YPR183W
r_0362	((YAL023C and YDL093W) or (YDL095W and YOR321W) or (YOR321W and YDL093W)) or YJR143C
r_0363	YJR057W
r_0364	YBR252W or YJR069C
r_0365	YJR153W
r_0366	YGR254W or YHR174W or YOR393W or YPL281C or YMR323W
r_0368	YDR147W or YLR133W
r_0369	YOR126C
r_0370	YOR190W or YLR300W or YNR067C or YDR261C or YGR282C
r_0373	YPL069C
r_0399	YER015W
r_0400	YER015W
r_0402	YER015W
r_0410	YER015W
r_0412	YER015W
r_0436	YOR176W
r_0437	(YKR066C and YJR048W) or YEL039C
r_0438	((Q0250 and YMR256C and YHR051W and YIL111W and YDL067C and YLR395C and YGL187C and Q0045 and YLR038C and YGL191W and Q0275) or (Q0250 and YDR231C) or (Q0250 and YNL052W and YMR256C and YHR051W and YDL067C and YLR395C and YGL187C and Q0045 and YLR038C and YGL191W) or (YGL187C and YJR048W) or (YNL052W and YMR256C and YHR051W and YDL067C and YLR395C and YGL187C and YLR038C and YGL191W and Q0275)) or YHR116W or YGR062C or YJL003W or YEL039C or YLL018C-A or YPL132W
r_0439	(YPR191W and YFR033C and YGR183C and YDR529C and ((YEL024W and Q0105 and YBL045C and YOR065W and YJL166W and YHR001W-A) or YJR048W)) or YEL039C
r_0440	YDL045C
r_0441	YLR011W
r_0442	YLR011W
r_0443	YDL168W
r_0445	YOR388C
r_0446	YGR204W
r_0447	YBR084W
r_0448	YJL155C or YLR345W
r_0449	YLR377C
r_0450	YKL060C
r_0451	YPL262W
r_0452	YPL262W
r_0453	YKL216W
r_0454	YEL047C
r_0455	YEL047C
r_0457	YLR299W
r_0458	YBR020W
r_0459	YBR018C
r_0460	YJL101C
r_0461	
r_0462	YJL167W
r_0463	YPR184W
r_0464	YIL099W
r_0465	
r_0466	YNL241C
r_0467	YBR196C
r_0468	YDR300C
r_0469	YMR250W
r_0470	YDL215C
r_0471	YAL062W or YOR375C
r_0472	YDL171C
r_0473	YOR323C
r_0475	YFL060C or YNL334C
r_0476	YPR035W
r_0477	YMR084W or YKL104C
r_0478	YOR168W
r_0479	YGL245W
r_0480	YOL033W
r_0481	(YDR098C and YER174C) or YDR513W or YPL091W or YCL035C
r_0482	YPL091W or YPL059W
r_0483	YBR244W or YNL229C or YIR037W or YKL026C or YDR513W or YCL035C
r_0484	YPL059W
r_0485	YOL049W
r_0486	(YJR009C and YGR192C) or YJL052W
r_0487	YOR120W
r_0488	YHL032C
r_0489	YER062C and YIL053W
r_0490	YIL155C
r_0491	YDL022W and YOL059W
r_0492	YOL059W
r_0497	YPL110C
r_0499	YDR408C
r_0500	
r_0501	YAL044C and YMR189W and YDR019C and YFL018C
r_0502	YLR058C
r_0503	YBR263W
r_0504	YAL044C and YMR189W and YDR019C and YFL018C
r_0505	YFL018C and ((YAL044C and YMR189W and YDR019C) or (YDR148C and YIL125W))
r_0506	YAL044C and YMR189W and YDR019C and YFL018C
r_0507	YAL044C and YMR189W and YDR019C and YFL018C
r_0508	YAL044C and YMR189W and YDR019C and YFL018C
r_0509	YAL044C and YMR189W and YDR019C and YFL018C
r_0510	(YJL137C and (YFR015C or YLR258W)) or YKR058W
r_0511	YPR160W
r_0512	YBR121C or YPR081C
r_0514	YMR217W
r_0518	YMR281W
r_0519	YCL052C and YJR013W
r_0520	YKL165C
r_0521	YBR004C
r_0522	YGL142C
r_0523	YDR302W or YLL031C
r_0524	YGR267C
r_0525	YBL033C
r_0526	YDL238C
r_0527	YDR399W
r_0528	YDR454C
r_0529	YDR454C
r_0530	YDR376W or YPL252C or YER141W
r_0531	YPL172C
r_0532	(YDR204W and YOR125C and YGR255C and YLR201C and YOL096C and YML110C) or YGL119W
r_0533	YLR446W or YGL253W or YFR053C
r_0534	YLR446W or YGL253W or YCL040W or YFR053C
r_0535	YLR446W or YGL253W or YFR053C
r_0536	YCL030C
r_0537	YFR025C
r_0538	YIL116W
r_0539	YPR033C
r_0540	YPR033C
r_0541	YBR034C
r_0542	YJL200C or YDR234W
r_0543	YDL182W or YDL131W
r_0544	YLL062C or YPL273W
r_0545	YIL094C
r_0546	YJR139C
r_0547	YJR139C
r_0548	YHR025W
r_0549	YNL277W
r_0550	(YGR209C and YLR043C) or YDR453C
r_0551	YBL064C or YCR083W
r_0552	(YLR043C and YGR209C) or YLR109W
r_0553	YDR272W
r_0554	YOR040W
r_0555	YNR041C
r_0556	YPL214C
r_0557	YDL205C
r_0558	YML075C or YLR450W
r_0559	YML126C
r_0560	YML126C
r_0561	(YPR121W and YPL258C) or YOL055C
r_0562	YDR399W
r_0563	YBR248C
r_0564	YOR202W
r_0565	YML056C and YHR216W and YLR432W
r_0566	YKL211C
r_0567	YGR087C or YLR134W or YLR044C
r_0568	YBR011C
r_0569	YMR267W
r_0570	YMR120C or YLR028C
r_0571	YDR315C
r_0572	YDR173C
r_0573	YDR173C
r_0574	YDR173C
r_0575	YDR173C
r_0596	YER019W
r_0597	YER019W
r_0598	YER019W
r_0599	YER019W
r_0600	YER019W
r_0601	YER019W
r_0602	YER019W
r_0603	YER019W
r_0604	YER019W
r_0605	YER019W
r_0606	YER019W
r_0607	YER019W
r_0608	YER019W
r_0609	YER019W
r_0610	YER019W
r_0611	YER019W
r_0612	YER019W
r_0613	YER019W
r_0614	YER019W
r_0615	YER019W
r_0616	YER019W
r_0617	YER019W
r_0618	YER019W
r_0619	YER019W
r_0620	YER019W
r_0621	YER019W
r_0622	YER019W
r_0623	YER019W
r_0624	YER019W
r_0625	YER019W
r_0626	YER019W
r_0627	YER019W
r_0628	YER019W
r_0629	YER019W
r_0630	YER019W
r_0631	YER019W
r_0632	YER019W
r_0633	YER019W
r_0634	YER019W
r_0635	YER019W
r_0636	YER019W
r_0637	YER019W
r_0638	YER019W
r_0639	YER019W
r_0640	YER019W
r_0641	YER019W
r_0642	YER019W
r_0643	YER019W
r_0644	YER019W
r_0645	YER019W
r_0646	YER019W
r_0647	YER019W
r_0648	YER019W
r_0649	YER019W
r_0650	YER019W
r_0651	YER019W
r_0652	YER019W
r_0653	YER019W
r_0654	YER019W
r_0655	YER019W
r_0656	YOR126C
r_0657	YOR126C
r_0658	YNL037C and YOR136W
r_0659	YLR174W
r_0661	YNL009W
r_0662	YER065C
r_0663	YJR148W
r_0664	YHR208W
r_0665	YBL076C
r_0666	YPL040C
r_0667	YPL117C
r_0668	YGR244C and YOR142W
r_0669	YLR355C
r_0670	YLR231C
r_0671	YBL098W
r_0672	YHR037W
r_0673	YHR037W
r_0674	YLR089C
r_0675	YEL046C
r_0676	YMR226C
r_0678	YGL154C and YBR115C
r_0679	YDR321W
r_0680	YLR158C or YLR160C or YLR155C or YLR157C
r_0681	YLR027C
r_0682	YKL106W
r_0683	YLR027C
r_0687	YER023W
r_0688	YHR104W or YOL151W
r_0689	YCL064C
r_0690	YMR226C
r_0691	YJR159W
r_0692	YCL064C
r_0693	YER086W
r_0694	YJR078W
r_0695	YDR403W
r_0696	YOL151W
r_0697	YML004C
r_0698	YHR072W
r_0699	YJR148W
r_0700	YHR208W
r_0701	YPL160W
r_0702	YLR382C
r_0703	YNL045W
r_0704	YNL045W
r_0705	YNL045W
r_0706	YNL045W
r_0707	YNL045W
r_0708	YNL045W
r_0711	YDR037W
r_0712	YNL073W
r_0713	YKL085W
r_0714	YOL126C
r_0715	YDL078C
r_0716	YIR031C or YNL117W
r_0717	YNL117W
r_0718	YKL029C
r_0719	YKL029C
r_0721	YKL192C or YOR221C
r_0722	YDL055C
r_0723	YER003C
r_0724	YBR084W
r_0725	YGR204W
r_0726	YLR180W and YDR502C
r_0727	YER091C
r_0728	YBL013W
r_0729	YGR264C
r_0730	YGR171C
r_0731	YKR080W
r_0732	YGR204W
r_0733	YBR084W
r_0734	YPR006C
r_0735	YMR208W
r_0736	YMR208W
r_0737	YMR208W
r_0738	YMR208W
r_0739	YNR043W
r_0747	YBR036C and (YBR161W or YPL057C)
r_0748	YBR036C and (YBR161W or YPL057C)
r_0749	YBR036C and (YBR161W or YPL057C)
r_0750	YBR036C and (YBR161W or YPL057C)
r_0751	YBR036C and (YBR161W or YPL057C)
r_0752	YBR036C and (YBR161W or YPL057C)
r_0753	YBR036C and (YBR161W or YPL057C)
r_0754	YBR036C and (YBR161W or YPL057C)
r_0755	YBR036C and (YBR161W or YPL057C)
r_0756	YBR036C and (YBR161W or YPL057C)
r_0757	YDR287W or YHR046C
r_0758	YJL153C
r_0759	YER069W
r_0760	YFL017C
r_0761	YMR062C or YJL071W
r_0762	YDR428C
r_0763	YDR402C or YDR403W
r_0764	YGL067W
r_0765	YEL041W and YJR049C
r_0766	(YEL041W and YJR049C) or YPL188W
r_0767	YDL042C or YOR025W or YPL015C or YOL068C or YDR191W
r_0768	YHR074W
r_0769	YHR074W
r_0770	YMR145C or YDL085W
r_0771	YEL041W and YJR049C
r_0772	(YEL041W and YJR049C) or YPL188W
r_0773	YML120C
r_0774	YOR209C
r_0775	YOR209C
r_0781	YGL037C
r_0782	YLR285W
r_0783	YCL047C or YLR328W
r_0784	YGR010W or YLR328W
r_0785	YGR010W or YLR328W
r_0786	YFR047C
r_0787	YFR047C
r_0788	YER005W
r_0789	YER005W
r_0790	YER005W
r_0791	YEL042W
r_0792	YER005W
r_0793	YER005W
r_0795	YKL067W
r_0796	YKL067W
r_0797	YKL067W
r_0798	YKL067W
r_0799	YKL067W
r_0800	YKL067W
r_0801	YKL067W
r_0802	YKL067W
r_0803	YKL067W
r_0804	YLL001W or YER005W or YAL035W
r_0805	YER005W
r_0806	YER005W
r_0807	YER005W
r_0810	YEL042W
r_0811	YKL067W
r_0812	YLR303W
r_0813	YLR303W
r_0815	YLL058W or YAL012W or YML082W
r_0816	YJL088W
r_0817	YKL184W
r_0818	YMR062C
r_0819	YLR438W
r_0820	YML106W or YMR271C
r_0821	YEL021W
r_0831	YDR148C and YIL125W and YFL018C
r_0832	YDR148C and YIL125W and YFL018C
r_0841	YGR277C
r_0842	YDR531W
r_0843	YIL145C
r_0844	YJR019C
r_0845	YJR019C
r_0847	YJR019C
r_0848	YJR019C
r_0849	YJR019C
r_0850	YJR019C
r_0851	YGL202W
r_0852	YFL022C and YLR060W
r_0853	YPR047W
r_0854	YDR380W
r_0855	YGL234W
r_0882	YEL058W
r_0883	(YLR043C and YGR209C) or YPR167C
r_0884	YKR097W
r_0885	YGR007W
r_0886	YMR205C and YGR240C
r_0887	YMR205C and YGR240C
r_0888	YMR105C and YKL127W
r_0889	YGR256W and YHR183W
r_0890	YEL058W
r_0891	YIL074C and YER081W
r_0892	YCR012W
r_0893	YOR283W or YKL152C
r_0902	YFL045C
r_0903	(YPR121W and YPL258C) or YOL055C
r_0904	YMR220W
r_0905	YIL083C
r_0906	YKR072C and YOR054C and YKL088W
r_0907	(YKL127W and YMR105C) or YMR278W
r_0908	YAR015W
r_0909	YCL030C
r_0910	YCL030C
r_0911	YOR128C
r_0912	YMR120C or YLR028C
r_0913	YDR007W
r_0914	YGL234W
r_0915	YMR300C
r_0916	(YER099C and YOL061W and YHL011C) or YKL181W or YBL068W
r_0917	YGR208W
r_0918	YOR184W
r_0919	YBR183W
r_0920	YDR402C
r_0921	YDR294C
r_0922	YDR297W
r_0929	YMR020W
r_0935	YGL040C
r_0936	YMR020W
r_0937	YMR020W
r_0938	YNL316C
r_0939	YBR166C
r_0940	YLR142W
r_0941	YHR020W
r_0942	YER014W
r_0943	YDR400W or YLR209C or YLR017W
r_0949	YLR209C
r_0950	YLR209C
r_0951	YLR209C
r_0953	YBR035C
r_0954	YBR035C
r_0955	YBR035C
r_0956	YBR035C
r_0957	YER023W
r_0958	YBR218C and YGL062W
r_0959	YGR087C or YLR134W or YLR044C
r_0960	YGR087C or YLR134W or YLR044C
r_0961	YBR221C and YER178W and YGR193C and YNL071W and YFL018C
r_0962	YAL038W or YOR347C
r_0963	(YDR204W and YOR125C and YGR255C and YLR201C and YOL096C and YML110C) or YGL119W
r_0965	YDR236C
r_0966	YDR236C
r_0967	YOL143C
r_0968	YBR256C
r_0969	YCR036W
r_0970	YGR209C
r_0971	YGR209C
r_0972	YGR209C
r_0973	YGR209C
r_0974	YER070W and YGR180C and YIL066C and YJL026W
r_0975	YER070W and YGR180C and YIL066C and YJL026W
r_0976	YER070W and YGR180C and YIL066C and YJL026W
r_0977	YER070W and YGR180C and YIL066C and YJL026W
r_0978	YER070W and YGR180C and YIL066C and YJL026W
r_0979	YER070W and YGR180C and YIL066C and YJL026W
r_0982	YOR095C
r_0983	YNL129W
r_0984	YJL121C
r_0985	(YDR204W and YOR125C and YGR255C and YLR201C and YOL096C and YML110C) or YGL119W
r_0986	YML008C
r_0987	YJL068C
r_0988	YIR034C
r_0989	YNR050C
r_0990	YKL060C
r_0992	(YHR013C and YDL040C) or YGR147C
r_0993	YDR062W and YMR296C and YBR058C-A
r_0995	YDR023W or YHR011W
r_0996	YDR127W
r_0997	YDR127W
r_0998	YBR213W
r_0999	YBR213W
r_1000	YEL047C
r_1001	YPR069C
r_1002	YLR146C
r_1003	YDR294C
r_1004	YJL134W or YKR053C
r_1005	YJL134W or YKR053C
r_1006	YOR171C or YLR260W
r_1007	YOR171C or YLR260W
r_1008	
r_1009	
r_1010	YGR175C
r_1011	YGR175C
r_1012	YHR190W
r_1021	YJL045W and YKL141W and YKL148C and YLL041C and (YDR178W or YLR164W)
r_1022	YGR244C and YOR142W
r_1023	YBR006W
r_1024	YIL162W
r_1025	YJR010W
r_1026	YCL050C
r_1027	YFR030W and YJR137C
r_1029	YLL057C
r_1030	YAL044C and YMR189W and YDR019C and YFL018C
r_1031	YKL132C or YOR241W
r_1032	YBR092C
r_1033	YBR092C
r_1034	YOR143C
r_1035	YOR143C
r_1036	YPL214C
r_1037	(YGR209C and YLR043C) or YIL010W
r_1038	(YGR209C and YLR043C) or YDR353W
r_1039	YHR106W or YPL091W or YCR083W
r_1040	YEL046C
r_1041	YCR053W
r_1042	YIL078W
r_1043	YKL194C
r_1045	YOR074C
r_1046	YER175C
r_1047	YBR003W
r_1048	YGR043C or YLR354C
r_1049	YPR074C or YBR117C
r_1050	YPR074C or YBR117C
r_1051	YDR074W and YBR126C and (YML100W or YMR261C)
r_1054	YDR050C
r_1055	YGL026C
r_1056	YGL202W
r_1057	YOL097C
r_1058	YDR268W
r_1063	YGL202W
r_1065	YLR027C
r_1066	YGR185C
r_1067	YPL097W
r_1068	YLR189C
r_1069	YDL103C
r_1070	YBR019C
r_1071	YBR018C
r_1072	YKL024C
r_1073	YKL024C
r_1074	YHR128W
r_1075	YBR208C
r_1076	YIR032C
r_1077	YNR012W or YDR020C
r_1078	YNR012W or YDR020C
r_1079	YKL024C
r_1080	YKL024C
r_1081	YDR047W
r_1082	YKR069W
r_1083	YOR278W
r_1084	YHL012W or YKL035W
r_1087	YJR148W
r_1088	YHR208W
r_1089	YGR094W
r_1090	YGR094W
r_1091	YJR133W
r_1092	YLR070C
r_1093	YHR104W
r_1094	YGR194C
r_1095	YPL212C or YNL292W or YFL001W or YGL063W
r_1619	YER037W
r_1838	YDL182W or YDL131W
r_2029	YEL029C
r_2112	YJL060W
r_2113	
r_2114	
r_2115	YOL086C or YBR145W
r_2116	YMR110C or YER073W or YMR170C or YOR374W
r_2117	YHR137W
r_2118	YHR137W
r_2119	YHR137W
r_2126	YKR043C
r_2131	YDL066W
r_2140	YKL182W and YPL231W
r_2141	YKL182W and YPL231W
r_2142	YER061C or YKL192C
r_2143	YER061C or YKL192C
r_2144	YER061C or YKL192C
r_2145	YKL055C
r_2146	YKL055C
r_2147	YKL055C
r_2148	YHR067W
r_2149	YHR067W
r_2150	YHR067W
r_2151	YBR026C
r_2152	YBR026C
r_2153	YBR026C
r_2154	YJL196C
r_2155	YJL196C
r_2156	YCR034W
r_2157	YLR372W or YCR034W
r_2158	YLR372W or YCR034W
r_2159	YLR372W or YCR034W
r_2160	YLR372W
r_2161	YBR159W
r_2162	YBR159W
r_2163	YBR159W
r_2164	YBR159W
r_2165	YBR159W
r_2166	YBR159W
r_2167	YBR159W
r_2168	YJL097W
r_2169	YJL097W
r_2170	YJL097W
r_2171	YJL097W
r_2172	YJL097W
r_2173	YJL097W
r_2174	YJL097W
r_2175	YDL015C
r_2176	YDL015C
r_2177	YDL015C
r_2178	YDL015C
r_2179	YDL015C
r_2180	YDL015C
r_2181	YDL015C
r_2182	YGL055W
r_2183	YGL055W
r_2194	YOR317W
r_2195	YOR317W and YMR246W
r_2196	YOR317W and YMR246W
r_2197	YOR317W and YMR246W
r_2198	YOR317W and YMR246W
r_2199	YOR317W and YMR246W
r_2200	YOR317W
r_2201	YOR317W and YMR246W
r_2202	YOR317W and YMR246W
r_2203	YOR317W and YMR246W
r_2204	YOR317W and YMR246W
r_2205	YOR317W and YMR246W
r_2206	YER015W
r_2207	YER015W
r_2208	YER015W
r_2209	YIL009W
r_2210	YIL009W
r_2211	YIL009W
r_2212	YIL009W
r_2213	YBR041W
r_2214	YBR041W
r_2215	YBR041W
r_2216	YBR041W
r_2217	YBR041W
r_2218	YBR041W
r_2232	YJR019C
r_2233	YJR019C
r_2234	YJR019C
r_2235	YJR019C
r_2236	YGL205W
r_2237	YGL205W
r_2238	YGL205W
r_2239	YGL205W
r_2240	YGL205W
r_2241	YGL205W
r_2242	YGL205W
r_2243	YGL205W
r_2244	YGL205W
r_2245	YGL205W
r_2246	YGL205W
r_2247	YGL205W
r_2248	YKR009C
r_2249	YKR009C
r_2250	YKR009C
r_2251	YKR009C
r_2252	YKR009C
r_2253	YKR009C
r_2254	YKR009C
r_2255	YKR009C
r_2256	YKR009C
r_2257	YKR009C
r_2258	YKR009C
r_2259	YKR009C
r_2260	YKR009C
r_2261	YKR009C
r_2262	YKR009C
r_2263	YKR009C
r_2264	YKR009C
r_2265	YKR009C
r_2266	YKR009C
r_2267	YKR009C
r_2268	YKR009C
r_2269	YKR009C
r_2270	YKR009C
r_2271	YKR009C
r_2272	YKR009C
r_2273	YKR009C
r_2274	YKR009C
r_2275	YKR009C
r_2276	YKR009C
r_2277	YKR009C
r_2278	YKR009C
r_2279	YKR009C
r_2280	YKR009C
r_2281	YKR009C
r_2282	YKR009C
r_2283	YIL160C
r_2284	YIL160C
r_2285	YIL160C
r_2286	YIL160C
r_2287	YIL160C
r_2288	YIL160C
r_2289	YIL160C
r_2290	YIL160C
r_2291	YIL160C
r_2292	YIL160C
r_2293	YIL160C
r_2294	YIL160C
r_2295	YLR284C
r_2296	YLR284C
r_2297	YLR284C
r_2298	YLR284C
r_2299	YLR284C
r_2300	YLR284C
r_2301	YOR180C
r_2302	YOR180C
r_2303	YNL202W
r_2304	YNL202W
r_2305	YLR304C
r_2308	YBL011W or YKR067W
r_2309	YBL011W or YKR067W
r_2310	YKR067W
r_2311	YKR067W
r_2312	YBL011W or YKR067W
r_2313	YBL011W or YKR067W
r_2314	YKR067W
r_2315	YKR067W
r_2316	YKR067W
r_2317	YKR067W
r_2318	YKR067W
r_2319	YKR067W
r_2320	YKR067W
r_2321	YKR067W
r_2322	YKR067W
r_2323	YKR067W
r_2324	YIL124W
r_2325	YIL124W
r_2326	YIL124W
r_2327	YIL124W
r_2328	YIL124W
r_2329	YIL124W
r_2330	YIL124W
r_2331	YIL124W
r_2332	YOR175C
r_2333	YOR175C or YDL052C
r_2334	YOR175C
r_2335	YOR175C or YDL052C
r_2336	YOR175C
r_2337	YOR175C or YDL052C
r_2338	YOR175C
r_2339	YOR175C or YDL052C
r_2340	YKR089C or YOR081C or YDL052C
r_2341	YKR089C or YOR081C or YDL052C
r_2342	YKR089C or YOR081C or YDL052C
r_2343	YKR089C or YOR081C or YDL052C
r_2344	YMR165C
r_2345	YMR165C
r_2346	YMR165C
r_2347	YMR165C
r_2348	YMR165C
r_2349	YMR165C
r_2350	YMR165C
r_2351	YMR165C
r_2352	YDR284C
r_2353	YDR284C
r_2354	YDR284C
r_2355	YDR284C
r_2356	YDR284C
r_2357	YDR284C
r_2358	YDR284C
r_2359	YDR284C
r_2360	YDR503C
r_2361	YDR503C
r_2362	YDR503C
r_2363	YDR503C
r_2364	YDR503C
r_2365	YDR503C
r_2366	YDR503C
r_2367	YDR503C
r_2368	YCR048W or YOR245C or YNR019W
r_2369	YCR048W or YOR245C or YNR019W
r_2370	YCR048W or YOR245C or YNR019W
r_2371	YCR048W or YOR245C or YNR019W
r_2372	YCR048W or YOR245C or YNR019W
r_2373	YCR048W or YOR245C or YNR019W
r_2374	YCR048W or YOR245C or YNR019W
r_2375	YCR048W or YOR245C or YNR019W
r_2376	YCR048W or YOR245C or YNR019W
r_2377	YCR048W or YOR245C or YNR019W
r_2378	YCR048W or YOR245C or YNR019W
r_2379	YCR048W or YOR245C or YNR019W
r_2380	YCR048W or YOR245C or YNR019W
r_2381	YCR048W or YOR245C or YNR019W
r_2382	YCR048W or YOR245C or YNR019W
r_2383	YCR048W or YOR245C or YNR019W
r_2384	YCR048W or YOR245C or YNR019W
r_2385	YCR048W or YOR245C or YNR019W
r_2386	YCR048W or YOR245C or YNR019W
r_2387	YCR048W or YOR245C or YNR019W
r_2388	YCR048W or YOR245C or YNR019W
r_2389	YCR048W or YOR245C or YNR019W
r_2390	YCR048W or YOR245C or YNR019W
r_2391	YCR048W or YOR245C or YNR019W
r_2392	YCR048W or YOR245C or YNR019W
r_2393	YCR048W or YOR245C or YNR019W
r_2394	YCR048W or YOR245C or YNR019W
r_2395	YCR048W or YOR245C or YNR019W
r_2396	YCR048W or YOR245C or YNR019W
r_2397	YCR048W or YOR245C or YNR019W
r_2398	YCR048W or YOR245C or YNR019W
r_2399	YCR048W or YOR245C or YNR019W
r_2400	YOR245C
r_2401	YOR245C
r_2402	YOR245C
r_2403	YOR245C
r_2404	YOR245C
r_2405	YOR245C
r_2406	YOR245C
r_2407	YOR245C
r_2408	YOR245C
r_2409	YOR245C
r_2410	YOR245C
r_2411	YOR245C
r_2412	YOR245C
r_2413	YOR245C
r_2414	YOR245C
r_2415	YOR245C
r_2416	YOR245C
r_2417	YOR245C
r_2418	YOR245C
r_2419	YOR245C
r_2420	YOR245C
r_2421	YOR245C
r_2422	YOR245C
r_2423	YOR245C
r_2424	YOR245C
r_2425	YOR245C
r_2426	YOR245C
r_2427	YOR245C
r_2428	YOR245C
r_2429	YOR245C
r_2430	YOR245C
r_2431	YOR245C
r_2432	YBR029C
r_2433	YBR029C
r_2434	YBR029C
r_2435	YBR029C
r_2436	YBR029C
r_2437	YBR029C
r_2438	YBR029C
r_2439	YBR029C
r_2440	YBR029C
r_2441	YBR029C
r_2442	YBR029C
r_2443	YBR029C
r_2444	YBR029C
r_2445	YBR029C
r_2446	YER026C
r_2447	YER026C
r_2448	YER026C
r_2449	YER026C
r_2450	YER026C
r_2451	YER026C
r_2452	YER026C
r_2453	YER026C
r_2454	YPR113W
r_2455	YPR113W
r_2456	YPR113W
r_2457	YPR113W
r_2458	YPR113W
r_2459	YPR113W
r_2460	YPR113W
r_2461	YPR113W
r_2462	YBR042C
r_2463	YBR042C
r_2464	YNL169C
r_2465	YNL169C
r_2466	YNL169C
r_2467	YNL169C
r_2468	YNL169C
r_2469	YNL169C
r_2470	YNL169C
r_2471	YNL169C
r_2472	YGR170W
r_2473	YGR170W
r_2474	YGR170W
r_2475	YGR170W
r_2476	YGR170W
r_2477	YGR170W
r_2478	YGR170W
r_2479	YGR170W
r_2480	YGR170W
r_2481	YGR170W
r_2482	YGR170W
r_2483	YGR170W
r_2484	YGR170W
r_2485	YGR170W
r_2486	YGR170W
r_2487	YGR170W
r_2488	YGR157W or YJR073C
r_2489	YGR157W or YJR073C
r_2490	YGR157W or YJR073C
r_2491	YGR157W or YJR073C
r_2492	YGR157W or YJR073C
r_2493	YGR157W or YJR073C
r_2494	YGR157W or YJR073C
r_2495	YGR157W or YJR073C
r_2496	YJR073C
r_2497	YJR073C
r_2498	YJR073C
r_2499	YJR073C
r_2500	YJR073C
r_2501	YJR073C
r_2502	YJR073C
r_2503	YJR073C
r_2504	YJR073C
r_2505	YJR073C
r_2506	YJR073C
r_2507	YJR073C
r_2508	YJR073C
r_2509	YJR073C
r_2510	YJR073C
r_2511	YJR073C
r_2512	YOR311C
r_2513	YOR311C
r_2514	YOR311C
r_2515	YOR311C
r_2516	YOR311C
r_2517	YOR311C
r_2518	YOR311C
r_2519	YOR311C
r_2520	YHR123W
r_2521	YHR123W
r_2522	YHR123W
r_2523	YHR123W
r_2524	YHR123W
r_2525	YHR123W
r_2526	YHR123W
r_2527	YHR123W
r_2528	YNL130C and YHR123W
r_2529	YNL130C and YHR123W
r_2530	YNL130C and YHR123W
r_2531	YNL130C and YHR123W
r_2532	YNL130C and YHR123W
r_2533	YNL130C and YHR123W
r_2534	YNL130C and YHR123W
r_2535	YNL130C and YHR123W
r_2536	YCL004W
r_2537	YCL004W
r_2538	YCL004W
r_2539	YCL004W
r_2540	YCL004W
r_2541	YCL004W
r_2542	YHR100C
r_2543	YHR100C
r_2544	YHR100C
r_2545	YHR100C
r_2546	YHR100C
r_2547	YHR100C
r_2548	YDL142C
r_2549	YDL142C
r_2550	YDL142C
r_2551	YDL142C
r_2552	YDL142C
r_2553	YDL142C
r_2554	YDL142C
r_2555	YDL142C
r_2556	YDL142C
r_2557	YDL142C
r_2558	YDL142C
r_2559	YDL142C
r_2560	YDL142C
r_2561	YDL142C
r_2562	YDL142C
r_2563	YDL142C
r_2564	YDL142C
r_2565	YDL142C
r_2566	YDL142C
r_2567	YDL142C
r_2568	YDL142C
r_2569	YDL142C
r_2570	YDL142C
r_2571	YDL142C
r_2572	YDL142C
r_2573	YDL142C
r_2574	YDL142C
r_2575	YDL142C
r_2576	YDL142C
r_2577	YDL142C
r_2578	YDL142C
r_2579	YDL142C
r_2580	YDL142C
r_2581	YDL142C
r_2582	YDL142C
r_2583	YDL142C
r_2584	YGR110W
r_2585	YGR110W
r_2586	YGR110W
r_2587	YGR110W
r_2588	YGR110W
r_2589	YGR110W
r_2590	YGR110W
r_2591	YGR110W
r_2592	YGR110W
r_2593	YGR110W
r_2594	YGR110W
r_2595	YGR110W
r_2596	YGR110W
r_2597	YGR110W
r_2598	YGR110W
r_2599	YGR110W
r_2600	YGR110W
r_2601	YGR110W
r_2602	YGR110W
r_2603	YGR110W
r_2604	YGR110W
r_2605	YGR110W
r_2606	YGR110W
r_2607	YGR110W
r_2608	YGR110W
r_2609	YGR110W
r_2610	YGR110W
r_2611	YGR110W
r_2612	YGR110W
r_2613	YGR110W
r_2614	YGR110W
r_2615	YGR110W
r_2616	YGR110W
r_2617	YGR110W
r_2618	YGR110W
r_2619	YGR110W
r_2620	YPR140W
r_2621	YPR140W
r_2622	YPR140W
r_2623	YPR140W
r_2624	YPR140W
r_2625	YPR140W
r_2626	YPR140W
r_2627	YPR140W
r_2628	YPR140W
r_2629	YPR140W
r_2630	YPR140W
r_2631	YPR140W
r_2632	YPR140W
r_2633	YPR140W
r_2634	YPR140W
r_2635	YPR140W
r_2636	YPR140W
r_2637	YPR140W
r_2638	YPR140W
r_2639	YPR140W
r_2640	YPR140W
r_2641	YPR140W
r_2642	YPR140W
r_2643	YPR140W
r_2644	YPR140W
r_2645	YPR140W
r_2646	YPR140W
r_2647	YPR140W
r_2648	YPR140W
r_2649	YPR140W
r_2650	YPR140W
r_2651	YPR140W
r_2652	YPR140W
r_2653	YPR140W
r_2654	YPR140W
r_2655	YPR140W
r_2656	YPR140W
r_2657	YPR140W
r_2658	YPR140W
r_2659	YPR140W
r_2660	YPR140W
r_2661	YPR140W
r_2662	YPR140W
r_2663	YPR140W
r_2664	YPR140W
r_2665	YPR140W
r_2666	YPR140W
r_2667	YPR140W
r_2668	YPR140W
r_2669	YPR140W
r_2670	YPR140W
r_2671	YPR140W
r_2672	YPR140W
r_2673	YPR140W
r_2674	YPR140W
r_2675	YPR140W
r_2676	YPR140W
r_2677	YPR140W
r_2678	YPR140W
r_2679	YPR140W
r_2680	YPR140W
r_2681	YPR140W
r_2682	YPR140W
r_2683	YPR140W
r_2684	YPR140W
r_2685	YPR140W
r_2686	YPR140W
r_2687	YPR140W
r_2688	YPR140W
r_2689	YPR140W
r_2690	YPR140W
r_2691	YPR140W
r_2692	YPR140W
r_2693	YPR140W
r_2694	YPR140W
r_2695	YPR140W
r_2696	YPR140W
r_2697	YPR140W
r_2698	YPR140W
r_2699	YPR140W
r_2700	YPR140W
r_2701	YPR140W
r_2702	YPR140W
r_2703	YPR140W
r_2704	YPR140W
r_2705	YPR140W
r_2706	YPR140W
r_2707	YPR140W
r_2708	YPR140W
r_2709	YPR140W
r_2710	YPR140W
r_2711	YPR140W
r_2712	YPR140W
r_2713	YPR140W
r_2714	YPR140W
r_2715	YPR140W
r_2716	YPR140W
r_2717	YPR140W
r_2718	YPR140W
r_2719	YPR140W
r_2720	YPR140W
r_2721	YPR140W
r_2722	YPR140W
r_2723	YPR140W
r_2724	YPR140W
r_2725	YPR140W
r_2726	YPR140W
r_2727	YPR140W
r_2728	YPR140W
r_2729	YPR140W
r_2730	YPR140W
r_2731	YPR140W
r_2732	YPR140W
r_2733	YPR140W
r_2734	YPR140W
r_2735	YPR140W
r_2736	YPR140W
r_2737	YPR140W
r_2738	YPR140W
r_2739	YPR140W
r_2740	YPR140W
r_2741	YPR140W
r_2742	YPR140W
r_2743	YPR140W
r_2744	YPR140W
r_2745	YPR140W
r_2746	YPR140W
r_2747	YPR140W
r_2748	YPR140W
r_2749	YPR140W
r_2750	YPR140W
r_2751	YPR140W
r_2752	YPR140W
r_2753	YPR140W
r_2754	YPR140W
r_2755	YPR140W
r_2756	YPR140W
r_2757	YPR140W
r_2758	YPR140W
r_2759	YPR140W
r_2760	YPR140W
r_2761	YPR140W
r_2762	YPR140W
r_2763	YPR140W
r_2764	YPR140W
r_2765	YPR140W
r_2766	YPR140W
r_2767	YPR140W
r_2768	YPR140W
r_2769	YPR140W
r_2770	YPR140W
r_2771	YPR140W
r_2772	YPR140W
r_2773	YPR140W
r_2774	YPR140W
r_2775	YPR140W
r_2776	YPR140W
r_2777	YPR140W
r_2778	YPR140W
r_2779	YPR140W
r_2780	YPR140W
r_2781	YPR140W
r_2782	YPR140W
r_2783	YPR140W
r_2784	YPR140W
r_2785	YPR140W
r_2786	YPR140W
r_2787	YPR140W
r_2788	YPR140W
r_2789	YPR140W
r_2790	YPR140W
r_2791	YPR140W
r_2792	YPR140W
r_2793	YPR140W
r_2794	YPR140W
r_2795	YPR140W
r_2796	YPR140W
r_2797	YPR140W
r_2798	YPR140W
r_2799	YPR140W
r_2800	YPR140W
r_2801	YPR140W
r_2802	YPR140W
r_2803	YPR140W
r_2804	YPR140W
r_2805	YPR140W
r_2806	YPR140W
r_2807	YPR140W
r_2808	YPR140W
r_2809	YPR140W
r_2810	YPR140W
r_2811	YPR140W
r_2820	YLR305C or YJL100W
r_2821	YLR305C or YJL100W
r_2822	YLR305C or YJL100W
r_2823	YLR305C or YJL100W
r_2824	YLR305C or YJL100W
r_2825	YLR305C or YJL100W
r_2826	YLR305C or YJL100W
r_2827	YLR305C or YJL100W
r_2828	YJL100W
r_2829	YJL100W
r_2830	YJL100W
r_2831	YJL100W
r_2832	YJL100W
r_2833	YJL100W
r_2834	YJL100W
r_2835	YJL100W
r_2836	YNL267W and YDR373W
r_2837	YNL267W and YDR373W
r_2838	YNL267W and YDR373W
r_2839	YNL267W and YDR373W
r_2840	YNL267W and YDR373W
r_2841	YNL267W and YDR373W
r_2842	YNL267W and YDR373W
r_2843	YNL267W and YDR373W
r_2844	YNL267W
r_2845	YNL267W
r_2846	YNL267W
r_2847	YNL267W
r_2848	YNL267W
r_2849	YNL267W
r_2850	YNL267W
r_2851	YNL267W
r_2852	YBR097W and YLR240W
r_2853	YBR097W and YLR240W
r_2854	YBR097W and YLR240W
r_2855	YBR097W and YLR240W
r_2856	YBR097W and YLR240W
r_2857	YBR097W and YLR240W
r_2858	YBR097W and YLR240W
r_2859	YBR097W and YLR240W
r_2860	YDR208W
r_2861	YDR208W
r_2862	YDR208W
r_2863	YDR208W
r_2864	YDR208W
r_2865	YDR208W
r_2866	YDR208W
r_2867	YDR208W
r_2868	YDR208W
r_2869	YDR208W
r_2870	YDR208W
r_2871	YDR208W
r_2872	YDR208W
r_2873	YDR208W
r_2874	YDR208W
r_2875	YDR208W
r_2876	YFR019W
r_2877	YFR019W
r_2878	YFR019W
r_2879	YFR019W
r_2880	YFR019W
r_2881	YFR019W
r_2882	YFR019W
r_2883	YFR019W
r_2884	YNR008W
r_2885	YNR008W
r_2886	YNR008W
r_2887	YNR008W
r_2888	YNR008W
r_2889	YNR008W
r_2890	YNR008W
r_2891	YNR008W
r_2892	YNR008W
r_2893	YNR008W
r_2894	YNR008W
r_2895	YNR008W
r_2896	YNR008W
r_2897	YNR008W
r_2898	YNR008W
r_2899	YNR008W
r_2900	YNR008W
r_2901	YNR008W
r_2902	YNR008W
r_2903	YNR008W
r_2904	YNR008W
r_2905	YNR008W
r_2906	YNR008W
r_2907	YNR008W
r_2908	YNR008W
r_2909	YNR008W
r_2910	YNR008W
r_2911	YNR008W
r_2912	YNR008W
r_2913	YNR008W
r_2914	YNR008W
r_2915	YNR008W
r_2916	YNR008W
r_2917	YNR008W
r_2918	YNR008W
r_2919	YNR008W
r_2920	YNR008W
r_2921	YNR008W
r_2922	YNR008W
r_2923	YNR008W
r_2924	YNR008W
r_2925	YNR008W
r_2926	YNR008W
r_2927	YNR008W
r_2928	YNR008W
r_2929	YNR008W
r_2930	YNR008W
r_2931	YNR008W
r_2932	YNR008W
r_2933	YNR008W
r_2934	YNR008W
r_2935	YNR008W
r_2936	YNR008W
r_2937	YNR008W
r_2938	YNR008W
r_2939	YNR008W
r_2940	YNR008W
r_2941	YNR008W
r_2942	YNR008W
r_2943	YNR008W
r_2944	YNR008W
r_2945	YNR008W
r_2946	YNR008W
r_2947	YNR008W
r_2948	YNR008W
r_2949	YNR008W
r_2950	YNR008W
r_2951	YNR008W
r_2952	YNR008W
r_2953	YNR008W
r_2954	YNR008W
r_2955	YNR008W
r_2956	YNR008W
r_2957	YNR008W
r_2958	YNR008W
r_2959	YNR008W
r_2960	YNR008W
r_2961	YNR008W
r_2962	YNR008W
r_2963	YNR008W
r_2964	YNR008W
r_2965	YNR008W
r_2966	YNR008W
r_2967	YNR008W
r_2968	YNR008W
r_2969	YNR008W
r_2970	YNR008W
r_2971	YNR008W
r_2972	YNR008W
r_2973	YNR008W
r_2974	YNR008W
r_2975	YNR008W
r_2976	YNR008W
r_2977	YNR008W
r_2978	YNR008W
r_2979	YNR008W
r_2980	YNR008W
r_2981	YNR008W
r_2982	YNR008W
r_2983	YNR008W
r_2984	YNR008W
r_2985	YNR008W
r_2986	YNR008W
r_2987	YNR008W
r_2988	YNR008W
r_2989	YNR008W
r_2990	YNR008W
r_2991	YNR008W
r_2992	YNR008W
r_2993	YNR008W
r_2994	YNR008W
r_2995	YNR008W
r_2996	YNR008W
r_2997	YNR008W
r_2998	YNR008W
r_2999	YNR008W
r_3000	YNR008W
r_3001	YNR008W
r_3002	YNR008W
r_3003	YNR008W
r_3004	YNR008W
r_3005	YNR008W
r_3006	YNR008W
r_3007	YNR008W
r_3008	YNR008W
r_3009	YNR008W
r_3010	YNR008W
r_3011	YNR008W
r_3022	YML059C
r_3023	YML059C
r_3024	YML059C
r_3025	YML059C
r_3026	YML059C
r_3027	YML059C
r_3028	YML059C
r_3029	YML059C
r_3030	YML059C
r_3031	YML059C
r_3032	YML059C
r_3033	YML059C
r_3034	YMR008C
r_3035	YMR008C
r_3036	YMR008C
r_3037	YMR008C
r_3038	YMR008C
r_3039	YMR008C
r_3040	YMR008C
r_3041	YMR008C
r_3042	YMR008C
r_3043	YMR008C
r_3044	YMR008C
r_3045	YMR008C
r_3046	YMR008C or YMR006C
r_3047	YMR008C or YMR006C
r_3048	YMR008C or YMR006C
r_3049	YMR008C or YMR006C
r_3050	YMR008C or YMR006C
r_3051	YMR008C or YMR006C
r_3052	YMR008C or YMR006C
r_3053	YMR008C or YMR006C
r_3054	YMR008C or YMR006C
r_3055	YMR008C or YMR006C
r_3056	YMR008C or YMR006C
r_3057	YMR008C or YMR006C
r_3058	YOL011W or YMR006C
r_3059	YOL011W or YMR006C
r_3060	YOL011W or YMR006C
r_3061	YOL011W or YMR006C
r_3062	YOL011W or YMR006C
r_3063	YOL011W or YMR006C
r_3064	YOL011W or YMR006C
r_3065	YOL011W or YMR006C
r_3066	YOL011W or YMR006C
r_3067	YOL011W or YMR006C
r_3068	YOL011W or YMR006C
r_3069	YOL011W or YMR006C
r_3070	YOL011W
r_3071	YOL011W
r_3072	YOL011W
r_3073	YOL011W
r_3074	YOL011W
r_3075	YOL011W
r_3076	YOL011W
r_3077	YOL011W
r_3078	YOL011W
r_3079	YOL011W
r_3080	YOL011W
r_3081	YOL011W
r_3082	YPL268W
r_3083	YPL268W
r_3084	YPL268W
r_3085	YPL268W
r_3086	YPL268W
r_3087	YPL268W
r_3088	YPL268W
r_3089	YPL268W
r_3090	YPL268W
r_3091	YPL268W
r_3092	YPL268W
r_3093	YPL268W
r_3094	YPL268W
r_3095	YPL268W
r_3096	YPL268W
r_3097	YPL268W
r_3098	YPL206C
r_3099	YPL206C
r_3100	YPL206C
r_3101	YPL206C
r_3102	YPL206C
r_3103	YPL206C
r_3104	YKR031C
r_3105	YKR031C
r_3106	YKR031C
r_3107	YKR031C
r_3108	YKR031C
r_3109	YKR031C
r_3110	YKR031C
r_3111	YKR031C
r_3112	YNL106C or YOR109W
r_3113	YNL106C or YOR109W
r_3114	YNL106C or YOR109W
r_3115	YNL106C or YOR109W
r_3116	YNL106C or YOR109W
r_3117	YNL106C or YOR109W
r_3118	YNL106C or YOR109W
r_3119	YNL106C or YOR109W
r_3120	YNL106C or YJR110W or YOR109W
r_3121	YNL106C or YJR110W or YOR109W
r_3122	YNL106C or YJR110W or YOR109W
r_3123	YNL106C or YJR110W or YOR109W
r_3124	YNL106C or YJR110W or YOR109W
r_3125	YNL106C or YJR110W or YOR109W
r_3126	YNL106C or YJR110W or YOR109W
r_3127	YNL106C or YJR110W or YOR109W
r_3128	YKL212W
r_3129	YKL212W
r_3130	YKL212W
r_3131	YKL212W
r_3132	YKL212W
r_3133	YKL212W
r_3134	YKL212W
r_3135	YKL212W
r_3136	YKL212W
r_3137	YKL212W
r_3138	YKL212W
r_3139	YKL212W
r_3140	YKL212W
r_3141	YKL212W
r_3142	YKL212W
r_3143	YKL212W
r_3144	YNL106C or YOR109W
r_3145	YNL106C or YOR109W
r_3146	YNL106C or YOR109W
r_3147	YNL106C or YOR109W
r_3148	YNL106C or YOR109W
r_3149	YNL106C or YOR109W
r_3150	YNL106C or YOR109W
r_3151	YNL106C or YOR109W
r_3152	YNL106C or YOR109W
r_3153	YNL106C or YOR109W
r_3154	YNL106C or YOR109W
r_3155	YNL106C or YOR109W
r_3156	YNL106C or YOR109W
r_3157	YNL106C or YOR109W
r_3158	YNL106C or YOR109W
r_3159	YNL106C or YOR109W
r_3160	YKL212W
r_3161	YKL212W
r_3162	YKL212W
r_3163	YKL212W
r_3164	YKL212W
r_3165	YKL212W
r_3166	YKL212W
r_3167	YKL212W
r_3168	YKL212W
r_3169	YKL212W
r_3170	YKL212W
r_3171	YKL212W
r_3172	YKL212W
r_3173	YKL212W
r_3174	YKL212W
r_3175	YKL212W
r_3176	YNL106C or YOR109W
r_3177	YNL106C or YOR109W
r_3178	YNL106C or YOR109W
r_3179	YNL106C or YOR109W
r_3180	YNL106C or YOR109W
r_3181	YNL106C or YOR109W
r_3182	YNL106C or YOR109W
r_3183	YNL106C or YOR109W
r_3184	YNL106C or YOR109W
r_3185	YNL106C or YOR109W
r_3186	YNL106C or YOR109W
r_3187	YNL106C or YOR109W
r_3188	YNL106C or YOR109W
r_3189	YNL106C or YOR109W
r_3190	YNL106C or YOR109W
r_3191	YNL106C or YOR109W
r_3192	YNL106C or YIL002C or YOR109W
r_3193	YNL106C or YIL002C or YOR109W
r_3194	YNL106C or YIL002C or YOR109W
r_3195	YNL106C or YIL002C or YOR109W
r_3196	YNL106C or YIL002C or YOR109W
r_3197	YNL106C or YIL002C or YOR109W
r_3198	YNL106C or YIL002C or YOR109W
r_3199	YNL106C or YIL002C or YOR109W
r_3200	YNL106C or YIL002C or YOR109W
r_3201	YNL106C or YIL002C or YOR109W
r_3202	YNL106C or YIL002C or YOR109W
r_3203	YNL106C or YIL002C or YOR109W
r_3204	YNL106C or YIL002C or YOR109W
r_3205	YNL106C or YIL002C or YOR109W
r_3206	YNL106C or YIL002C or YOR109W
r_3207	YNL106C or YIL002C or YOR109W
r_3208	YOL065C
r_3209	YOL065C
r_3210	YOL065C
r_3211	YOL065C
r_3212	YOL065C
r_3213	YOL065C
r_3214	YOL065C
r_3215	YOL065C
r_3216	YNL325C and YLR386W
r_3217	YNL325C and YLR386W
r_3218	YNL325C and YLR386W
r_3219	YNL325C and YLR386W
r_3220	YNL325C and YLR386W
r_3221	YNL325C and YLR386W
r_3222	YNL325C and YLR386W
r_3223	YNL325C and YLR386W
r_3224	YDR284C
r_3225	YDR284C
r_3226	YDR284C
r_3227	YDR284C
r_3228	YDR284C
r_3229	YDR284C
r_3230	YDR284C
r_3231	YDR284C
r_3232	YDR503C
r_3233	YDR503C
r_3234	YDR503C
r_3235	YDR503C
r_3236	YDR503C
r_3237	YDR503C
r_3238	YDR503C
r_3239	YDR503C
r_3240	YER037W
r_3241	YER037W
r_3242	YER037W
r_3243	YER037W
r_3244	YDR284C
r_3245	YDR284C
r_3246	YDR284C
r_3247	YDR284C
r_3248	YDR503C
r_3249	YDR503C
r_3250	YDR503C
r_3251	YDR503C
r_3252	YLL012W or YKL140W
r_3253	YLL012W or YKL140W
r_3254	YLL012W
r_3255	YLL012W
r_3256	YLL012W
r_3257	YLL012W
r_3258	YLL012W
r_3259	YLL012W
r_3260	YLL012W
r_3261	YLL012W
r_3262	YLR020C
r_3263	YLR020C
r_3264	YCR068W or YOR081C or YMR313C or YKR089C or YBR204C
r_3265	YKR089C or YOR081C or YBR204C or YMR313C
r_3266	YKR089C or YOR081C or YBR204C or YMR313C
r_3267	YKR089C or YOR081C or YBR204C or YMR313C
r_3268	YKR089C or YOR081C or YBR204C or YMR313C
r_3269	YKR089C or YOR081C or YBR204C or YMR313C
r_3270	YKR089C or YOR081C or YBR204C or YMR313C
r_3271	YKR089C or YOR081C or YBR204C or YMR313C
r_3272	YKR089C or YOR081C or YBR204C or YMR313C
r_3273	YKR089C or YOR081C or YBR204C or YMR313C
r_3274	YKR089C or YOR081C or YBR204C or YMR313C
r_3275	YKR089C or YOR081C or YBR204C or YMR313C
r_3276	YKR089C or YOR081C or YBR204C or YMR313C
r_3277	YKR089C or YOR081C or YBR204C or YMR313C
r_3278	YKR089C or YOR081C or YBR204C or YMR313C
r_3279	YKR089C or YOR081C or YBR204C or YMR313C
r_3280	YKR089C or YOR081C or YBR204C or YMR313C
r_3281	YKR089C or YOR081C or YBR204C or YMR313C
r_3282	YKR089C or YOR081C or YBR204C or YMR313C
r_3283	YKR089C or YOR081C or YBR204C or YMR313C
r_3284	YKR089C or YOR081C or YBR204C or YMR313C
r_3285	YKR089C or YOR081C or YBR204C or YMR313C
r_3286	YKR089C or YOR081C or YBR204C or YMR313C
r_3287	YKR089C or YOR081C or YBR204C or YMR313C
r_3288	YKR089C or YOR081C or YBR204C or YMR313C
r_3289	YKR089C or YOR081C or YBR204C or YMR313C
r_3290	YKR089C or YOR081C or YBR204C or YMR313C
r_3291	YKR089C or YOR081C or YBR204C or YMR313C
r_3292	YKR089C or YOR081C or YBR204C or YMR313C
r_3293	YKR089C or YOR081C or YBR204C or YMR313C
r_3294	YKR089C or YOR081C or YBR204C or YMR313C
r_3295	YKR089C or YOR081C or YBR204C or YMR313C
r_3296	YMR313C
r_3297	YCR068W or YMR313C
r_3298	YMR313C
r_3299	YMR313C
r_3300	YMR313C
r_3301	YMR313C
r_3302	YMR313C
r_3303	YMR313C
r_3304	YDR058C
r_3305	YDR058C
r_3306	YDR058C
r_3307	YDR058C
r_3308	YKL094W
r_3309	YKL094W
r_3310	YKL094W
r_3311	YKL094W
r_3312	YMR313C
r_3313	YMR313C
r_3314	YMR313C
r_3315	YMR313C
r_3316	YKR089C
r_3317	YKR089C
r_3318	YKR089C
r_3319	YKR089C
r_3320	YKR089C
r_3321	YKR089C
r_3322	YKR089C
r_3323	YKR089C
r_3324	YKR089C
r_3325	YKR089C
r_3326	YKR089C
r_3327	YKR089C
r_3328	YKR089C
r_3329	YKR089C
r_3330	YKR089C
r_3331	YKR089C
r_4039	YBL015W
r_4042	YIL020C
r_4045	YDR400W
r_0964	YDR135C
r_1028	YLL048C
r_1085	YDL185W and YHR026W and YMR054W and YOR332W and YLR447C and YPL234C and YBR127C and YHR039C-A and YPR036W and YKL080W and YEL051W and YGR020C and YEL027W
r_1086	YDL185W and YHR026W and YOR332W and YLR447C and YOR270C and YPL234C and YBR127C and YHR039C-A and YPR036W and YKL080W and YEL051W and YGR020C and YEL027W
r_1096	
r_1097	
r_1098	
r_1099	YPL134C or YOR222W
r_1100	
r_1101	YDL210W or YOR348C
r_1102	YDL210W
r_1103	
r_1104	YNR056C
r_1106	YCR010C
r_1107	
r_1108	YER056C or YGL186C or YER060W or YER060W-A
r_1109	YAL022C
r_1110	(YBR085W and YMR056C) or YBL030C
r_1111	YPR128C
r_1112	YMR241W
r_1113	YJR152W
r_1114	YIR028W
r_1115	YGR121C or YPR138C or YNL142W or YDR384C
r_1116	YPR128C
r_1118	YPR021C
r_1119	YGR065C
r_1120	YOR100C
r_1121	
r_1122	
r_1123	
r_1124	
r_1125	YGL077C
r_1126	YBR291C
r_1127	YBR291C
r_1128	YBR291C
r_1129	YHR002W
r_1130	YBR192W
r_1131	YBR192W
r_1132	YAL022C
r_1133	YER056C or YGL186C or YER060W or YER060W-A
r_1134	(YDR342C and YDR343C) or YOL156W or YEL069C or YJL219W or YHR094C or YJR158W or YHR092C or YHR096C or YNR072W or YFL011W or YDR345C or YJL214W or YDL245C or YMR011W
r_1135	YOL156W or YNL318C or YJL219W or YLR081W or YFL011W or YDR536W
r_1136	YKL217W
r_1137	
r_1138	
r_1139	(YDR342C and YDR343C) or YOL156W or YEL069C or YJL219W or YHR094C or YJR158W or YHR092C or YHR096C or YNR072W or YFL011W or YDR345C or YJL214W or YDL245C or YMR011W
r_1146	YIL013C or YOR011W
r_1147	YIL013C or YOR011W
r_1148	YIL013C or YOR011W
r_1149	YGL077C
r_1151	YIL134W
r_1161	YIL013C or YOR011W
r_1162	YIL013C or YOR011W
r_1164	
r_1165	YGL225W
r_1166	((YDR343C and YDR342C) or (YLR081W and YDR342C) or (YJR160C and YDL245C)) or YOL156W or YEL069C or YJR158W or YHR094C or YJL219W or YHR092C or YDR387C or YDL247W or YHR096C or YNR072W or YFL011W or YDR536W or YDR345C or YJL214W or YMR011W
r_1167	YJL212C
r_1168	YDR135C or YLL015W
r_1169	YCR098C
r_1170	YCR098C
r_1171	YGL084C or YPL189W or YDR536W
r_1172	YLL043W or YFL054C
r_1173	YPL265W or YCL025C or YOR348C or YKR039W or YOL020W
r_1174	
r_1175	YDL198C
r_1176	YER056C or YGL186C or YER060W or YER060W-A
r_1177	YOL103W or YDR497C
r_1178	YMR058W and YMR319C
r_1179	YKR052C or YJL133W
r_1180	
r_1181	
r_1182	
r_1183	(YDR046C and YBR068C) or YPL265W or YCL025C or YOR348C or YKR039W or YOL020W
r_1184	YKR039W or YNL270C or YEL063C
r_1185	YBR293W or YOL092W
r_1186	YKR039W or YPL265W or YDR508C or YCL025C
r_1187	YJR001W
r_1188	YKL146W or YNL101W
r_1189	YER119C
r_1190	YKR039W or YPL265W or YFL055W
r_1191	YBR132C
r_1192	(YDR046C and YBR068C) or YDR508C or YCL025C or YKR039W or YOL020W or YBR069C
r_1193	YCR075C
r_1194	YPR021C
r_1195	YER119C
r_1196	YKR039W or YPL265W or YCL025C or YFL055W
r_1197	YJR001W
r_1198	YKL146W or YNL101W
r_1199	YKR039W or YPL265W or YDR508C or YCL025C
r_1200	YBR293W or YCL069W or YOL092W or YMR088C
r_1201	YKR039W or YGR191W or YBR069C
r_1202	YCL038C
r_1203	YJR001W
r_1204	YKL146W or YNL101W
r_1205	(YDR046C and YBR068C) or YKR039W or YCL025C or YBR069C
r_1206	YKL217W
r_1207	YKL217W
r_1208	YCL038C
r_1209	YJR001W
r_1210	YKL146W or YNL101W
r_1211	(YDR046C and YBR068C) or YKR039W or YCL025C or YDR508C or YBR069C
r_1212	YBR293W or YCL069W or YOL092W or YMR088C
r_1213	YKR039W or YNL268W
r_1214	(YDR046C and YBR068C) or YDR508C or YCL025C or YKR039W or YGR055W or YHL036W
r_1215	(YDR046C and YBR068C) or YKR039W or YOL020W or YCL025C
r_1216	YKR039W or YOR348C
r_1217	YPL265W or YDR508C or YFL055W or YCL025C or YKR039W or YDR105C
r_1218	YDR508C or YCL025C or YKR039W or YDR046C or YBR069C
r_1219	(YDR046C and YBR068C) or YKR039W or YOL020W or YBR069C
r_1220	YCL038C
r_1221	YJR001W or YBR293W
r_1222	YKL146W or YNL101W
r_1223	(YDR046C and YBR068C) or YKR039W or YOL020W or YCL025C or YBR069C
r_1224	(YDR046C and YBR068C) or YKR039W or YCL025C or YBR069C
r_1225	YIL013C or YOR011W
r_1226	YLR348C
r_1227	YBR298C or YDL247W or YJR160C or YGR289C
r_1228	YBR180W
r_1229	YEL006W or YIL006W
r_1230	YIL006W
r_1231	YIL006W
r_1232	YIL006W
r_1235	YGR260W
r_1236	YKL188C and YPL147W
r_1237	YOR130C
r_1238	YKR039W or YEL063C
r_1239	YKL120W
r_1241	YCR028C
r_1242	
r_1243	
r_1244	YNR013C or YJL198W or YBR296C or YML123C or YCR037C
r_1245	YJR077C or YER053C
r_1249	YJL129C or YDR456W
r_1250	YKL174C
r_1251	YLL028W or YOR273C
r_1252	YLL028W or YOR273C
r_1253	YGL186C
r_1254	YKL217W
r_1255	YPL274W
r_1256	YNL003C
r_1257	YLL061W
r_1258	YLR138W or YDR456W
r_1259	YKL174C
r_1260	YLL028W or YBR132C or YPL274W or YHL016C or YKR039W or YOR273C
r_1261	YLL028W or YOR273C
r_1262	YGR138C or YPR156C or YOR273C or YLL028W
r_1263	YGR138C or YPR156C or YOR273C or YLL028W
r_1264	YLR348C
r_1265	YJR095W
r_1266	YBR294W or YLR092W
r_1267	YPL092W
r_1268	
r_1269	YGR096W
r_1270	YOR071C or YLR237W or YOR192C
r_1271	YPL244C
r_1272	YBR021W
r_1273	YHL016C
r_1274	YBL042C
r_1275	YBR192W
r_1276	YBR192W
r_1277	YLL052C or YPR192W
r_1278	YIL013C or YOR011W
r_1657	YBR147W
r_2034	YGL080W and (YGR243W or YHR162W)
r_2079	YGR289C
r_2132	YPL134C or YOR222W
r_2219	YKL188C and YPL147W
r_2220	YKL188C and YPL147W
r_2221	YKL188C and YPL147W
r_2222	YKL188C and YPL147W
r_2223	YKL188C and YPL147W
r_2224	YKL188C and YPL147W
r_2225	YKL188C and YPL147W
r_2226	YKL188C and YPL147W
r_2227	YKL188C and YPL147W
r_2228	YKL188C and YPL147W
r_3348	YDR072C
r_3349	YDR072C
r_3350	YDR072C
r_3351	YDR072C
r_3352	YDR072C
r_3353	YDR072C
r_3354	YDR072C
r_3355	YDR072C
r_3356	YDR072C
r_3357	YDR072C
r_3358	YDR072C
r_3359	YDR072C
r_3360	YDR072C
r_3361	YDR072C
r_3362	YDR072C
r_3363	YDR072C
r_3364	YDR072C
r_3365	YDR072C
r_3366	YDR072C
r_3367	YDR072C
r_3368	YDR072C
r_3369	YDR072C
r_3370	YDR072C
r_3371	YDR072C
r_3372	YDR072C
r_3373	YDR072C
r_3374	YDR072C
r_3375	YDR072C
r_3376	YDR072C
r_3377	YDR072C
r_3378	YDR072C
r_3379	YDR072C
r_3380	YDR072C
r_3381	YDR072C
r_3382	YDR072C
r_3383	YDR072C
r_3384	YDR072C
r_3385	YDR072C
r_3386	YDR072C
r_3387	YDR072C
r_3388	YDR072C
r_3389	YDR072C
r_3390	YDR072C
r_3391	YDR072C
r_3392	YDR072C
r_3393	YDR072C
r_3394	YDR072C
r_3395	YDR072C
r_3396	YDR072C
r_3397	YDR072C
r_3398	YDR072C
r_3399	YDR072C
r_3400	YDR072C
r_3401	YDR072C
r_3402	YDR072C
r_3403	YDR072C
r_3404	YDR072C
r_3405	YDR072C
r_3406	YDR072C
r_3407	YDR072C
r_3408	YDR072C
r_3409	YDR072C
r_3410	YDR072C
r_3411	YDR072C
r_3412	YDR072C
r_3413	YDR072C
r_3414	YDR072C
r_3415	YDR072C
r_3416	YDR072C
r_3417	YDR072C
r_3418	YDR072C
r_3419	YDR072C
r_3420	YDR072C
r_3421	YDR072C
r_3422	YDR072C
r_3423	YDR072C
r_3424	YDR072C
r_3425	YDR072C
r_3426	YDR072C
r_3427	YDR072C
r_3428	YKL004W and YDR367W
r_3429	YKL004W and YDR367W
r_3430	YKL004W and YDR367W
r_3431	YKL004W and YDR367W
r_3432	YKL004W and YDR367W
r_3433	YKL004W and YDR367W
r_3434	YKL004W and YDR367W
r_3435	YKL004W and YDR367W
r_3436	YKL004W and YDR367W
r_3437	YKL004W and YDR367W
r_3438	YKL004W and YDR367W
r_3439	YKL004W and YDR367W
r_3440	YKL004W and YDR367W
r_3441	YKL004W and YDR367W
r_3442	YKL004W and YDR367W
r_3443	YKL004W and YDR367W
r_3444	YKL004W and YDR367W
r_3445	YKL004W and YDR367W
r_3446	YKL004W and YDR367W
r_3447	YKL004W and YDR367W
r_3448	YKL004W and YDR367W
r_3449	YKL004W and YDR367W
r_3450	YKL004W and YDR367W
r_3451	YKL004W and YDR367W
r_3452	YKL004W and YDR367W
r_3453	YKL004W and YDR367W
r_3454	YKL004W and YDR367W
r_3455	YKL004W and YDR367W
r_3456	YKL004W and YDR367W
r_3457	YKL004W and YDR367W
r_3458	YKL004W and YDR367W
r_3459	YKL004W and YDR367W
r_3460	YKL004W and YDR367W
r_3461	YKL004W and YDR367W
r_3462	YKL004W and YDR367W
r_3463	YKL004W and YDR367W
r_3464	YKL004W and YDR367W
r_3465	YKL004W and YDR367W
r_3466	YKL004W and YDR367W
r_3467	YKL004W and YDR367W
r_3468	YKL004W and YDR367W
r_3469	YKL004W and YDR367W
r_3470	YKL004W and YDR367W
r_3471	YKL004W and YDR367W
r_3472	YKL004W and YDR367W
r_3473	YKL004W and YDR367W
r_3474	YKL004W and YDR367W
r_3475	YKL004W and YDR367W
r_3476	YKL004W and YDR367W
r_3477	YKL004W and YDR367W
r_3478	YKL004W and YDR367W
r_3479	YKL004W and YDR367W
r_3480	YKL004W and YDR367W
r_3481	YKL004W and YDR367W
r_3482	YKL004W and YDR367W
r_3483	YKL004W and YDR367W
r_3484	YKL004W and YDR367W
r_3485	YKL004W and YDR367W
r_3486	YKL004W and YDR367W
r_3487	YKL004W and YDR367W
r_3488	YKL004W and YDR367W
r_3489	YKL004W and YDR367W
r_3490	YKL004W and YDR367W
r_3491	YKL004W and YDR367W
r_3492	YKL004W and YDR367W
r_3493	YKL004W and YDR367W
r_3494	YKL004W and YDR367W
r_3495	YKL004W and YDR367W
r_3496	YKL004W and YDR367W
r_3497	YKL004W and YDR367W
r_3498	YKL004W and YDR367W
r_3499	YKL004W and YDR367W
r_3500	YKL004W and YDR367W
r_3501	YKL004W and YDR367W
r_3502	YKL004W and YDR367W
r_3503	YKL004W and YDR367W
r_3504	YKL004W and YDR367W
r_3505	YKL004W and YDR367W
r_3506	YKL004W and YDR367W
r_3507	YKL004W and YDR367W
r_1449	
r_1450	
r_1451	
r_1452	
r_1453	
r_1454	
r_1455	
r_1456	
r_1457	
r_1458	
r_1479	
r_1480	
r_1481	
r_1482	
r_1483	
r_1484	
r_1485	
r_1486	
r_1487	
r_1488	
r_1509	
r_1510	
r_1511	
r_1512	
r_1513	
r_1514	
r_1515	
r_1516	
r_1517	
r_1518	
r_3963	
r_3964	
r_3965	
r_3966	
r_3967	
r_3968	
r_3969	
r_3970	
r_3971	
r_3972	
r_3975	
r_3976	
r_3977	
r_3978	
r_3979	
r_3980	
r_3981	
r_3982	
r_3983	
r_3984	
r_3985	
r_3986	
r_3988	
r_3989	
r_3990	
r_3991	
r_3992	
r_3993	
r_3994	
r_3995	
r_3997	
r_3998	
r_3999	
r_4000	
r_4001	
r_4002	
r_4003	
r_4004	
r_4006	
r_4007	
r_4008	
r_4009	
r_4010	
r_4011	
r_4012	
r_4013	
r_4014	
r_4015	
r_4016	
r_4017	
r_4018	
r_4019	
r_4020	
r_4021	
r_4022	
r_4023	
r_4024	
r_4025	
r_4026	
r_4027	
r_4028	
r_4029	
r_4030	
r_4031	
r_4032	
r_4033	
r_4034	
r_4035	
r_4036	
r_4037	
r_1542	
r_1543	
r_1545	
r_1546	
r_1547	
r_1548	
r_1549	
r_1550	
r_1551	
r_1552	
r_1553	
r_1554	
r_1560	
r_1562	
r_1563	
r_1564	
r_1565	
r_1566	
r_1567	
r_1568	
r_1572	
r_1573	
r_1574	YKL120W
r_1575	
r_1576	
r_1577	
r_1578	
r_1579	
r_1580	
r_1581	
r_1582	
r_1583	
r_1585	
r_1586	
r_1587	
r_1588	
r_1589	
r_1590	
r_1591	
r_1595	
r_1596	
r_1597	
r_1598	
r_1599	
r_1600	
r_1601	
r_1603	YFL058W
r_1604	
r_1605	
r_1606	
r_1607	
r_1608	
r_1609	
r_1610	
r_1611	
r_1613	
r_1614	
r_1615	
r_1616	
r_1617	
r_1618	
r_1620	
r_1621	
r_1622	
r_1623	YER183C
r_1624	YER183C
r_1625	
r_1627	
r_1628	
r_1629	
r_1630	
r_1631	
r_1632	
r_1633	
r_1634	
r_1635	
r_1637	
r_1638	
r_1639	
r_1640	
r_1641	
r_1642	YPR011C
r_1643	
r_1644	
r_1645	
r_1647	
r_1648	
r_1649	
r_1650	
r_1651	
r_1652	
r_1654	
r_1656	
r_1658	YDR508C
r_1659	
r_1660	
r_1661	
r_1663	
r_1664	
r_1665	
r_1667	YNL036W
r_1668	
r_1669	
r_1671	
r_1672	
r_1673	
r_1674	
r_1675	
r_1676	
r_1677	
r_1678	
r_1679	
r_1680	
r_1681	
r_1682	
r_1683	
r_1684	YGL077C or YOR161C
r_1685	
r_1686	
r_1687	
r_1688	
r_1689	
r_1690	
r_1691	
r_1694	
r_1695	
r_1696	
r_1697	
r_1698	
r_1699	
r_1700	
r_1702	
r_1703	
r_1704	
r_1705	
r_1706	
r_1707	YHR092C or YDR342C
r_1708	
r_1709	
r_1710	
r_1711	
r_1712	
r_1713	
r_1714	
r_1715	
r_1716	
r_1717	YEL069C or YJR158W or YNR072W or YDL245C
r_1718	
r_1719	YHR092C
r_1720	
r_1721	
r_1722	
r_1723	
r_1724	
r_1725	
r_1726	
r_1727	
r_1728	
r_1729	YDL166C
r_1730	
r_1731	
r_1732	
r_1733	
r_1734	
r_1735	YBL042C
r_1736	
r_1737	
r_1738	
r_1739	YDR071C
r_1743	
r_1744	
r_1745	
r_1746	
r_1747	
r_1748	
r_1749	
r_1750	
r_1751	
r_1752	
r_1753	
r_1754	
r_1757	
r_1758	
r_1759	
r_1760	YIL013C or YOR011W
r_1761	
r_1762	
r_1763	
r_1764	
r_1765	
r_1766	
r_1770	
r_1771	YKL188C and YPL147W
r_1772	YKL188C and YPL147W
r_1774	YKL188C and YPL147W
r_1775	
r_1776	
r_1777	
r_1788	
r_1790	YDL045C
r_1791	
r_1792	
r_1793	
r_1794	
r_1795	YNL065W
r_1796	
r_1797	
r_1798	
r_1800	
r_1801	
r_1802	
r_1803	YGL225W
r_1805	YGL104C or YBR241C
r_1806	
r_1807	
r_1808	
r_1809	
r_1810	
r_1811	YPR058W
r_1812	
r_1813	
r_1814	
r_1815	
r_1816	YNL065W
r_1817	
r_1818	
r_1819	
r_1820	
r_1821	
r_1822	
r_1823	
r_1824	
r_1825	
r_1826	
r_1827	
r_1829	
r_1830	
r_1831	
r_1832	
r_1833	
r_1834	
r_1835	
r_1836	
r_1837	YBR147W
r_1839	
r_1840	
r_1841	
r_1842	
r_1843	
r_1844	
r_1845	
r_1846	
r_1847	
r_1848	
r_1849	
r_1850	
r_1851	
r_1852	
r_1853	
r_1854	
r_1855	
r_1856	
r_1857	
r_1858	
r_1859	
r_1860	
r_1861	
r_1862	
r_1863	
r_1864	
r_1865	
r_1866	
r_1867	
r_1868	
r_1869	
r_1870	
r_1871	
r_1872	
r_1873	
r_1874	
r_1875	
r_1876	
r_1877	YHR092C or YDR342C
r_1878	
r_1879	
r_1880	
r_1881	
r_1882	YOR100C
r_1883	
r_1884	
r_1885	
r_1886	
r_1887	
r_1889	
r_1890	
r_1891	
r_1892	
r_1893	
r_1895	
r_1896	
r_1897	
r_1898	
r_1899	
r_1900	
r_1901	
r_1902	
r_1903	
r_1904	
r_1905	
r_1906	
r_1907	YKR039W
r_1908	YEL069C or YJR158W or YNR072W or YDL245C
r_1909	
r_1910	(YDR342C and YDR343C) or YOL156W or YEL069C or YJL219W or YHR094C or YJR158W or YHR092C or YHR096C or YNR072W or YFL011W or YDR345C or YJL214W or YDL245C or YMR011W
r_1911	
r_1912	
r_1913	
r_1914	
r_1915	
r_1916	
r_1919	YBR147W
r_1920	
r_1921	
r_1922	
r_1923	
r_1924	
r_1925	
r_1926	
r_1927	
r_1928	
r_1929	
r_1930	
r_1931	
r_1932	
r_1935	YDR508C
r_1936	
r_1937	
r_1938	
r_1939	
r_1940	
r_1941	
r_1942	
r_1943	
r_1944	
r_1945	
r_1946	
r_1947	
r_1952	
r_1963	
r_1964	
r_1965	
r_1966	
r_1967	
r_1968	
r_1970	
r_1971	
r_1972	
r_1974	
r_1975	
r_1976	YOR100C
r_1977	
r_1978	
r_1979	
r_1980	
r_1981	
r_1984	
r_1987	
r_1988	
r_1989	
r_1990	YJL212C
r_1991	
r_1992	
r_1993	
r_1994	
r_1995	
r_1996	
r_1997	
r_1998	
r_1999	
r_2000	
r_2001	
r_2002	
r_2003	
r_2004	
r_2005	
r_2008	YNR013C
r_2020	
r_2022	
r_2023	
r_2024	
r_2025	YNR027W
r_2026	
r_2027	
r_2028	
r_2030	
r_2031	
r_2032	
r_2033	
r_2036	
r_2037	
r_2038	
r_2039	
r_2040	YOR306C
r_2041	YHR092C or YDR342C
r_2042	
r_2043	
r_2044	
r_2045	YDR508C
r_2046	
r_2049	
r_2050	
r_2051	
r_2052	
r_2053	
r_2054	
r_2055	
r_2056	
r_2057	
r_2058	
r_2060	
r_2061	
r_2062	
r_2063	
r_2064	YDL024C
r_2065	
r_2066	
r_2067	
r_2068	
r_2069	
r_2070	
r_2071	
r_2072	YDR508C
r_2073	
r_2074	
r_2075	
r_2080	
r_2082	
r_2083	
r_2084	
r_2085	
r_2086	
r_2087	
r_2089	
r_2090	
r_2091	
r_2092	
r_2093	
r_2094	YLL052C or YPR192W
r_2095	
r_2096	
r_2097	
r_2098	
r_2099	
r_2100	
r_2101	
r_2102	
r_2103	
r_2104	
r_2105	YLL043W or YDL245C
r_2106	
r_2107	YIL013C or YOR011W
r_2108	
r_2111	
r_2125	
r_2129	
r_2134	
r_2136	
r_2137	
r_2139	
r_2184	
r_2185	
r_2186	
r_2187	
r_2188	
r_2189	
r_2190	YNL065W
r_2191	YNL065W
r_2192	
r_2193	
r_2229	
r_2230	
r_2231	YKL188C and YPL147W
r_2812	
r_2813	
r_2814	
r_2815	
r_2816	
r_2817	
r_2818	
r_2819	
r_3332	
r_3333	
r_3334	
r_3335	
r_3336	
r_3337	
r_3338	
r_3339	
r_3340	
r_3341	
r_3342	
r_3343	
r_3344	
r_3345	
r_3346	
r_3347	
r_3508	
r_3509	
r_3510	
r_3511	
r_3512	
r_3513	
r_3514	
r_3515	
r_3516	
r_3517	
r_3518	
r_3519	
r_3520	
r_3521	
r_3522	
r_3523	
r_3524	
r_3525	
r_3526	YLL052C or YPR192W
r_3527	
r_3528	
r_3529	
r_3530	
r_3531	
r_3532	
r_3533	
r_3534	
r_3535	
r_3536	
r_3537	
r_3538	
r_3539	
r_3540	
r_3541	
r_3542	
r_3543	
r_3544	
r_3545	YKR039W
r_3546	
r_3547	
r_3548	
r_3549	
r_3550	
r_3551	
r_3552	
r_3553	
r_3554	
r_3555	
r_3556	
r_3557	
r_3558	
r_3559	
r_3560	
r_3561	
r_3562	
r_3563	
r_3564	
r_3565	
r_3566	
r_3567	
r_3568	
r_3569	
r_3570	
r_3571	
r_3572	
r_3573	
r_3574	
r_3575	
r_3576	
r_3577	
r_3578	
r_3579	
r_3580	
r_3581	
r_3582	
r_3583	
r_3584	
r_3585	
r_3586	
r_3587	
r_3588	
r_3589	
r_3590	
r_3591	
r_3592	
r_3593	
r_3594	
r_3595	
r_3596	
r_3597	
r_3598	
r_3599	
r_3600	
r_3601	
r_3602	
r_3603	
r_3604	YLL052C or YLL053C or YPR192W
r_3605	YML123C or YJL198W or YCR037C
r_3606	YCR098C
r_3607	YCR098C
r_3608	
r_3609	
r_3610	
r_3611	
r_3612	
r_3613	
r_3614	
r_3615	
r_3616	
r_3617	
r_3618	
r_3619	
r_3620	
r_3621	
r_3622	
r_3623	
r_3624	
r_3625	
r_3626	
r_3627	
r_3628	
r_3629	
r_3630	
r_3631	
r_3632	
r_3633	
r_3634	
r_3635	
r_3636	
r_3637	
r_3638	
r_3639	
r_3640	
r_3641	
r_3642	
r_3643	
r_3644	
r_3645	
r_3646	
r_3647	
r_3648	
r_3649	YNR013C
r_3650	
r_3651	
r_3652	
r_3653	
r_3654	
r_3655	
r_3656	
r_3657	
r_3658	
r_3659	
r_3660	
r_3661	
r_3662	
r_3663	
r_3664	
r_3665	
r_3666	
r_3667	
r_3668	
r_3669	
r_3670	
r_3671	
r_3672	
r_3673	
r_3674	
r_3675	
r_3676	
r_3677	
r_3678	
r_3679	
r_3680	YHR002W
r_3681	
r_3682	
r_3683	
r_3684	
r_3685	
r_3686	
r_3687	
r_3688	
r_3689	
r_3690	
r_3691	
r_3692	
r_3693	
r_3694	
r_3695	
r_3696	
r_3697	
r_3698	
r_3699	
r_3700	
r_3701	
r_3702	
r_3703	
r_3704	
r_3705	
r_3706	
r_3707	
r_3708	
r_3709	
r_3710	
r_3711	
r_3712	
r_3713	
r_3714	
r_3715	
r_3716	
r_3717	
r_3718	
r_3719	
r_3720	
r_3721	
r_3722	
r_3723	
r_3724	
r_3725	
r_3726	
r_3727	
r_3728	
r_3729	
r_3730	
r_3731	
r_3732	
r_3733	
r_3734	
r_3735	
r_3736	
r_3737	
r_3738	
r_3739	
r_3740	
r_3741	
r_3742	
r_3743	
r_3744	
r_3745	
r_3746	
r_3747	
r_3748	
r_3749	
r_3750	
r_3751	
r_3752	
r_3753	
r_3754	
r_3755	
r_3756	
r_3757	
r_3758	
r_3759	
r_3760	
r_3761	
r_3762	
r_3763	
r_3764	
r_3765	
r_3766	
r_3767	
r_3768	
r_3769	
r_3770	
r_3771	
r_3772	
r_3773	
r_3774	
r_3775	
r_3776	
r_3777	
r_3778	
r_3779	
r_3780	
r_3781	
r_3782	
r_3783	
r_3784	
r_3785	
r_3786	
r_3787	
r_3788	
r_3789	
r_3790	
r_3791	
r_3792	
r_3793	
r_3794	
r_3795	
r_3796	
r_3797	
r_3798	
r_3799	
r_3800	
r_3801	
r_3802	
r_3803	
r_3804	
r_3805	
r_3806	
r_3807	
r_3808	
r_3809	
r_3810	
r_3811	
r_3812	
r_3813	YIL048W or YMR162C
r_3814	YIL048W or YMR162C
r_3815	YIL048W or YMR162C
r_3816	YIL048W or YMR162C
r_3817	YIL048W or YMR162C
r_3818	YIL048W or YMR162C
r_3819	YIL048W or YMR162C
r_3820	YIL048W or YMR162C
r_3821	YAL026C
r_3822	YAL026C
r_3823	YAL026C
r_3824	YAL026C
r_3825	YAL026C
r_3826	YAL026C
r_3827	YAL026C
r_3828	YAL026C
r_3829	
r_3830	
r_3831	
r_3832	
r_3833	
r_3834	
r_3835	
r_3836	
r_3837	
r_3838	
r_3839	
r_3840	
r_3841	
r_3842	
r_3843	
r_3844	
r_3845	
r_3846	
r_3847	
r_3848	
r_3849	
r_3850	
r_3851	
r_3852	
r_3853	
r_3854	
r_3855	
r_3856	
r_3857	
r_3858	
r_3859	
r_3860	
r_3861	
r_3862	
r_3863	
r_3864	
r_3865	
r_3866	
r_3867	
r_3868	
r_3869	
r_3870	
r_3871	
r_3872	
r_3873	
r_3874	
r_3875	
r_3876	
r_3877	
r_3878	
r_3879	
r_3880	
r_3881	
r_3882	
r_3883	
r_3884	
r_3885	YAL026C
r_3886	YAL026C
r_3887	YAL026C
r_3888	YAL026C
r_3889	YAL026C
r_3890	YAL026C
r_3891	YAL026C
r_3892	YAL026C
r_3893	YIL048W
r_3894	YIL048W
r_3895	YIL048W
r_3896	YIL048W
r_3897	YIL048W
r_3898	YIL048W
r_3899	YIL048W
r_3900	YIL048W
r_3901	
r_3902	
r_3903	
r_3904	
r_3905	
r_3906	
r_3907	
r_3908	
r_3909	
r_3910	
r_3911	
r_3912	
r_3913	
r_3914	
r_3915	
r_3916	
r_3917	
r_3918	
r_3919	
r_3920	
r_3921	
r_3922	
r_3923	
r_3924	
r_3925	
r_3926	
r_3927	
r_3928	
r_3929	
r_3930	
r_3931	
r_3932	
r_3933	
r_3934	
r_3935	
r_3936	
r_3937	
r_3938	
r_3939	
r_3940	
r_3941	
r_3942	
r_3943	
r_3944	
r_3945	
r_3946	
r_3947	
r_3948	
r_3949	
r_3950	
r_3951	
r_3952	
r_3953	
r_3954	
r_3955	
r_3956	
r_3957	
r_3958	
r_3959	YBR192W
r_3960	YBR192W
r_3961	YJR077C or YER053C or YLR348C
r_3962	
r_3973	
r_3987	
r_3996	
r_4005	
r_4038	
r_4040	
r_4043	
r_4044	
r_4041	
r_4046	
r_4047	
r_4048	
r_4049	
r_4050	
r_4051	
r_4052	
r_4053	
r_4054	
r_4055	
r_4056	
r_4057	
r_4058	
r_4059	
r_4060	
r_4061	
r_4062	
r_4063	
r_4064	
r_4065	
r_4066	
r_4067	
r_4068	
r_4069	
r_4070	
r_4071	
r_4072	
r_4073	
r_4074	
r_4075	
r_4076	
r_4077	
r_4078	
r_4079	
r_4080	
r_4081	
r_4082	
r_4083	
r_4084	
r_4085	
r_4086	
r_4087	
r_4088	
r_4089	
r_4090	
r_4091	
r_4092	
r_4093	
r_4094	
r_4095	
r_4096	
r_4097	
r_4098	
r_4099	
r_4100	
r_4101	
r_4102	
r_4103	
r_4104	
r_4105	
r_4106	
r_4107	
r_4108	
r_4109	
r_4110	
r_4111	
r_4112	
r_4113	
r_4114	
r_4115	
r_4116	
r_4117	
r_4118	
r_4119	
r_4120	
r_4121	
r_4122	
r_4123	
r_4124	
r_4125	
r_4126	
r_4127	
r_4128	
r_4129	
r_4130	
r_4131	
r_4132	
r_4133	
r_4134	
r_4135	
r_4136	
r_4137	
r_4138	
r_4139	
r_4140	
r_4141	
r_4142	
r_4143	
r_4144	
r_4145	
r_4146	
r_4147	
r_4148	
r_4149	
r_4150	
r_4151	
r_4152	YAL039C or YKL087C
r_4153	YAL061W
r_4154	YAL061W
r_4155	YBL080C
r_4156	YLR244C or YBL091C
r_4157	YMR087W or YBR022W
r_4158	YBR046C
r_4159	YBR070C and YGL047W
r_4160	YBR111C
r_4161	YBR147W or YDR352W
r_4162	YBR147W or YDR352W
r_4163	YBR147W or YDR352W
r_4164	YBR222C
r_4165	YBR229C
r_4166	YBR229C
r_4167	YBR235W
r_4168	YGL104C or YBR241C
r_4169	YGL104C or YBR241C
r_4170	YBR243C
r_4171	YBR281C and YNL191W
r_4172	YBR295W
r_4173	YCL017C
r_4174	YCR011C
r_4175	YNL331C or YOL165C or YDL243C or YPL088W or YJR155W or YCR107W
r_4176	YNL331C or YOL165C or YDL243C or YPL088W or YJR155W or YCR107W
r_4177	YNL331C or YOL165C or YDL243C or YPL088W or YJR155W or YCR107W
r_4178	YNL331C or YOL165C or YDL243C or YPL088W or YJR155W or YCR107W
r_4179	YNL331C or YOL165C or YDL243C or YPL088W or YJR155W or YCR107W
r_4180	YNL331C or YOL165C or YDL243C or YPL088W or YJR155W or YCR107W
r_4181	YEL031W
r_4183	YEL070W or YNR073C
r_4184	YER010C
r_4185	YER010C
r_4186	YER042W
r_4187	YER087W
r_4188	YER163C
r_4189	YHL018W
r_4190	YHR008C
r_4191	YHR044C and YHR043C
r_4192	YHR109W
r_4193	YDR440W or YJL168C or YHR119W
r_4194	YIL023C
r_4195	YMR243C or YOR316C
r_4196	YIL043C or YML125C
r_4197	YKL150W or YIL043C or YML125C
r_4198	YIR036C
r_4199	YIR038C
r_4200	YKR076W or YMR251W
r_4201	YLL060C
r_4202	YKL069W
r_4203	YKL103C
r_4204	YKL103C
r_4205	YKL215C
r_4206	YKL218C
r_4207	YGR154C
r_4208	YKR076W
r_4209	YGR154C
r_4210	YNL335W or YFL061W
r_4211	YFL060C or YNL334C
r_4212	YFL059W or YNL333W
r_4214	YFR044C
r_4215	YFR044C
r_4216	YDL024C
r_4217	YDL120W
r_4218	YDL219W
r_4219	YDL219W
r_4220	YDL236W
r_4221	YDL246C
r_4222	YDR009W
r_4223	YDR036C
r_4224	YDR039C or YDR038C or YDR040C
r_4225	YDR051C or YOL075C
r_4226	YDR111C
r_4227	YDR242W
r_4228	YDR242W
r_4229	YDR242W
r_4230	YDR242W
r_4231	YDR242W
r_4232	YDR248C
r_4233	YDR410C
r_4234	YNL038W and YGR216C and YPL175W and YPL076W and YPL096C-A and YDR437W
r_4235	YDR516C
r_4236	YOR391C or YMR322C or YPL280W or YDR533C
r_4237	YGL006W
r_4238	YGL167C
r_4239	YGL017W
r_4240	YGL022W
r_4241	YGL027C
r_4242	YGL038C
r_4243	YGL065C
r_4244	YGL065C
r_4245	YGL156W
r_4246	YGL156W
r_4247	YGL169W
r_4248	YGL196W
r_4249	YGR012W
r_4250	YGR036C
r_4251	YGR046W
r_4252	YGR144W
r_4253	YGR227W
r_4254	YGR234W
r_4255	YGR234W
r_4256	YJL046W
r_4258	YJL046W
r_4260	YJL126W
r_4261	YJL126W
r_4262	YJL200C
r_4263	YJR040W
r_4264	YJR051W
r_4265	YJR069C
r_4266	YJR069C
r_4267	YJR069C
r_4268	YJR069C
r_4269	YJR069C
r_4270	YJR104C
r_4271	YLR057W or YJR131W
r_4272	YLR057W or YJR131W
r_4273	YJR149W
r_4274	YLL058W or YML082W
r_4275	YNR060W or YOR381W or YOL152W or YLR214W or YOR384W or YKL220C or YLR047C
r_4276	YLL051C
r_4277	YPR139C or YLR099C
r_4278	YLR143W
r_4279	YLR151C
r_4280	YLR239C
r_4281	YLR239C
r_4282	YLR345W
r_4283	YLR446W
r_4284	YLR446W
r_4285	YLR446W
r_4286	YLR446W
r_4287	YLR446W
r_4288	YMR099C
r_4291	YMR110C
r_4292	YMR110C
r_4293	YMR110C
r_4294	YMR110C
r_4295	YMR110C
r_4296	YMR110C
r_4297	YMR110C
r_4298	YMR110C
r_4299	YMR110C
r_4300	YMR110C
r_4301	YMR110C
r_4302	YMR110C
r_4303	YMR110C
r_4304	YMR110C
r_4305	YMR110C
r_4306	YMR110C
r_4307	YMR110C
r_4308	YMR162C
r_4309	YMR210W
r_4310	YNL048W
r_4311	YNL048W
r_4312	YNL092W
r_4313	YNL219C
r_4314	YNL219C
r_4315	YNL274C
r_4316	YNR030W
r_4317	YOL157C
r_4318	YOL157C
r_4319	YOL157C
r_4320	YOR002W
r_4321	YOR067C
r_4322	YOR149C
r_4323	YOR196C
r_4324	YOR196C
r_4325	YPL135W or YOR226C
r_4326	YOR251C or YOR286W or YOR285W
r_4327	YOR334W and YPL060W
r_4328	YPL227C
r_4329	YPR003C
r_4330	YPR127W
r_4331	YDR371W or YLR286C
r_4332	YOR161C
r_4333	YHR201C or YDR452W
r_4334	YDR270W
r_4335	YDR452W
r_4336	YLR351C
r_4337	YMR301C
r_4338	YOL157C
r_4339	YEL004W
r_4340	YEL066W
r_4341	
r_4342	
r_4343	
r_4344	
r_4345	
r_4346	
r_4347	
r_4348	
r_4349	
r_4350	
r_4351	
r_4352	
r_4353	
r_4354	
r_4355	
r_4356	
r_4357	
r_4358	
r_4359	
r_4360	
r_4361	YJR152W or YKR093W
r_4362	
r_4363	
r_4364	
r_4365	
r_4366	
r_4367	
r_4368	
r_4369	
r_4370	
r_4371	
r_4372	
r_4373	
r_4374	
r_4375	
r_4376	
r_4377	
r_4378	
r_4379	
r_4380	
r_4381	
r_4382	
r_4383	
r_4384	
r_4385	
r_4386	
r_4387	YJR152W or YKR093W
r_4388	
r_4389	
r_4390	
r_4391	
r_4392	
r_4393	
r_4394	
r_4395	(YDR342C and YDR343C) or YOL156W or YEL069C or YJL219W or YHR094C or YJR158W or YHR092C or YHR096C or YNR072W or YFL011W or YDR345C or YJL214W or YDL245C or YMR011W
r_4396	
r_4397	
r_4398	YJR152W or YKR093W
r_4399	
r_4400	
r_4401	
r_4402	YJR152W or YKR093W
r_4403	YHR201C or YDR452W
r_4404	YJR152W or YKR093W
r_4405	
r_4406	
r_4407	
r_4408	YJR152W or YKR093W
r_4409	
r_4410	
r_4411	
r_4412	
r_4413	
r_4414	
r_4415	
r_4416	
r_4417	
r_4418	
r_4419	
r_4420	
r_4421	
r_4422	
r_4423	
r_4424	YJR152W or YKR093W
r_4425	
r_4426	
r_4427	
r_4428	
r_4429	YJR152W or YKR093W
r_4430	
r_4431	
r_4432	
r_4433	
r_4434	
r_4435	YER062C and YIL053W
r_4436	
r_4437	YJR152W or YKR093W
r_4438	
r_4439	
r_4440	
r_4441	
r_4442	
r_4443	
r_4444	
r_4445	
r_4446	
r_4447	
r_4448	YJR152W or YKR093W
r_4449	
r_4450	
r_4451	
r_4452	
r_4453	
r_4454	
r_4455	
r_4456	
r_4457	YDR093W
r_4458	
r_4459	
r_4460	
r_4461	
r_4462	
r_4463	
r_4464	
r_4465	
r_4466	
r_4467	
r_4468	YHR092C or YDR342C
r_4469	YKR039W
r_4470	
r_4471	YJR152W or YKR093W
r_4472	
r_4473	YJR152W or YKR093W
r_4474	
r_4475	
r_4476	
r_4477	
r_4478	
r_4479	
r_4480	
r_4481	
r_4482	
r_4483	
r_4484	YLL058W or YML082W or YJR130C
r_4485	
r_4486	
r_4487	
r_4488	
r_4489	
r_4490	
r_4491	
r_4492	
r_4493	YNL065W
r_4494	
r_4495	
r_4496	
r_4497	
r_4498	
r_4499	
r_4500	
r_4501	
r_4502	
r_4503	
r_4504	
r_4505	
r_4506	
r_4507	
r_4508	
r_4509	
r_4510	
r_4511	
r_4512	
r_4513	
r_4514	
r_4515	
r_4516	
r_4517	
r_4518	
r_4519	
r_4520	
r_4521	
r_4522	
r_4523	
r_4524	
r_4525	
r_4526	
r_4527	
r_4528	
r_4529	
r_4530	
r_4531	
r_4532	
r_4533	
r_4534	
r_4535	
r_4536	
r_4537	
r_4538	
r_4539	
r_4540	
r_4541	
r_4542	
r_4543	
r_4544	
r_4545	
r_4546	
r_4547	
r_4548	
r_4549	
r_4550	
r_4551	
r_4552	
r_4553	
r_4554	
r_4555	
r_4556	
r_4557	
r_4558	
r_4559	
r_4560	
r_4561	
r_4562	
r_4563	
r_4564	
r_4565	
r_4566	
r_4567	
r_4568	
r_4569	
r_4570	
r_4571	
r_4572	
r_4573	
r_4574	
r_4575	
r_4576	
r_4577	
r_4578	
r_4579	
r_4580	
r_4581	
r_4582	
r_4583	
r_4584	
r_4585	
r_4586	
r_4587	YOL122C
r_4588	YNL275W
r_4589	YOL122C
r_4590	YGR191W
r_4591	YLR130C or YGL255W
r_4592	YGR191W or YOL130W
r_4593	
r_4594	
r_4595	
r_4596	
r_4597	
r_4598	
r_4599	
r_4600	
r_4601	
r_4602	
r_4603	
r_4604	
r_4605	
r_4606	
r_4607	
r_4608	
r_4609	
r_4610	
r_4611	
r_4612	
r_4613	
r_4614	
r_4615	
r_4616	
r_4617	
r_4618	
r_4619	
r_4620	
r_4621	
r_4622	
r_4623	
r_4624	
r_4625	
r_4626	
r_4627	
r_4628	
